PhraseId,Sentiment
156061,3
156063,2
156064,3
156065,3
156066,3
156068,2
156069,3
156071,2
156072,2
156073,2
156074,2
156076,3
156077,3
156078,3
156080,2
156083,3
156084,2
156089,3
156092,3
156093,2
156094,3
156097,2
156098,2
156099,2
156100,2
156103,2
156105,2
156106,2
156108,2
156111,2
156114,2
156115,2
156117,2
156118,2
156119,2
156120,2
156121,2
156122,2
156123,2
156124,2
156125,2
156126,2
156128,2
156131,2
156132,2
156133,2
156134,2
156135,2
156136,2
156139,2
156141,2
156142,2
156143,2
156145,2
156146,2
156147,2
156150,2
156151,2
156152,2
156153,2
156154,1
156155,2
156156,2
156157,2
156160,2
156161,2
156166,1
156169,2
156171,1
156173,2
156174,3
156176,3
156177,2
156178,1
156182,2
156183,1
156184,1
156185,2
156186,2
156191,2
156192,2
156194,2
156198,2
156199,2
156201,2
156206,3
156207,2
156208,2
156209,2
156211,2
156216,2
156217,2
156218,2
156219,3
156220,2
156221,3
156223,2
156230,2
156231,2
156236,3
156237,2
156238,3
156239,2
156240,3
156241,2
156243,3
156245,3
156246,3
156247,3
156249,3
156250,2
156252,2
156255,2
156256,1
156258,2
156259,3
156260,2
156262,2
156263,2
156265,2
156266,2
156267,2
156268,2
156269,2
156270,2
156271,2
156272,4
156273,2
156274,4
156276,4
156278,2
156281,4
156284,2
156286,2
156287,3
156289,4
156290,2
156291,2
156294,2
156295,2
156296,2
156299,2
156300,2
156302,2
156304,2
156306,2
156307,2
156315,2
156316,2
156320,2
156321,2
156322,2
156323,2
156324,1
156325,1
156326,1
156327,1
156328,3
156330,2
156333,2
156334,2
156337,2
156339,2
156340,2
156341,2
156344,2
156345,2
156346,2
156347,2
156349,2
156350,2
156351,2
156354,2
156355,2
156356,2
156358,2
156359,2
156360,3
156361,2
156362,1
156363,2
156364,1
156366,2
156367,1
156368,3
156369,3
156371,3
156375,3
156376,2
156377,3
156379,2
156380,1
156381,1
156382,2
156384,1
156386,2
156387,2
156389,2
156390,2
156391,2
156392,2
156393,2
156394,2
156395,2
156396,1
156397,2
156398,1
156401,2
156403,1
156405,3
156407,3
156408,3
156409,2
156410,3
156412,3
156413,2
156415,2
156416,2
156417,3
156418,3
156419,3
156420,2
156421,2
156422,2
156424,2
156426,2
156427,2
156428,2
156431,1
156432,1
156434,2
156436,2
156437,2
156438,2
156440,2
156441,2
156442,2
156444,2
156445,2
156446,1
156449,2
156451,1
156453,2
156454,1
156457,2
156459,2
156460,2
156463,2
156464,2
156465,2
156466,1
156468,1
156470,2
156471,2
156473,2
156474,2
156475,2
156476,2
156477,2
156479,2
156480,2
156481,2
156482,2
156483,2
156484,2
156486,2
156487,2
156488,2
156489,2
156490,2
156491,2
156492,2
156493,2
156495,2
156497,2
156498,2
156501,2
156502,2
156503,2
156505,2
156509,2
156510,2
156512,2
156517,2
156518,2
156519,2
156520,2
156522,2
156523,2
156524,2
156525,2
156526,2
156530,2
156531,2
156534,2
156535,2
156537,2
156538,2
156539,2
156542,2
156543,2
156544,2
156546,2
156547,2
156548,3
156549,2
156550,2
156553,2
156554,2
156555,2
156557,2
156560,2
156562,2
156565,2
156566,2
156567,1
156568,1
156570,2
156571,1
156574,2
156575,1
156577,2
156578,1
156580,2
156582,2
156583,1
156587,2
156588,1
156590,3
156592,2
156593,3
156595,2
156596,3
156597,3
156598,2
156599,2
156600,2
156602,2
156603,3
156607,2
156608,3
156609,3
156611,2
156612,2
156614,2
156615,2
156617,2
156619,2
156621,2
156623,2
156624,2
156625,2
156626,2
156627,2
156628,2
156630,2
156636,2
156637,2
156638,2
156639,2
156640,1
156641,2
156642,2
156643,2
156645,2
156646,2
156648,2
156649,2
156650,1
156657,2
156658,2
156659,2
156660,2
156661,2
156666,1
156669,2
156671,2
156673,1
156675,2
156676,1
156677,2
156683,2
156684,2
156686,1
156688,1
156689,1
156691,1
156692,2
156693,2
156695,2
156696,2
156697,2
156701,2
156707,2
156708,2
156711,2
156712,2
156717,2
156720,2
156721,2
156723,2
156724,2
156725,2
156726,2
156729,2
156731,2
156733,2
156734,2
156736,2
156737,2
156739,2
156740,2
156741,2
156742,2
156743,2
156746,2
156747,2
156749,2
156750,2
156751,2
156753,2
156754,4
156755,2
156758,2
156761,2
156762,2
156764,3
156766,2
156767,2
156768,2
156770,2
156771,2
156772,2
156773,2
156775,2
156777,2
156778,3
156779,2
156780,3
156784,1
156785,3
156786,2
156788,3
156789,3
156791,2
156792,2
156793,2
156794,2
156795,2
156796,2
156797,2
156798,3
156799,2
156801,2
156803,2
156806,2
156808,2
156809,2
156810,2
156811,2
156812,3
156813,2
156814,2
156815,2
156816,2
156817,2
156818,2
156819,2
156821,2
156823,2
156825,2
156826,2
156828,2
156829,2
156830,3
156832,3
156834,3
156836,3
156837,3
156839,3
156840,2
156841,3
156843,3
156844,1
156845,1
156846,1
156847,2
156848,3
156849,3
156850,2
156853,2
156854,2
156856,2
156858,1
156859,1
156860,1
156862,1
156863,2
156864,2
156867,2
156868,3
156869,1
156871,1
156872,4
156873,4
156875,2
156876,1
156878,1
156880,2
156882,2
156884,2
156885,2
156886,2
156888,2
156889,2
156891,2
156892,2
156893,2
156894,2
156895,2
156896,2
156897,2
156898,2
156899,2
156900,3
156901,3
156903,2
156904,3
156905,3
156907,2
156908,2
156911,2
156913,1
156914,2
156915,3
156919,2
156920,2
156922,2
156923,2
156925,2
156927,2
156928,2
156931,2
156932,2
156935,2
156936,2
156937,2
156938,2
156939,2
156940,2
156941,3
156942,2
156943,2
156944,2
156946,2
156949,3
156951,2
156952,2
156953,2
156954,4
156955,2
156959,2
156961,2
156962,2
156963,2
156964,2
156966,2
156967,2
156969,2
156970,2
156971,2
156975,2
156976,2
156978,2
156979,2
156982,2
156983,2
156984,2
156986,2
156987,2
156989,2
156990,2
156993,2
156994,2
156995,2
156997,2
156998,2
156999,2
157001,2
157003,2
157004,2
157005,2
157006,2
157007,2
157008,2
157009,2
157010,2
157011,1
157012,2
157013,2
157014,2
157016,1
157018,2
157019,2
157021,2
157022,1
157024,2
157029,1
157030,2
157031,1
157035,1
157036,2
157038,1
157039,3
157041,1
157043,2
157044,1
157045,3
157046,3
157048,2
157051,2
157054,2
157057,2
157058,2
157061,2
157062,2
157064,2
157065,4
157066,2
157067,4
157069,4
157070,2
157071,2
157074,2
157076,0
157077,2
157078,2
157079,0
157081,0
157082,0
157083,2
157084,2
157085,2
157086,2
157087,2
157089,2
157090,2
157091,2
157092,2
157093,2
157094,2
157096,3
157098,2
157101,2
157104,3
157105,3
157106,3
157107,3
157109,3
157112,3
157113,2
157114,3
157115,3
157116,2
157117,2
157118,2
157119,2
157120,3
157121,3
157122,3
157123,2
157125,3
157126,2
157127,3
157128,2
157129,3
157130,2
157131,2
157132,2
157133,1
157134,1
157137,2
157138,1
157139,2
157141,2
157144,2
157145,2
157147,2
157149,2
157151,2
157155,2
157156,2
157159,2
157160,2
157161,2
157162,2
157163,2
157165,3
157166,3
157167,2
157168,2
157170,3
157173,2
157175,2
157176,2
157177,3
157179,2
157181,2
157182,2
157183,3
157184,2
157185,3
157186,2
157188,3
157191,2
157193,2
157194,2
157195,2
157196,2
157198,2
157199,2
157200,2
157201,2
157202,2
157203,3
157204,2
157206,2
157207,3
157209,2
157210,2
157211,2
157213,2
157214,2
157215,2
157216,3
157217,2
157219,2
157222,0
157224,1
157225,2
157226,2
157228,2
157230,2
157231,2
157232,2
157233,2
157234,2
157235,2
157236,2
157237,2
157238,2
157239,2
157241,2
157242,2
157244,2
157251,2
157252,2
157253,2
157257,1
157258,2
157259,2
157261,2
157262,2
157264,1
157266,2
157267,1
157269,2
157271,2
157272,2
157277,1
157281,2
157283,1
157285,1
157286,2
157288,2
157290,3
157291,3
157292,3
157293,2
157297,4
157300,4
157301,2
157304,2
157305,1
157306,2
157307,3
157309,2
157312,3
157313,3
157314,2
157315,2
157317,2
157322,2
157326,2
157327,2
157329,2
157330,2
157332,2
157333,2
157334,1
157335,2
157336,2
157338,2
157339,2
157340,2
157341,2
157342,2
157343,2
157345,2
157349,2
157350,3
157352,3
157353,2
157354,2
157356,1
157359,2
157361,2
157363,2
157364,2
157366,2
157367,2
157368,2
157370,2
157373,2
157374,2
157376,2
157378,2
157379,1
157380,2
157381,1
157382,3
157383,2
157384,2
157385,2
157387,2
157388,2
157389,2
157390,2
157391,2
157393,2
157395,2
157396,2
157398,2
157399,2
157400,2
157401,2
157403,2
157405,2
157407,2
157408,2
157410,2
157411,2
157412,2
157415,3
157417,3
157418,2
157420,2
157421,2
157422,3
157423,2
157424,3
157425,2
157427,2
157428,2
157432,3
157433,2
157434,2
157435,2
157439,2
157440,3
157442,3
157445,3
157446,2
157448,2
157450,2
157452,2
157454,2
157455,2
157457,2
157459,2
157460,1
157462,1
157466,1
157470,3
157471,2
157472,3
157475,3
157477,2
157478,3
157480,3
157481,2
157482,2
157483,2
157484,2
157486,3
157488,2
157489,2
157490,2
157491,2
157492,2
157494,3
157496,3
157497,3
157498,2
157499,3
157500,2
157502,3
157504,2
157505,3
157506,3
157508,2
157509,3
157510,2
157511,2
157512,2
157513,2
157514,2
157516,3
157519,2
157520,3
157524,2
157526,3
157527,2
157528,2
157530,2
157531,2
157532,2
157533,2
157534,2
157535,2
157536,2
157541,2
157543,2
157546,2
157547,2
157548,2
157549,2
157550,2
157556,2
157562,2
157563,2
157564,2
157566,2
157567,2
157568,2
157570,2
157571,2
157572,2
157573,2
157574,2
157577,2
157578,2
157579,2
157580,2
157582,2
157584,2
157586,2
157587,2
157589,2
157591,1
157592,1
157594,1
157595,2
157596,2
157598,2
157599,2
157602,1
157603,1
157604,2
157609,2
157610,2
157613,2
157614,1
157620,2
157621,2
157622,2
157623,1
157624,1
157625,2
157626,2
157627,2
157628,2
157630,2
157631,1
157632,2
157634,1
157637,2
157638,1
157640,1
157641,1
157642,1
157643,2
157644,1
157645,1
157646,1
157647,1
157649,1
157651,2
157652,1
157653,2
157654,2
157655,2
157656,1
157657,2
157658,2
157660,2
157663,2
157664,2
157666,3
157667,2
157668,2
157669,2
157671,3
157672,2
157673,2
157674,2
157675,4
157682,3
157683,3
157685,2
157688,2
157689,2
157690,2
157691,2
157692,2
157693,2
157695,2
157696,2
157698,2
157700,2
157702,2
157703,2
157704,2
157705,2
157706,2
157708,2
157710,2
157712,2
157713,2
157716,3
157717,3
157719,2
157720,3
157722,2
157725,2
157726,2
157727,3
157729,3
157730,2
157731,2
157735,2
157737,2
157738,2
157739,2
157741,2
157742,4
157743,4
157745,2
157746,4
157748,3
157749,2
157750,2
157755,3
157756,2
157757,2
157759,2
157760,2
157761,2
157762,2
157763,2
157765,3
157767,3
157769,3
157772,3
157773,2
157774,2
157778,3
157781,4
157782,4
157785,4
157786,2
157787,2
157788,2
157789,2
157790,2
157792,2
157793,2
157794,2
157795,2
157796,2
157797,2
157798,2
157799,2
157802,2
157803,2
157804,2
157805,2
157806,3
157807,3
157808,2
157809,2
157810,3
157811,2
157812,3
157813,3
157817,2
157818,3
157820,3
157821,2
157822,2
157823,2
157824,2
157825,2
157826,2
157827,2
157831,2
157833,2
157834,2
157835,2
157837,2
157838,2
157841,3
157842,2
157843,3
157844,2
157845,2
157848,2
157849,3
157855,3
157858,2
157859,2
157860,2
157861,2
157863,2
157865,2
157866,2
157867,3
157873,3
157874,3
157876,2
157879,3
157880,2
157881,1
157883,2
157884,1
157885,1
157887,1
157890,2
157891,2
157893,3
157895,3
157896,3
157899,3
157901,3
157904,3
157905,2
157906,3
157907,3
157908,3
157909,3
157910,2
157911,2
157914,2
157915,2
157917,3
157921,3
157922,2
157923,2
157924,2
157925,2
157927,3
157930,2
157931,3
157932,2
157934,2
157935,1
157936,1
157939,2
157941,1
157943,3
157946,2
157948,2
157950,2
157952,2
157954,3
157955,2
157958,3
157960,3
157964,2
157965,2
157967,2
157970,1
157971,1
157974,3
157975,3
157976,3
157978,2
157982,2
157983,2
157984,2
157986,2
157988,2
157990,2
157991,2
157992,2
157993,2
157995,2
157996,2
157997,2
158000,2
158002,2
158005,2
158006,2
158007,2
158009,2
158011,2
158013,2
158014,2
158016,2
158018,2
158020,2
158021,2
158023,2
158025,2
158026,2
158028,2
158031,2
158032,2
158034,2
158035,2
158036,2
158037,2
158038,2
158040,2
158041,2
158042,2
158043,2
158045,2
158046,2
158049,2
158052,2
158054,2
158055,2
158058,2
158060,3
158062,3
158069,2
158072,2
158075,2
158076,3
158081,2
158082,3
158083,2
158085,2
158086,2
158087,3
158089,3
158091,2
158094,4
158096,2
158099,3
158100,2
158101,3
158104,3
158105,2
158106,2
158107,2
158108,3
158109,2
158110,2
158111,2
158112,2
158113,2
158114,2
158115,2
158117,2
158119,2
158120,2
158122,2
158123,2
158126,2
158127,2
158128,2
158129,4
158130,4
158133,4
158135,4
158137,4
158138,2
158140,2
158142,2
158143,2
158145,2
158150,4
158153,2
158154,2
158155,2
158156,2
158160,1
158161,2
158162,1
158164,2
158165,2
158168,2
158170,2
158171,2
158172,2
158175,2
158176,2
158177,2
158180,2
158182,2
158183,2
158185,2
158186,1
158188,3
158189,1
158190,2
158193,3
158195,3
158197,3
158198,3
158199,3
158201,3
158204,3
158205,3
158206,3
158207,3
158210,3
158214,3
158215,2
158216,2
158217,2
158220,3
158221,2
158222,3
158224,3
158226,1
158227,2
158228,1
158230,3
158233,2
158234,1
158235,2
158236,1
158238,2
158239,1
158241,2
158242,1
158244,2
158245,1
158247,1
158248,2
158249,1
158250,1
158251,1
158252,2
158254,2
158255,2
158257,2
158261,3
158263,3
158266,2
158267,2
158269,0
158270,2
158271,2
158272,2
158273,0
158275,0
158277,1
158278,0
158279,2
158280,1
158281,1
158282,2
158283,1
158285,0
158286,2
158288,2
158289,2
158291,1
158294,1
158296,1
158297,1
158299,1
158300,2
158301,1
158303,1
158305,1
158306,2
158307,0
158308,3
158309,1
158310,2
158311,2
158313,0
158314,2
158317,2
158318,2
158319,3
158320,2
158321,2
158322,2
158323,2
158327,2
158330,2
158331,2
158332,2
158335,2
158336,2
158338,3
158339,3
158341,2
158343,2
158344,2
158345,2
158348,2
158349,3
158352,2
158354,2
158359,1
158360,2
158361,2
158363,2
158364,2
158365,2
158366,2
158368,2
158371,1
158372,1
158374,1
158375,2
158378,1
158381,1
158382,0
158384,0
158386,2
158387,3
158388,2
158389,2
158390,2
158391,2
158393,2
158394,2
158395,2
158397,2
158399,2
158401,2
158403,2
158404,2
158405,2
158406,2
158407,2
158409,3
158411,3
158412,3
158414,3
158415,2
158416,2
158418,2
158419,2
158420,2
158422,2
158425,2
158426,2
158427,3
158428,2
158429,3
158431,3
158432,3
158433,2
158434,3
158436,2
158438,3
158439,2
158440,2
158441,2
158442,3
158443,2
158446,2
158447,2
158448,2
158449,2
158451,2
158454,2
158455,2
158457,1
158458,1
158459,1
158462,2
158464,2
158467,2
158468,1
158469,1
158470,2
158471,2
158473,2
158474,2
158475,2
158478,2
158479,1
158481,2
158484,1
158486,1
158489,2
158492,2
158493,2
158494,3
158497,2
158498,2
158499,3
158500,2
158501,3
158502,3
158503,2
158504,2
158506,2
158507,2
158509,2
158511,2
158514,2
158515,2
158516,2
158517,2
158518,2
158519,2
158521,2
158522,2
158525,2
158527,2
158528,2
158529,2
158531,2
158532,2
158533,2
158534,2
158535,2
158536,2
158537,2
158538,2
158540,2
158542,2
158543,2
158544,2
158546,2
158549,2
158551,2
158552,2
158553,2
158554,3
158555,3
158556,3
158558,3
158559,2
158561,2
158562,2
158563,2
158567,2
158568,2
158570,2
158571,2
158572,3
158574,2
158575,2
158577,3
158578,2
158580,2
158581,2
158582,2
158584,2
158585,2
158586,2
158587,2
158589,4
158590,2
158591,3
158593,3
158595,2
158597,3
158598,3
158599,4
158601,4
158602,2
158604,2
158606,2
158609,2
158611,2
158614,2
158616,2
158618,2
158619,2
158620,2
158621,2
158622,2
158623,2
158624,2
158626,2
158627,2
158629,2
158630,3
158631,4
158632,4
158634,2
158635,4
158636,2
158637,4
158643,3
158644,2
158645,2
158648,2
158650,2
158651,2
158653,1
158655,2
158656,2
158657,2
158658,2
158660,2
158661,2
158662,2
158664,2
158671,1
158673,2
158675,2
158676,2
158678,2
158679,2
158680,2
158681,2
158682,2
158685,2
158686,2
158688,3
158690,3
158691,3
158692,3
158694,2
158695,1
158696,1
158697,1
158698,1
158700,1
158701,2
158702,2
158704,2
158705,2
158706,2
158707,2
158712,2
158714,2
158715,2
158716,2
158719,2
158720,2
158721,2
158723,2
158725,2
158726,2
158727,2
158730,2
158731,2
158732,1
158733,1
158734,1
158736,1
158737,2
158738,1
158741,2
158745,2
158747,2
158748,2
158749,2
158750,2
158751,2
158752,2
158753,3
158754,3
158755,3
158756,3
158757,3
158760,3
158761,4
158762,4
158764,3
158765,2
158767,2
158769,2
158770,2
158776,2
158777,2
158782,3
158784,3
158785,3
158786,3
158787,2
158788,2
158790,2
158791,2
158793,2
158794,1
158795,1
158796,2
158797,1
158798,1
158800,1
158801,2
158803,2
158806,2
158807,2
158808,2
158810,3
158812,1
158815,1
158816,1
158819,2
158821,3
158823,3
158825,3
158826,3
158829,3
158831,2
158832,3
158834,2
158835,3
158836,2
158837,2
158839,4
158843,3
158844,2
158845,2
158846,2
158849,2
158850,3
158853,3
158854,2
158857,3
158859,2
158861,2
158862,2
158863,3
158867,2
158869,2
158871,2
158872,2
158874,2
158876,2
158877,2
158878,2
158879,2
158882,2
158884,2
158885,2
158887,2
158888,3
158889,3
158892,2
158893,2
158895,2
158897,2
158900,2
158902,2
158903,2
158904,2
158905,2
158906,4
158909,2
158910,4
158911,4
158912,2
158914,4
158916,3
158917,2
158918,2
158919,2
158920,2
158923,3
158925,3
158927,3
158929,2
158930,3
158931,3
158933,2
158934,3
158935,2
158938,3
158939,2
158940,3
158942,2
158944,3
158946,2
158947,3
158948,2
158953,2
158959,2
158962,2
158963,2
158964,2
158965,2
158968,1
158969,1
158970,1
158971,1
158972,2
158973,2
158974,2
158975,3
158978,3
158980,3
158984,3
158985,3
158986,1
158987,1
158988,3
158991,2
158992,3
158994,3
158997,3
158998,2
158999,2
159000,3
159001,2
159002,4
159003,2
159009,2
159010,2
159011,3
159012,2
159016,2
159018,2
159020,2
159021,3
159022,3
159023,2
159024,2
159026,2
159027,2
159028,2
159030,2
159032,2
159034,2
159035,2
159036,2
159038,2
159041,3
159042,2
159043,2
159044,2
159046,2
159047,2
159049,1
159052,3
159054,3
159056,2
159058,2
159060,2
159061,2
159062,2
159063,2
159065,2
159066,2
159068,2
159069,2
159070,2
159071,2
159072,2
159073,2
159074,2
159075,2
159078,2
159079,2
159080,2
159081,2
159083,2
159084,2
159085,2
159087,2
159090,2
159096,2
159097,2
159098,3
159100,3
159101,3
159102,3
159103,2
159104,2
159106,2
159108,2
159109,2
159110,2
159111,2
159112,2
159113,2
159114,2
159115,2
159116,2
159118,2
159119,2
159120,4
159122,2
159124,4
159125,4
159126,2
159129,1
159131,1
159133,2
159135,2
159137,2
159141,2
159142,2
159143,2
159145,2
159146,2
159149,2
159151,2
159152,2
159153,1
159154,2
159155,2
159156,1
159159,2
159160,2
159162,2
159164,2
159165,1
159166,3
159167,1
159168,2
159170,2
159172,2
159173,2
159174,2
159175,2
159176,2
159177,2
159178,2
159179,2
159180,2
159181,3
159182,2
159183,2
159185,3
159186,2
159187,2
159188,2
159189,3
159190,2
159191,2
159192,2
159193,3
159196,3
159203,3
159209,3
159210,3
159211,2
159213,3
159214,3
159216,2
159217,2
159218,2
159220,3
159222,3
159223,3
159224,3
159226,2
159228,3
159229,3
159230,2
159231,3
159233,3
159236,2
159237,3
159238,3
159239,2
159240,4
159241,3
159243,2
159248,2
159249,4
159250,4
159251,2
159252,4
159253,4
159256,3
159258,2
159259,3
159260,4
159261,4
159262,2
159263,2
159264,2
159266,2
159268,2
159269,1
159270,1
159272,1
159274,2
159275,1
159277,2
159280,2
159281,1
159282,1
159284,1
159285,2
159287,1
159288,2
159290,2
159292,2
159293,1
159295,2
159297,1
159298,2
159300,2
159301,2
159303,2
159304,2
159306,2
159308,2
159309,2
159310,2
159311,2
159313,2
159314,2
159315,2
159316,2
159317,2
159318,2
159319,2
159321,2
159323,2
159324,3
159325,1
159328,1
159329,1
159330,2
159331,1
159332,2
159333,2
159334,3
159335,3
159336,3
159337,2
159339,3
159341,3
159343,3
159344,2
159345,3
159348,4
159349,3
159350,3
159351,2
159354,2
159355,2
159357,1
159358,2
159359,1
159364,2
159365,1
159366,2
159369,2
159370,1
159371,2
159374,1
159378,2
159380,1
159383,2
159384,2
159387,2
159388,2
159389,2
159390,2
159392,2
159393,2
159394,2
159395,1
159397,2
159399,2
159400,2
159401,2
159402,2
159403,2
159404,2
159406,2
159407,2
159408,2
159409,2
159410,2
159411,2
159412,2
159413,2
159414,1
159419,3
159420,1
159422,2
159423,2
159425,2
159426,1
159427,1
159428,2
159429,2
159430,2
159431,1
159432,2
159433,1
159434,2
159436,1
159438,2
159440,1
159443,1
159444,1
159445,3
159447,2
159448,3
159451,2
159458,3
159460,2
159461,3
159463,3
159465,2
159466,2
159467,2
159468,2
159469,2
159470,3
159472,2
159474,3
159476,2
159478,3
159481,3
159483,3
159485,3
159486,2
159488,2
159491,2
159492,2
159493,2
159494,2
159495,2
159496,2
159497,2
159498,2
159499,2
159502,2
159506,2
159507,2
159508,2
159509,3
159511,3
159512,2
159514,3
159516,3
159519,2
159521,2
159522,2
159524,2
159526,2
159528,2
159529,2
159530,2
159532,2
159535,2
159537,2
159538,2
159539,1
159540,1
159542,2
159543,1
159544,2
159548,1
159549,2
159551,2
159552,1
159554,2
159555,2
159556,2
159557,2
159558,2
159559,2
159560,2
159562,2
159565,2
159566,2
159567,2
159568,2
159569,2
159570,4
159571,4
159572,3
159574,4
159575,4
159577,3
159579,3
159580,2
159581,4
159582,4
159583,2
159584,2
159585,3
159587,3
159589,3
159590,3
159592,2
159594,2
159595,2
159596,2
159597,2
159598,2
159599,2
159600,2
159601,2
159602,2
159604,2
159605,2
159606,2
159609,2
159610,2
159611,3
159612,3
159613,3
159615,3
159617,3
159619,2
159620,3
159621,3
159622,3
159625,3
159626,2
159627,2
159629,2
159631,2
159632,3
159633,2
159634,1
159637,1
159638,1
159639,1
159642,1
159643,3
159646,3
159647,3
159649,2
159651,3
159652,2
159654,3
159655,3
159657,2
159658,2
159659,0
159660,0
159663,2
159664,0
159666,2
159667,1
159669,2
159671,2
159673,2
159674,2
159676,1
159677,2
159679,3
159680,1
159682,2
159683,1
159685,2
159686,1
159688,2
159689,1
159690,1
159691,2
159693,1
159694,2
159695,2
159696,2
159697,1
159698,1
159699,1
159700,2
159702,1
159703,2
159704,3
159706,2
159708,2
159709,2
159710,2
159711,2
159712,1
159713,2
159714,2
159715,1
159716,2
159717,1
159720,1
159722,1
159723,2
159725,2
159726,2
159727,3
159729,2
159730,3
159731,3
159732,2
159733,3
159735,3
159737,3
159738,2
159739,2
159742,2
159743,2
159744,2
159745,2
159747,2
159748,2
159749,1
159750,1
159751,1
159752,1
159754,1
159756,1
159757,2
159758,1
159760,2
159762,2
159764,2
159765,2
159766,2
159767,2
159769,2
159770,1
159771,1
159775,1
159777,2
159780,2
159782,1
159783,1
159784,2
159785,2
159788,3
159790,2
159793,2
159796,2
159797,2
159798,2
159799,2
159801,2
159802,2
159805,3
159810,2
159813,2
159815,4
159816,2
159817,4
159820,4
159822,4
159823,2
159824,3
159828,2
159829,2
159830,2
159831,2
159832,2
159834,2
159835,2
159837,3
159839,2
159842,2
159843,2
159846,2
159849,2
159850,2
159851,2
159853,2
159856,2
159857,2
159858,2
159859,2
159862,2
159863,2
159868,2
159872,1
159876,2
159877,2
159885,2
159887,1
159888,3
159891,2
159892,3
159894,3
159895,2
159896,2
159901,0
159902,1
159903,1
159905,1
159906,2
159907,2
159908,2
159909,2
159911,2
159912,2
159914,2
159915,2
159916,2
159917,2
159918,2
159919,1
159924,3
159925,3
159926,3
159927,3
159928,2
159929,3
159930,3
159931,2
159933,2
159935,2
159936,3
159940,3
159941,1
159943,1
159944,2
159945,0
159946,2
159947,3
159948,2
159949,2
159951,2
159953,2
159954,3
159955,2
159956,2
159959,2
159960,2
159961,3
159963,2
159964,3
159965,2
159967,2
159969,2
159970,2
159971,2
159973,3
159974,2
159975,2
159976,2
159978,2
159979,3
159982,2
159983,2
159984,2
159985,3
159986,2
159987,2
159988,2
159991,2
159992,2
159993,2
159994,2
159995,2
159997,3
159998,2
159999,2
160001,2
160002,2
160003,2
160004,2
160006,2
160008,2
160011,2
160012,2
160015,2
160018,2
160019,2
160021,1
160022,1
160024,1
160026,1
160027,2
160030,2
160031,2
160033,2
160034,2
160036,2
160037,1
160039,1
160040,1
160042,2
160043,2
160045,3
160046,3
160048,3
160049,3
160050,3
160053,3
160054,2
160055,3
160056,2
160057,2
160058,2
160059,2
160061,2
160063,2
160065,2
160066,2
160067,2
160069,2
160070,2
160071,2
160073,2
160075,1
160076,1
160079,1
160080,1
160082,0
160085,2
160086,2
160088,2
160090,2
160091,2
160092,2
160094,2
160096,2
160098,2
160100,2
160102,2
160103,2
160107,2
160109,2
160110,2
160111,2
160113,3
160114,2
160115,2
160116,2
160117,2
160118,2
160119,1
160123,3
160124,2
160126,2
160128,2
160129,2
160130,2
160131,2
160133,2
160134,2
160135,2
160137,2
160139,2
160140,2
160141,2
160142,1
160143,2
160144,1
160146,1
160148,2
160149,2
160151,2
160152,2
160153,1
160155,2
160157,1
160161,1
160162,2
160163,1
160165,2
160166,1
160168,3
160169,1
160171,1
160172,2
160173,2
160177,2
160178,1
160179,2
160182,1
160184,1
160187,1
160189,1
160190,2
160191,2
160193,3
160194,3
160195,2
160196,2
160197,2
160198,2
160199,2
160202,3
160206,2
160207,2
160210,3
160212,2
160214,2
160215,2
160218,2
160219,2
160220,2
160221,2
160223,2
160226,2
160227,2
160230,2
160231,2
160232,2
160233,2
160234,2
160235,2
160236,2
160238,2
160240,2
160241,2
160242,2
160244,3
160246,2
160247,3
160248,3
160250,2
160253,2
160255,1
160256,2
160257,2
160258,2
160261,2
160262,2
160263,2
160265,2
160266,1
160268,1
160270,1
160271,2
160272,2
160274,1
160279,2
160280,2
160284,2
160285,2
160286,2
160287,2
160289,2
160290,2
160293,3
160294,2
160295,2
160296,2
160297,2
160298,2
160299,2
160301,2
160303,2
160305,2
160307,2
160308,2
160309,3
160312,2
160313,3
160314,3
160316,3
160318,2
160319,3
160321,2
160322,3
160323,2
160326,2
160327,2
160328,2
160330,2
160332,2
160334,2
160335,2
160336,2
160340,2
160341,2
160342,2
160344,2
160345,2
160346,1
160347,3
160350,2
160352,2
160354,2
160357,2
160358,2
160359,2
160360,2
160361,2
160362,2
160365,2
160366,2
160367,2
160368,2
160372,2
160375,2
160380,2
160381,2
160382,2
160383,2
160384,2
160386,2
160388,2
160389,2
160390,2
160392,2
160399,3
160400,2
160401,2
160402,2
160403,3
160405,3
160408,3
160409,2
160410,3
160412,2
160413,3
160414,2
160415,3
160417,3
160418,3
160419,3
160420,3
160421,2
160424,2
160427,2
160428,2
160429,4
160430,4
160431,2
160432,4
160434,2
160435,2
160436,2
160439,4
160440,4
160441,3
160443,3
160444,2
160446,2
160447,3
160450,1
160451,1
160452,2
160453,2
160456,2
160457,2
160458,1
160459,3
160460,3
160461,2
160462,3
160464,3
160466,4
160468,2
160470,2
160472,2
160474,2
160476,2
160477,2
160479,1
160481,2
160483,1
160485,1
160487,2
160488,1
160489,2
160490,2
160491,2
160492,2
160494,2
160495,2
160496,2
160498,2
160499,2
160501,2
160502,2
160503,2
160504,2
160505,2
160506,2
160507,2
160508,3
160509,3
160511,2
160512,1
160514,1
160516,2
160518,1
160519,2
160520,1
160521,2
160523,2
160524,2
160526,2
160527,2
160528,2
160529,3
160533,3
160535,3
160536,3
160538,3
160539,2
160540,3
160541,2
160543,3
160544,1
160546,2
160548,2
160549,2
160551,2
160552,2
160553,2
160554,2
160555,2
160557,2
160559,2
160561,2
160562,3
160564,0
160567,0
160569,0
160570,3
160571,3
160572,2
160573,2
160576,2
160577,2
160578,3
160580,2
160581,3
160582,4
160583,4
160586,2
160587,3
160588,2
160591,2
160593,2
160595,2
160596,2
160598,2
160599,2
160600,3
160603,2
160604,2
160606,2
160608,2
160610,3
160611,3
160612,3
160613,2
160615,3
160617,3
160618,3
160621,3
160623,3
160624,2
160625,2
160626,2
160628,2
160629,3
160631,3
160632,3
160634,2
160636,2
160637,2
160638,2
160642,2
160646,3
160647,2
160648,3
160649,2
160653,2
160656,2
160657,2
160658,2
160660,2
160662,2
160663,2
160664,2
160665,2
160669,2
160671,2
160672,1
160677,3
160678,2
160679,2
160682,3
160684,3
160685,2
160689,2
160690,2
160692,2
160693,2
160696,1
160699,2
160701,2
160702,2
160703,2
160704,1
160706,2
160709,2
160710,2
160711,2
160712,1
160714,2
160715,2
160716,3
160718,3
160721,2
160722,3
160723,3
160724,3
160726,3
160727,2
160728,1
160730,2
160732,1
160735,2
160737,2
160739,3
160741,3
160743,3
160744,2
160747,2
160749,3
160752,2
160753,3
160755,2
160757,3
160759,3
160760,2
160761,2
160764,2
160765,2
160767,2
160768,2
160769,3
160770,3
160771,3
160772,4
160773,3
160775,3
160777,3
160779,2
160781,2
160782,2
160786,2
160787,2
160789,1
160790,1
160793,2
160795,2
160796,2
160797,2
160798,2
160799,2
160802,2
160803,2
160805,2
160806,2
160809,2
160810,2
160811,2
160812,2
160813,2
160814,2
160815,2
160817,2
160820,2
160821,2
160823,2
160825,2
160826,2
160828,2
160829,2
160830,2
160831,2
160832,2
160833,3
160834,2
160835,2
160839,3
160841,2
160842,2
160843,2
160844,2
160845,3
160847,3
160850,3
160851,1
160853,0
160856,0
160858,2
160860,2
160861,2
160863,2
160865,2
160868,2
160869,2
160870,2
160872,2
160874,2
160875,2
160876,2
160877,2
160878,2
160879,2
160881,2
160883,2
160884,2
160885,2
160886,2
160887,2
160888,2
160889,2
160890,2
160893,2
160895,2
160897,2
160898,2
160901,3
160902,3
160903,2
160904,3
160907,3
160909,3
160910,1
160911,3
160912,3
160913,2
160915,2
160916,2
160917,2
160920,2
160921,2
160922,2
160924,2
160925,3
160927,2
160928,2
160930,2
160931,2
160933,2
160935,2
160938,3
160941,2
160943,2
160944,3
160945,3
160949,2
160950,2
160951,3
160954,4
160956,3
160957,3
160960,2
160962,2
160963,2
160965,2
160967,0
160969,2
160971,2
160972,2
160973,2
160974,2
160976,2
160978,2
160979,0
160980,2
160981,2
160985,2
160986,2
160987,2
160988,2
160989,2
160990,3
160991,2
160994,2
160995,2
160996,2
160997,2
160998,2
160999,2
161003,0
161006,2
161010,2
161011,2
161012,2
161014,2
161015,2
161016,2
161018,2
161021,2
161022,2
161024,2
161028,2
161029,2
161031,2
161033,2
161035,2
161037,2
161038,2
161039,2
161040,3
161042,2
161043,3
161046,3
161047,2
161048,3
161050,3
161053,3
161054,3
161055,3
161057,3
161059,3
161061,3
161062,3
161063,2
161065,2
161066,2
161067,4
161068,2
161070,2
161071,2
161072,4
161074,2
161075,4
161078,4
161080,2
161081,2
161084,2
161085,2
161086,2
161087,2
161089,2
161090,2
161091,2
161092,2
161094,2
161098,2
161100,2
161102,2
161104,2
161106,2
161108,2
161110,2
161111,2
161112,2
161113,2
161118,2
161119,2
161120,1
161121,2
161122,2
161124,2
161125,2
161126,2
161127,1
161129,2
161130,2
161131,2
161132,2
161133,2
161135,2
161138,1
161139,2
161142,1
161144,2
161145,1
161148,1
161150,1
161151,3
161152,2
161153,2
161154,2
161155,2
161156,2
161157,3
161160,3
161161,1
161163,2
161165,2
161167,2
161169,2
161170,1
161171,2
161172,1
161174,1
161176,2
161177,1
161179,1
161180,2
161182,3
161184,2
161187,2
161190,2
161192,2
161193,2
161195,2
161196,2
161198,2
161199,2
161201,3
161204,3
161205,3
161208,3
161209,2
161210,3
161211,3
161212,3
161214,2
161215,3
161217,3
161218,2
161219,3
161222,3
161224,3
161225,3
161226,3
161227,3
161229,4
161231,2
161233,2
161236,2
161240,2
161241,2
161243,2
161245,2
161246,2
161249,3
161250,3
161251,3
161253,3
161254,2
161255,2
161256,2
161257,3
161259,3
161262,3
161264,2
161266,2
161269,3
161270,3
161272,2
161277,2
161278,2
161279,3
161280,2
161281,2
161285,2
161287,2
161290,2
161291,2
161292,2
161293,2
161295,2
161296,2
161298,2
161300,2
161301,3
161302,3
161305,2
161306,3
161310,2
161311,2
161312,2
161315,2
161316,2
161317,2
161321,2
161324,1
161325,2
161326,2
161329,1
161331,3
161335,2
161336,2
161337,2
161338,2
161340,3
161343,3
161346,1
161350,1
161351,2
161353,2
161355,3
161356,3
161358,3
161361,2
161362,2
161365,2
161368,2
161369,2
161370,1
161374,1
161375,1
161379,1
161381,2
161383,2
161384,1
161385,1
161386,1
161387,2
161388,1
161390,1
161391,2
161395,3
161396,2
161397,2
161398,2
161399,2
161400,3
161402,3
161403,2
161404,3
161406,2
161407,2
161409,2
161411,2
161415,2
161417,2
161421,2
161422,2
161423,1
161424,3
161427,2
161428,2
161429,2
161431,2
161432,3
161433,2
161435,2
161436,3
161437,3
161439,3
161442,2
161443,2
161444,2
161445,2
161447,2
161450,3
161452,2
161454,3
161456,3
161457,3
161458,3
161459,3
161461,3
161463,3
161468,2
161469,2
161470,2
161471,2
161472,2
161474,2
161475,2
161476,2
161477,2
161478,2
161479,2
161480,2
161481,2
161486,2
161488,2
161489,2
161491,1
161492,1
161493,1
161495,1
161496,1
161497,1
161498,2
161500,2
161501,2
161502,2
161503,2
161505,2
161506,2
161508,2
161509,1
161511,3
161513,1
161517,1
161519,2
161521,2
161522,1
161525,2
161526,2
161529,2
161530,2
161532,3
161533,3
161536,3
161538,3
161540,3
161542,2
161543,2
161544,2
161546,1
161547,1
161548,1
161550,2
161551,2
161552,1
161556,1
161557,1
161561,1
161562,1
161564,3
161567,3
161568,2
161569,2
161570,2
161571,2
161576,2
161577,2
161578,2
161579,2
161580,3
161581,2
161582,2
161583,2
161585,2
161587,2
161590,3
161595,2
161596,3
161599,2
161600,2
161601,2
161602,2
161603,2
161605,2
161609,2
161612,2
161613,2
161615,2
161617,2
161618,2
161619,2
161620,3
161621,2
161622,2
161624,2
161626,2
161627,2
161630,2
161631,2
161634,2
161637,2
161638,3
161643,3
161645,3
161647,3
161649,2
161650,3
161656,2
161659,2
161660,1
161663,1
161665,1
161666,1
161668,2
161669,1
161671,1
161672,3
161674,3
161676,2
161677,3
161678,2
161680,4
161681,2
161682,2
161684,2
161687,2
161688,2
161689,2
161690,2
161692,2
161693,2
161696,2
161697,2
161698,2
161699,2
161700,2
161701,2
161702,2
161703,2
161705,2
161706,2
161707,2
161713,1
161714,2
161715,2
161716,3
161718,2
161719,2
161722,2
161723,1
161725,1
161726,3
161730,1
161731,3
161733,2
161734,2
161735,2
161738,2
161742,2
161744,3
161746,3
161748,3
161750,2
161752,2
161753,2
161754,3
161755,3
161756,2
161757,3
161758,3
161760,3
161761,3
161762,3
161764,1
161766,2
161768,2
161769,2
161770,2
161771,1
161772,2
161773,2
161774,2
161775,2
161778,1
161779,2
161780,2
161782,2
161783,2
161784,2
161786,2
161787,3
161788,2
161789,2
161790,2
161791,2
161792,2
161793,2
161794,2
161795,2
161797,3
161799,2
161800,3
161802,2
161803,2
161804,2
161805,2
161807,3
161810,3
161812,3
161814,2
161815,2
161816,2
161817,2
161820,0
161821,2
161822,0
161825,2
161829,2
161832,2
161834,2
161837,2
161840,2
161842,1
161843,2
161844,2
161845,3
161846,3
161847,3
161848,3
161849,1
161850,3
161852,3
161854,2
161855,3
161857,3
161859,3
161860,2
161861,2
161862,2
161863,3
161864,3
161865,2
161867,2
161868,2
161873,2
161877,2
161878,2
161879,2
161880,2
161881,0
161882,2
161883,0
161884,2
161885,0
161887,1
161889,1
161894,3
161896,4
161898,4
161900,2
161901,2
161903,2
161905,2
161906,2
161907,2
161908,2
161910,2
161911,2
161912,2
161913,2
161914,2
161916,2
161917,1
161919,1
161921,2
161922,1
161925,1
161926,2
161929,2
161930,2
161931,2
161932,2
161934,2
161935,2
161936,2
161939,2
161941,2
161944,2
161945,2
161947,2
161948,2
161949,3
161950,2
161951,2
161952,3
161954,2
161955,3
161957,3
161958,3
161960,2
161961,2
161965,2
161966,2
161967,2
161968,2
161969,2
161971,2
161973,2
161974,2
161975,2
161976,2
161977,2
161981,2
161983,2
161985,2
161986,2
161987,2
161988,2
161991,2
161992,3
161993,3
161994,3
161995,2
161996,3
161997,3
162000,2
162002,2
162003,2
162005,2
162006,2
162007,3
162009,2
162010,2
162011,2
162012,2
162013,2
162014,2
162016,3
162017,2
162020,3
162021,3
162023,2
162024,2
162025,2
162026,2
162027,3
162028,2
162030,2
162032,2
162033,2
162034,2
162035,2
162036,2
162039,2
162041,2
162042,3
162044,2
162045,1
162046,1
162047,1
162048,1
162049,1
162050,2
162051,2
162058,1
162060,1
162061,1
162062,2
162063,2
162065,2
162067,2
162068,2
162070,2
162071,3
162073,3
162076,2
162077,2
162078,2
162080,2
162081,3
162082,3
162083,3
162084,2
162087,3
162089,2
162090,3
162094,3
162095,2
162096,3
162098,3
162100,3
162102,3
162104,2
162105,3
162107,3
162108,3
162110,3
162111,3
162112,2
162113,2
162114,2
162116,2
162122,2
162123,2
162124,3
162126,2
162127,2
162129,2
162130,2
162131,2
162132,2
162133,2
162134,2
162135,2
162137,2
162139,2
162140,2
162141,2
162144,2
162147,1
162148,1
162149,1
162151,1
162152,2
162154,2
162155,2
162156,1
162158,2
162159,2
162161,1
162162,1
162164,2
162165,1
162166,2
162167,2
162169,2
162170,2
162171,2
162172,2
162173,2
162177,3
162179,3
162182,2
162183,2
162184,3
162185,3
162186,2
162187,2
162189,2
162191,2
162192,2
162195,3
162197,3
162198,3
162199,3
162200,3
162201,2
162203,3
162205,2
162207,2
162209,2
162210,2
162211,2
162212,3
162213,2
162215,2
162216,2
162219,1
162220,1
162222,1
162224,2
162225,2
162227,2
162228,1
162230,1
162231,1
162232,2
162234,2
162237,2
162238,2
162240,2
162241,1
162242,2
162246,2
162248,2
162249,2
162250,2
162253,3
162254,2
162255,2
162258,3
162261,3
162262,3
162263,3
162265,2
162266,2
162267,2
162268,2
162270,2
162271,2
162272,3
162274,2
162276,1
162277,1
162282,1
162283,2
162285,2
162286,2
162287,2
162288,2
162290,2
162291,2
162292,2
162293,2
162294,2
162295,2
162297,2
162298,2
162299,2
162300,2
162302,2
162303,2
162305,2
162309,2
162311,2
162312,2
162313,2
162315,2
162316,2
162317,2
162322,2
162323,2
162324,2
162325,2
162326,2
162327,2
162329,2
162331,4
162332,2
162333,4
162335,4
162337,3
162338,2
162339,2
162340,3
162341,3
162342,2
162343,2
162345,2
162346,3
162347,3
162351,2
162352,3
162355,2
162356,3
162358,3
162359,2
162362,3
162366,2
162367,2
162368,2
162369,2
162370,2
162372,3
162373,3
162376,3
162378,3
162379,3
162381,3
162382,1
162383,1
162385,2
162386,1
162387,2
162389,1
162392,1
162394,1
162395,3
162397,3
162398,3
162400,3
162402,2
162405,2
162406,2
162407,2
162408,2
162412,3
162414,2
162415,2
162417,2
162418,2
162419,2
162421,2
162422,3
162424,2
162426,3
162427,2
162428,2
162431,2
162434,2
162436,2
162437,2
162438,2
162439,2
162440,2
162444,2
162445,2
162448,2
162450,2
162454,2
162455,2
162457,2
162458,1
162460,1
162462,3
162463,2
162464,2
162466,2
162468,3
162470,3
162473,2
162474,3
162475,2
162477,2
162478,2
162479,3
162481,2
162483,2
162486,2
162487,2
162488,2
162490,4
162491,3
162493,2
162494,2
162496,2
162498,2
162499,2
162503,2
162504,2
162506,2
162507,2
162509,2
162510,1
162512,2
162514,2
162515,2
162516,2
162517,1
162519,1
162520,2
162521,1
162522,2
162523,2
162525,2
162527,2
162528,3
162530,2
162532,2
162533,3
162534,3
162535,3
162538,3
162540,3
162542,4
162544,4
162545,2
162546,2
162547,2
162549,2
162551,2
162552,2
162553,2
162554,3
162555,2
162556,3
162558,3
162560,3
162561,2
162563,2
162564,3
162565,2
162566,3
162568,2
162569,2
162571,2
162575,2
162576,2
162577,2
162580,2
162581,3
162582,2
162584,2
162585,2
162587,2
162590,2
162592,2
162593,2
162594,2
162597,2
162599,2
162602,2
162603,2
162605,2
162606,2
162608,2
162610,2
162611,2
162612,2
162614,1
162616,1
162619,1
162621,1
162622,1
162624,3
162627,3
162628,2
162629,3
162632,0
162633,0
162636,0
162638,1
162640,1
162642,1
162643,2
162646,2
162647,2
162648,2
162649,2
162650,2
162651,3
162652,3
162653,3
162654,3
162655,3
162657,3
162658,2
162660,3
162661,3
162662,2
162665,2
162666,2
162667,2
162669,2
162671,2
162672,2
162673,2
162674,2
162676,2
162677,2
162678,2
162680,2
162682,2
162684,2
162685,2
162687,2
162688,2
162689,2
162690,2
162691,2
162693,2
162694,2
162695,2
162696,2
162697,2
162700,2
162701,2
162702,2
162703,2
162705,2
162706,2
162708,2
162710,2
162712,2
162713,2
162715,2
162718,2
162720,2
162722,3
162723,2
162724,2
162725,2
162727,2
162728,2
162729,3
162733,2
162734,2
162736,3
162737,2
162740,2
162743,3
162745,2
162746,3
162748,3
162749,2
162753,2
162755,2
162756,2
162758,2
162759,2
162760,2
162761,2
162766,3
162767,3
162768,3
162770,3
162771,4
162773,4
162774,2
162775,3
162776,2
162777,3
162780,3
162783,3
162784,3
162785,3
162788,3
162789,3
162790,2
162791,3
162794,4
162796,4
162798,4
162801,4
162802,2
162803,2
162804,3
162805,3
162808,2
162809,4
162810,4
162813,2
162814,4
162815,3
162817,2
162819,3
162820,2
162822,2
162823,2
162825,2
162826,2
162829,2
162830,2
162831,2
162835,2
162838,2
162839,2
162840,2
162842,2
162844,2
162846,2
162847,2
162848,2
162850,2
162851,2
162852,2
162853,2
162854,2
162856,2
162858,2
162859,2
162862,2
162863,2
162865,2
162868,2
162870,3
162871,2
162872,2
162874,1
162876,1
162878,1
162880,2
162881,1
162883,1
162885,1
162886,2
162888,2
162890,2
162891,3
162894,1
162895,1
162896,1
162897,2
162899,2
162900,2
162901,2
162902,2
162903,1
162904,1
162905,3
162908,3
162909,2
162910,3
162913,2
162915,3
162916,2
162917,2
162918,2
162920,3
162922,3
162923,3
162926,3
162927,2
162933,1
162934,2
162935,2
162937,1
162940,1
162941,1
162942,2
162945,2
162946,2
162947,2
162948,2
162949,2
162951,2
162952,2
162953,2
162954,2
162956,2
162959,3
162960,3
162964,2
162965,0
162967,0
162968,0
162969,2
162970,0
162972,2
162973,0
162975,0
162977,2
162978,2
162979,2
162981,2
162983,2
162984,2
162985,2
162987,3
162988,4
162990,2
162991,2
162992,3
162994,3
162995,3
162997,2
162998,3
163000,3
163001,2
163002,2
163005,2
163006,2
163007,2
163009,2
163010,2
163014,1
163016,2
163019,2
163020,2
163021,2
163023,1
163025,2
163026,3
163027,3
163028,2
163030,1
163031,2
163032,2
163033,3
163034,2
163035,2
163039,3
163043,3
163047,2
163048,3
163049,3
163052,3
163054,3
163056,2
163057,2
163058,2
163060,2
163062,2
163065,2
163066,2
163067,2
163068,2
163070,2
163072,2
163073,2
163074,2
163075,2
163077,3
163078,2
163080,2
163081,2
163082,2
163084,2
163087,2
163089,2
163091,2
163092,4
163093,4
163095,2
163099,2
163100,4
163101,3
163102,3
163103,3
163104,3
163105,2
163106,2
163108,2
163109,2
163110,3
163112,1
163113,0
163114,0
163116,0
163117,2
163118,2
163119,2
163126,2
163127,2
163128,2
163129,2
163130,3
163131,2
163135,2
163137,2
163138,2
163139,2
163141,2
163142,2
163143,2
163144,2
163145,2
163147,2
163149,2
163150,2
163151,2
163152,2
163154,2
163155,2
163157,2
163158,2
163159,2
163162,2
163164,2
163166,2
163167,2
163168,2
163171,2
163172,1
163174,1
163182,2
163183,2
163186,2
163187,2
163188,2
163192,2
163194,2
163196,2
163198,2
163199,2
163201,2
163204,3
163205,3
163206,2
163207,3
163208,3
163211,2
163213,2
163214,2
163218,2
163219,2
163221,2
163222,2
163223,2
163226,2
163227,4
163229,2
163230,4
163234,4
163237,3
163238,3
163239,3
163240,2
163241,3
163242,3
163243,2
163245,3
163247,3
163250,3
163251,1
163254,3
163255,1
163256,1
163257,2
163259,2
163261,2
163262,2
163263,2
163265,3
163268,2
163269,1
163271,2
163272,2
163273,1
163274,1
163275,2
163277,1
163278,1
163279,1
163280,2
163283,4
163286,4
163287,4
163289,4
163290,3
163291,2
163293,2
163294,2
163296,2
163298,3
163299,2
163302,3
163303,2
163304,2
163305,2
163306,2
163307,2
163309,2
163310,2
163311,3
163314,2
163316,3
163318,2
163320,2
163321,2
163323,2
163324,3
163329,3
163332,2
163333,2
163334,2
163335,2
163338,2
163340,2
163341,2
163342,2
163345,2
163347,2
163348,2
163349,2
163351,2
163352,2
163353,2
163354,2
163355,2
163358,2
163359,2
163360,2
163361,2
163362,2
163363,2
163367,2
163368,2
163369,2
163370,2
163372,2
163373,2
163375,2
163377,2
163378,2
163379,2
163381,1
163382,1
163383,1
163384,1
163386,2
163388,2
163390,2
163391,2
163392,2
163393,2
163395,2
163398,1
163400,2
163401,1
163403,1
163405,1
163406,2
163411,1
163412,2
163413,1
163415,2
163417,2
163418,1
163419,1
163420,1
163421,2
163423,2
163424,2
163425,2
163426,2
163428,2
163429,2
163430,2
163433,2
163434,2
163435,2
163436,2
163437,2
163438,2
163439,2
163440,2
163441,2
163445,2
163446,2
163448,2
163452,2
163453,2
163454,3
163455,3
163456,3
163458,2
163461,2
163463,2
163464,2
163465,2
163467,2
163468,2
163469,2
163470,2
163472,2
163473,2
163474,2
163475,2
163477,1
163479,2
163480,1
163481,1
163484,1
163485,1
163486,2
163487,1
163490,1
163493,1
163494,1
163496,2
163497,1
163498,2
163503,1
163505,2
163506,2
163507,2
163508,3
163510,2
163511,3
163512,2
163513,1
163514,2
163516,2
163517,2
163519,2
163520,2
163521,2
163523,2
163525,2
163526,2
163529,2
163531,2
163535,2
163536,2
163537,2
163538,4
163539,4
163542,4
163544,2
163546,4
163547,1
163548,1
163551,1
163552,3
163553,2
163554,2
163558,2
163559,2
163561,3
163562,3
163563,3
163564,3
163565,2
163566,3
163567,3
163569,3
163570,2
163573,2
163574,2
163576,2
163577,2
163578,2
163579,2
163582,2
163586,2
163587,2
163588,2
163589,2
163593,2
163596,2
163598,2
163599,2
163600,2
163601,2
163602,2
163603,2
163604,2
163606,2
163607,2
163608,2
163611,3
163614,3
163615,2
163616,3
163618,3
163620,2
163621,2
163622,2
163623,2
163624,2
163625,2
163627,2
163629,2
163632,2
163633,2
163637,3
163638,2
163639,2
163641,3
163644,2
163645,2
163646,2
163647,3
163650,3
163651,3
163652,3
163655,2
163657,3
163659,2
163660,2
163661,2
163664,3
163665,2
163666,2
163667,2
163668,3
163669,3
163670,2
163671,2
163672,2
163674,2
163676,2
163677,2
163679,3
163680,3
163681,2
163682,3
163685,2
163687,2
163690,2
163692,2
163693,2
163694,2
163696,3
163698,2
163699,2
163700,2
163701,2
163702,3
163704,2
163705,2
163706,1
163708,2
163709,2
163712,1
163713,1
163715,2
163716,2
163717,1
163719,1
163720,3
163722,2
163724,2
163725,3
163726,3
163728,3
163731,3
163732,3
163734,2
163735,3
163737,3
163738,3
163739,1
163740,2
163741,1
163742,2
163743,1
163744,3
163745,3
163746,3
163748,2
163750,3
163755,3
163756,3
163757,3
163758,3
163760,2
163761,2
163763,2
163764,2
163765,2
163767,2
163768,2
163769,2
163773,0
163775,2
163776,0
163777,3
163778,2
163779,2
163780,2
163781,2
163782,2
163784,3
163787,2
163789,2
163790,2
163792,2
163793,2
163796,2
163797,2
163798,3
163801,2
163802,2
163803,2
163807,2
163811,2
163812,2
163813,2
163814,2
163817,2
163818,2
163819,2
163820,2
163823,1
163824,2
163826,2
163829,2
163831,2
163832,2
163833,3
163835,3
163837,3
163838,2
163839,2
163842,2
163849,2
163851,2
163853,2
163855,2
163857,2
163858,1
163859,2
163860,2
163861,2
163862,2
163863,2
163865,2
163866,2
163868,2
163869,2
163871,2
163874,2
163875,2
163876,2
163877,2
163880,2
163881,2
163882,1
163883,1
163886,1
163888,2
163890,2
163891,2
163894,2
163895,2
163896,2
163898,2
163899,2
163900,2
163902,2
163904,2
163905,2
163906,3
163908,2
163910,2
163912,2
163914,2
163915,2
163916,2
163917,2
163918,2
163919,2
163920,2
163921,2
163922,2
163923,2
163924,2
163925,2
163926,2
163928,2
163929,2
163931,2
163932,2
163934,2
163935,2
163936,2
163938,2
163939,2
163940,2
163941,2
163942,2
163944,2
163945,2
163946,2
163947,2
163948,2
163949,2
163950,2
163952,2
163955,2
163956,2
163957,2
163958,2
163959,2
163960,2
163961,2
163962,2
163964,2
163965,2
163966,2
163968,2
163969,2
163970,2
163972,2
163973,2
163976,2
163978,2
163979,2
163980,2
163981,2
163985,2
163987,2
163988,2
163990,2
163991,2
163993,3
163994,2
163995,2
163996,3
163997,2
163998,2
163999,2
164000,3
164002,3
164003,2
164004,2
164007,2
164008,2
164010,2
164013,2
164014,2
164015,2
164016,2
164018,2
164022,2
164023,2
164024,2
164029,2
164032,2
164034,1
164036,2
164037,2
164039,2
164041,2
164042,1
164043,2
164044,1
164045,2
164046,1
164047,1
164049,2
164050,2
164053,1
164054,2
164056,3
164059,2
164060,3
164064,1
164065,1
164066,2
164067,1
164068,2
164069,1
164071,2
164073,1
164075,2
164077,2
164079,2
164081,2
164082,1
164085,1
164087,1
164088,1
164090,2
164092,1
164094,2
164096,2
164104,4
164105,4
164109,3
164111,3
164114,3
164116,2
164117,2
164118,2
164119,2
164122,2
164123,2
164124,2
164125,2
164126,2
164129,3
164130,3
164133,2
164135,3
164136,2
164137,3
164140,2
164141,4
164144,0
164145,2
164146,2
164150,0
164154,2
164156,0
164158,1
164159,2
164161,2
164164,2
164165,2
164166,2
164168,2
164169,2
164171,2
164173,2
164174,2
164175,2
164177,2
164178,2
164179,3
164181,3
164182,3
164183,2
164184,2
164185,2
164186,2
164187,2
164188,2
164191,2
164192,2
164194,2
164195,2
164196,2
164197,2
164198,2
164200,2
164201,2
164202,2
164204,2
164205,2
164206,2
164207,4
164209,3
164211,3
164213,3
164214,3
164215,2
164216,2
164217,3
164220,3
164221,3
164222,3
164223,2
164225,2
164226,2
164227,3
164228,2
164229,3
164230,2
164231,3
164233,2
164234,3
164236,2
164238,3
164239,2
164240,2
164241,2
164242,2
164243,2
164244,2
164245,2
164247,3
164248,3
164250,2
164252,2
164253,3
164257,3
164258,3
164260,3
164262,3
164263,3
164264,2
164266,2
164267,3
164269,3
164270,2
164271,2
164273,2
164274,2
164275,1
164276,2
164277,1
164280,2
164283,1
164286,3
164287,2
164289,3
164291,3
164293,3
164295,2
164296,2
164298,2
164299,2
164300,2
164301,2
164303,3
164305,2
164306,2
164307,3
164312,2
164313,2
164315,2
164316,2
164317,2
164319,2
164320,2
164321,2
164322,2
164323,2
164325,2
164326,2
164327,2
164328,2
164329,2
164331,2
164332,2
164336,2
164337,0
164339,1
164342,0
164343,2
164344,2
164345,2
164347,1
164348,0
164349,0
164350,2
164352,0
164354,2
164355,2
164356,2
164358,2
164361,1
164362,4
164363,3
164364,2
164366,2
164368,2
164369,2
164370,2
164371,2
164373,2
164374,2
164379,4
164380,3
164383,3
164384,4
164385,1
164387,2
164389,1
164390,2
164391,3
164394,2
164397,2
164398,1
164404,2
164405,3
164406,3
164409,3
164413,3
164414,3
164417,3
164418,3
164420,2
164421,3
164422,3
164424,4
164426,4
164429,2
164430,2
164432,2
164434,4
164435,0
164437,1
164441,1
164442,3
164444,3
164446,2
164450,2
164452,2
164453,2
164455,2
164456,2
164458,2
164463,2
164465,2
164467,2
164468,2
164471,2
164472,2
164473,2
164474,2
164475,2
164478,2
164479,2
164480,3
164482,2
164484,2
164485,2
164486,2
164488,2
164491,3
164492,2
164493,2
164494,2
164495,2
164496,2
164497,3
164499,3
164500,3
164501,3
164503,4
164504,2
164506,3
164509,3
164511,2
164512,3
164513,2
164514,3
164516,3
164517,3
164518,2
164521,1
164523,1
164524,2
164525,1
164527,1
164528,2
164529,1
164530,1
164533,1
164534,2
164535,2
164536,2
164537,2
164538,2
164540,2
164543,2
164544,2
164548,1
164549,2
164550,2
164551,1
164553,1
164555,1
164557,2
164561,3
164563,2
164565,2
164568,2
164569,2
164570,2
164571,2
164572,2
164573,2
164574,1
164575,1
164576,2
164577,2
164578,1
164579,1
164580,2
164581,2
164582,2
164584,2
164585,2
164587,2
164589,2
164592,2
164594,3
164596,3
164597,3
164598,3
164602,3
164603,3
164605,2
164608,1
164609,2
164611,1
164613,2
164614,2
164615,2
164616,3
164618,2
164619,2
164621,1
164622,2
164624,2
164625,2
164626,2
164628,2
164629,2
164630,2
164633,2
164634,1
164636,1
164638,2
164639,1
164640,2
164641,2
164644,2
164645,2
164647,2
164648,0
164649,2
164650,0
164654,0
164655,2
164656,0
164658,2
164659,2
164660,2
164661,2
164662,2
164663,2
164664,2
164666,2
164667,2
164669,2
164672,2
164674,2
164677,2
164678,2
164679,2
164680,2
164681,2
164682,2
164683,2
164684,2
164686,2
164688,2
164690,2
164692,2
164693,2
164695,2
164697,2
164698,2
164699,2
164700,2
164701,2
164702,2
164703,2
164704,1
164706,1
164708,1
164711,2
164713,2
164714,3
164715,3
164716,2
164717,2
164719,2
164720,2
164721,2
164723,2
164724,2
164725,2
164730,3
164732,3
164734,4
164736,3
164739,3
164740,3
164741,2
164743,2
164745,2
164746,2
164747,2
164749,2
164750,2
164753,2
164754,2
164756,2
164758,2
164759,2
164760,2
164761,2
164762,2
164764,2
164765,2
164768,1
164770,1
164771,2
164773,1
164774,1
164775,1
164776,2
164778,2
164779,2
164780,2
164781,2
164782,2
164784,1
164785,2
164787,2
164788,2
164789,2
164791,2
164792,2
164793,3
164795,4
164797,2
164798,4
164799,2
164801,2
164802,3
164805,2
164806,3
164808,3
164809,3
164810,3
164811,2
164813,2
164816,2
164818,2
164819,2
164822,2
164823,2
164826,2
164827,2
164829,2
164830,2
164832,2
164835,1
164836,2
164837,2
164840,2
164842,1
164844,2
164846,2
164847,1
164849,1
164850,1
164853,2
164855,2
164856,2
164857,2
164858,0
164859,2
164860,2
164862,0
164868,2
164869,2
164870,2
164871,1
164872,2
164875,2
164876,2
164877,3
164883,3
164884,2
164886,2
164889,2
164891,2
164893,2
164894,2
164896,2
164898,2
164899,2
164902,2
164905,3
164906,2
164907,2
164908,2
164909,2
164910,2
164911,2
164912,2
164914,3
164915,2
164919,3
164921,3
164924,2
164925,2
164926,2
164928,2
164930,2
164931,2
164932,2
164933,2
164934,2
164937,2
164938,2
164940,2
164941,3
164942,2
164944,2
164946,2
164947,2
164948,2
164950,2
164952,2
164953,2
164954,2
164955,2
164957,2
164958,2
164959,2
164962,2
164963,2
164964,2
164966,2
164968,2
164969,2
164970,2
164973,2
164977,2
164980,2
164985,2
164987,3
164988,3
164989,2
164990,3
164991,2
164993,2
164995,2
164996,2
164997,2
164998,2
165000,2
165004,2
165005,2
165007,2
165009,2
165011,2
165013,2
165014,2
165016,2
165017,2
165021,2
165025,2
165027,2
165030,2
165031,2
165034,2
165035,2
165036,2
165038,2
165039,2
165040,2
165041,2
165043,2
165044,2
165046,2
165047,2
165049,2
165050,2
165051,2
165052,2
165054,2
165056,2
165057,2
165058,2
165059,2
165060,2
165061,2
165062,2
165064,2
165066,2
165068,2
165069,2
165070,2
165074,1
165075,1
165076,1
165077,1
165079,1
165080,2
165081,2
165082,2
165084,2
165089,2
165091,2
165093,2
165094,2
165097,2
165098,2
165099,2
165102,2
165106,2
165107,2
165108,2
165109,2
165111,2
165112,2
165113,2
165114,2
165115,2
165116,2
165117,2
165118,2
165119,2
165123,2
165124,2
165126,2
165127,2
165128,2
165131,2
165132,2
165133,2
165136,2
165137,2
165138,2
165139,2
165141,2
165144,2
165145,2
165146,3
165148,2
165151,2
165153,2
165154,2
165155,2
165156,2
165157,2
165158,2
165159,2
165161,2
165162,2
165163,2
165164,2
165166,2
165169,3
165173,3
165178,2
165179,1
165180,1
165181,1
165182,1
165184,2
165186,2
165188,2
165190,1
165192,1
165195,2
165196,1
165198,1
165199,1
165200,2
165201,2
165202,2
165203,2
165206,2
165207,2
165210,2
165211,2
165213,2
165214,2
165215,2
165216,3
165217,3
165219,3
165222,2
165223,3
165226,3
165228,2
165229,3
165230,2
165231,3
165232,3
165234,3
165236,2
165238,3
165240,3
165243,2
165244,2
165245,2
165246,2
165248,2
165250,2
165251,2
165252,2
165254,2
165255,2
165256,2
165257,2
165259,2
165261,2
165264,2
165265,3
165267,2
165268,3
165270,2
165271,3
165272,1
165273,3
165274,1
165279,1
165283,2
165284,1
165285,1
165288,1
165289,2
165290,2
165291,2
165292,2
165294,2
165295,2
165297,1
165298,2
165299,2
165300,2
165302,2
165305,2
165309,2
165311,2
165317,2
165318,2
165319,2
165322,2
165324,2
165326,2
165327,2
165328,2
165330,2
165332,2
165333,2
165335,2
165336,2
165337,1
165339,1
165344,1
165345,1
165350,1
165351,2
165352,3
165355,3
165356,2
165361,3
165362,3
165365,2
165366,3
165367,2
165368,2
165370,2
165372,2
165373,2
165374,2
165375,3
165377,3
165378,3
165379,1
165380,2
165381,2
165382,2
165383,2
165385,1
165387,1
165390,1
165392,2
165395,2
165396,1
165398,1
165399,2
165401,2
165402,2
165403,2
165404,2
165405,2
165406,2
165407,2
165408,2
165409,2
165410,2
165412,2
165414,2
165415,2
165417,2
165419,2
165422,0
165423,0
165424,2
165425,0
165426,0
165429,2
165431,2
165434,2
165435,2
165437,2
165440,2
165442,0
165444,2
165445,2
165447,2
165449,2
165450,2
165451,2
165453,2
165457,1
165458,0
165459,2
165460,2
165461,2
165463,2
165465,2
165466,1
165467,2
165468,0
165469,2
165470,3
165472,3
165475,2
165479,2
165480,2
165482,3
165484,2
165486,0
165488,2
165489,2
165490,3
165491,3
165492,3
165493,3
165494,2
165497,2
165499,2
165501,2
165502,1
165503,2
165504,2
165506,2
165507,2
165509,1
165511,2
165513,2
165514,2
165515,2
165517,2
165519,3
165520,2
165521,3
165522,2
165523,3
165527,2
165530,2
165537,1
165538,1
165539,2
165540,2
165541,2
165543,2
165544,2
165546,2
165547,2
165549,2
165550,2
165552,1
165554,2
165555,1
165558,1
165560,1
165561,1
165562,2
165567,0
165569,0
165570,2
165572,1
165573,1
165576,2
165577,2
165578,2
165580,2
165581,2
165582,2
165583,1
165584,2
165585,1
165586,2
165587,1
165588,2
165589,2
165591,2
165592,2
165593,2
165595,2
165599,2
165602,2
165603,2
165605,2
165609,4
165610,3
165613,2
165614,2
165616,2
165617,2
165618,2
165620,3
165624,1
165628,1
165630,2
165632,1
165633,2
165636,1
165639,1
165640,1
165642,1
165644,2
165647,2
165648,2
165649,1
165650,1
165651,2
165653,2
165656,2
165659,2
165663,1
165664,2
165666,3
165668,3
165669,3
165670,2
165672,2
165673,3
165674,2
165675,3
165677,3
165678,3
165679,3
165681,2
165683,2
165684,2
165685,3
165688,1
165689,1
165694,2
165695,2
165699,2
165700,2
165701,2
165703,2
165704,2
165706,0
165708,2
165710,3
165714,2
165715,3
165716,2
165718,2
165719,2
165720,2
165722,2
165723,2
165724,2
165725,2
165726,2
165727,2
165728,2
165735,1
165736,2
165737,1
165740,2
165741,2
165744,2
165745,1
165746,2
165747,2
165749,2
165750,2
165753,2
165754,1
165758,2
165761,1
165762,2
165763,1
165765,2
165768,2
165769,1
165770,1
165772,1
165773,2
165775,2
165776,2
165777,2
165779,2
165780,2
165783,4
165785,2
165788,2
165789,2
165790,1
165791,3
165792,3
165794,2
165795,3
165798,3
165800,3
165801,1
165804,1
165806,1
165807,1
165808,1
165810,1
165811,1
165812,2
165814,2
165815,2
165816,2
165819,2
165820,2
165821,1
165822,2
165824,2
165826,2
165827,2
165828,2
165829,3
165832,3
165834,3
165835,1
165837,1
165838,2
165839,2
165840,2
165842,1
165844,2
165845,1
165847,1
165848,2
165849,2
165850,2
165852,3
165854,2
165855,3
165858,2
165859,3
165861,2
165862,3
165863,3
165864,3
165867,3
165868,2
165869,2
165871,2
165872,2
165873,1
165874,2
165876,2
165878,3
165879,4
165881,4
165885,4
165886,3
165887,3
165889,2
165892,3
165893,3
165897,2
165899,2
165900,2
165902,2
165905,2
165906,3
165907,2
165908,3
165909,3
165912,2
165913,3
165914,3
165915,2
165918,2
165919,2
165922,2
165923,2
165925,2
165928,2
165930,2
165931,2
165932,2
165936,2
165937,2
165939,1
165940,2
165941,2
165943,2
165944,2
165946,2
165948,2
165950,2
165952,2
165955,2
165956,2
165957,2
165958,2
165959,2
165960,2
165962,2
165964,2
165965,2
165966,2
165967,2
165968,2
165970,2
165971,2
165973,2
165977,2
165978,2
165979,2
165980,2
165981,2
165984,2
165986,2
165987,2
165989,2
165990,2
165991,2
165993,2
165996,2
165997,3
165999,2
166001,2
166003,2
166006,2
166008,2
166009,3
166011,3
166013,3
166017,3
166019,3
166021,2
166022,2
166023,2
166024,2
166027,2
166029,2
166030,2
166031,3
166033,3
166035,2
166037,3
166038,3
166039,2
166040,3
166041,3
166043,3
166045,2
166048,2
166050,2
166051,2
166053,2
166054,2
166056,2
166059,2
166060,2
166062,2
166066,3
166070,3
166072,2
166073,2
166075,2
166076,2
166077,2
166080,3
166082,3
166084,3
166085,1
166086,1
166087,3
166089,2
166091,2
166092,2
166093,2
166094,2
166095,2
166096,2
166098,2
166100,2
166101,2
166102,2
166104,2
166105,2
166108,2
166109,2
166111,2
166114,2
166118,2
166119,2
166120,2
166122,2
166125,2
166126,2
166127,2
166128,2
166129,2
166131,2
166133,2
166137,2
166140,2
166141,2
166142,4
166143,3
166144,4
166146,4
166149,2
166151,4
166152,2
166154,2
166156,2
166157,2
166158,2
166159,2
166160,2
166161,2
166162,2
166164,3
166165,2
166166,2
166167,2
166169,2
166170,3
166172,3
166173,3
166175,3
166176,3
166177,2
166178,2
166180,2
166181,2
166183,3
166186,3
166188,2
166189,3
166190,2
166191,2
166192,2
166193,2
166194,2
166195,2
166196,2
166197,2
166199,2
166201,2
166202,2
166203,2
166205,1
166206,2
166207,1
166209,2
166210,1
166211,1
166212,1
166213,2
166214,2
166215,2
166217,2
166218,2
166220,3
166222,1
166225,2
166226,2
166227,2
166228,2
166230,2
166231,2
166233,3
166234,3
166235,2
166237,2
166241,2
166243,2
166246,2
166247,2
166250,2
166251,2
166252,0
166253,2
166254,2
166257,0
166259,2
166260,2
166261,2
166262,0
166264,0
166268,0
166269,1
166271,2
166273,2
166274,2
166275,2
166276,2
166277,2
166278,2
166279,2
166281,2
166283,2
166284,2
166285,2
166287,3
166288,3
166289,3
166291,1
166292,1
166294,2
166296,2
166297,2
166299,2
166300,2
166301,3
166302,1
166303,2
166304,2
166305,2
166308,2
166309,2
166310,2
166311,2
166312,2
166314,2
166315,2
166316,2
166318,2
166320,2
166321,1
166322,1
166324,3
166325,1
166327,2
166328,2
166329,2
166330,2
166332,2
166333,2
166336,2
166337,2
166338,3
166339,2
166340,2
166342,2
166343,2
166344,2
166345,2
166346,2
166347,3
166349,2
166350,2
166353,2
166354,2
166355,2
166356,2
166357,3
166359,1
166360,3
166362,3
166364,2
166366,2
166367,2
166369,2
166372,2
166373,2
166376,2
166378,2
166383,2
166384,2
166385,2
166386,2
166387,2
166388,2
166389,2
166391,2
166392,2
166394,2
166395,2
166396,2
166398,1
166399,1
166401,2
166403,2
166406,2
166407,2
166408,2
166409,3
166410,2
166411,2
166412,2
166413,2
166414,2
166415,2
166417,2
166419,3
166421,2
166422,3
166423,2
166425,2
166426,2
166428,1
166429,2
166432,2
166433,2
166435,2
166437,2
166440,2
166441,2
166444,2
166445,2
166446,2
166447,2
166449,2
166450,2
166451,2
166452,2
166455,2
166457,2
166459,2
166461,2
166462,2
166464,2
166465,2
166467,2
166468,2
166469,2
166472,2
166474,2
166475,2
166477,2
166478,2
166479,2
166482,2
166483,2
166486,2
166487,2
166489,2
166490,2
166491,2
166495,2
166496,2
166497,2
166498,2
166500,2
166501,2
166502,2
166504,1
166506,2
166507,2
166511,1
166513,2
166514,2
166515,2
166517,4
166518,4
166519,2
166520,4
166522,4
166523,2
166524,2
166529,2
166531,2
166533,2
166535,2
166536,2
166537,2
166541,3
166542,3
166545,3
166548,2
166551,2
166552,2
166553,2
166554,2
166555,2
166556,2
166558,2
166560,4
166561,2
166563,2
166564,2
166565,2
166569,2
166570,3
166571,2
166572,2
166574,1
166576,2
166577,2
166581,1
166585,1
166586,2
166588,1
166589,2
166590,2
166592,2
166594,2
166596,2
166598,2
166600,2
166601,2
166603,2
166604,2
166605,2
166606,2
166607,1
166609,2
166612,2
166614,2
166615,2
166616,2
166620,2
166623,2
166625,3
166626,1
166627,1
166629,2
166632,0
166634,1
166636,1
166638,2
166640,2
166642,2
166643,1
166645,1
166647,1
166649,2
166650,3
166651,2
166652,2
166653,2
166655,2
166656,2
166658,2
166659,2
166661,2
166662,2
166663,2
166664,2
166665,0
166666,0
166668,0
166670,2
166672,2
166674,2
166675,3
166680,2
166681,2
166682,2
166684,2
166686,2
166689,2
166690,2
166692,2
166693,2
166694,2
166695,2
166696,2
166697,2
166698,2
166700,2
166701,2
166703,2
166704,2
166706,2
166707,2
166710,3
166712,3
166713,2
166715,2
166716,2
166717,3
166719,2
166720,2
166722,2
166724,2
166725,2
166726,2
166727,2
166732,2
166734,2
166735,2
166737,1
166738,2
166740,2
166742,2
166743,2
166745,2
166746,2
166749,2
166750,2
166751,2
166754,2
166755,2
166756,1
166759,1
166761,1
166762,1
166763,1
166764,3
166765,3
166766,2
166768,2
166769,3
166771,3
166772,3
166773,4
166775,2
166776,2
166778,2
166781,2
166782,2
166783,2
166784,2
166785,2
166786,2
166788,2
166789,2
166792,3
166793,3
166796,2
166797,3
166798,4
166799,4
166800,4
166802,3
166804,2
166805,2
166806,3
166808,3
166811,2
166812,2
166813,2
166815,4
166816,4
166817,2
166818,2
166820,2
166821,2
166822,2
166823,4
166826,2
166827,2
166828,2
166829,2
166831,2
166834,3
166836,2
166837,2
166838,2
166841,2
166843,2
166845,2
166848,3
166851,3
166852,2
166853,2
166854,1
166855,1
166856,1
166858,1
166860,3
166861,2
166862,2
166863,2
166867,2
166869,2
166870,2
166871,2
166872,2
166876,1
166878,2
166881,2
166882,2
166883,2
166885,2
166887,2
166888,2
166890,2
166891,2
166892,2
166894,2
166896,2
166898,2
166899,2
166900,1
166902,3
166904,2
166905,3
166906,3
166909,4
166910,2
166911,4
166914,2
166915,4
166916,2
166918,2
166919,2
166920,2
166921,3
166924,1
166925,3
166927,2
166929,4
166930,1
166931,1
166933,1
166934,2
166935,2
166936,2
166937,2
166939,2
166940,2
166941,2
166942,2
166944,2
166947,2
166948,2
166949,2
166951,2
166952,2
166957,4
166958,2
166959,2
166960,2
166961,4
166963,2
166964,2
166965,2
166966,2
166967,2
166968,2
166970,2
166971,2
166972,2
166974,2
166975,2
166976,4
166978,1
166979,2
166982,2
166983,1
166985,2
166986,4
166987,4
166991,1
166992,1
166993,1
166995,2
166996,1
166997,2
166999,2
167000,2
167003,1
167007,1
167008,1
167009,2
167011,2
167013,2
167014,2
167015,2
167016,3
167018,2
167021,2
167022,2
167024,3
167025,3
167026,3
167027,3
167029,3
167030,2
167031,2
167032,2
167034,2
167035,2
167036,2
167038,2
167044,2
167045,2
167046,2
167047,1
167048,2
167049,2
167051,2
167052,1
167055,4
167057,4
167058,2
167059,1
167061,2
167062,2
167063,2
167064,2
167065,2
167066,3
167067,2
167069,1
167071,2
167072,2
167074,2
167076,2
167079,2
167080,2
167082,2
167083,2
167084,2
167085,2
167086,2
167087,2
167088,2
167094,2
167096,2
167097,2
167099,2
167101,2
167103,2
167105,2
167106,2
167107,2
167110,2
167111,2
167112,1
167113,1
167114,2
167116,1
167117,1
167118,1
167119,1
167120,1
167125,2
167127,2
167128,2
167129,2
167131,2
167134,2
167135,2
167136,2
167138,2
167139,2
167140,2
167141,2
167144,2
167145,2
167146,2
167149,1
167150,2
167152,1
167153,2
167154,1
167156,2
167157,2
167158,1
167159,1
167160,2
167163,2
167165,2
167166,2
167167,2
167168,2
167169,2
167170,3
167171,1
167173,1
167175,1
167176,2
167178,3
167180,3
167182,3
167184,3
167187,3
167189,2
167190,1
167191,1
167194,1
167196,1
167198,2
167199,2
167201,3
167204,3
167207,2
167208,2
167209,2
167210,3
167211,3
167212,3
167213,2
167214,2
167216,2
167217,3
167218,3
167221,2
167223,2
167224,2
167225,3
167227,2
167229,3
167231,2
167235,2
167237,2
167239,2
167241,2
167242,2
167243,2
167244,2
167245,3
167249,3
167250,3
167251,3
167253,2
167256,2
167258,2
167260,2
167262,2
167264,2
167265,3
167268,3
167269,2
167271,3
167272,3
167274,2
167277,2
167281,2
167282,2
167285,3
167288,2
167290,2
167291,2
167292,3
167293,1
167294,1
167295,1
167296,1
167297,2
167298,2
167300,2
167302,2
167303,2
167304,2
167305,2
167306,2
167307,2
167308,2
167309,2
167311,2
167313,2
167314,2
167315,2
167318,2
167319,2
167321,2
167322,2
167323,2
167324,2
167326,2
167329,2
167331,2
167333,2
167334,2
167336,1
167337,1
167338,1
167339,3
167342,2
167343,3
167346,2
167349,2
167353,2
167354,2
167355,1
167358,2
167359,2
167361,2
167364,2
167365,2
167366,2
167367,2
167368,3
167369,3
167372,2
167374,3
167376,2
167378,2
167380,2
167381,2
167383,3
167386,3
167387,2
167388,2
167390,2
167393,2
167394,3
167396,2
167399,2
167401,2
167403,2
167404,2
167405,3
167406,3
167408,3
167410,2
167412,2
167415,2
167418,2
167419,2
167421,2
167423,2
167424,2
167425,2
167426,2
167428,2
167429,2
167432,2
167433,2
167436,2
167438,2
167440,2
167441,2
167442,2
167445,2
167447,2
167450,2
167451,2
167452,2
167453,2
167454,2
167455,2
167456,2
167459,1
167460,1
167461,2
167462,2
167464,2
167466,2
167467,4
167469,2
167472,2
167473,2
167474,2
167475,3
167476,3
167477,3
167478,3
167479,2
167480,2
167482,2
167483,2
167485,2
167486,2
167490,1
167492,1
167495,2
167496,1
167498,1
167499,3
167500,1
167502,1
167504,1
167505,2
167506,2
167508,2
167511,2
167512,2
167513,2
167514,2
167515,2
167516,2
167518,2
167519,2
167520,2
167521,2
167522,2
167525,1
167526,2
167527,1
167528,2
167530,3
167531,3
167534,2
167536,3
167538,2
167540,2
167541,2
167542,2
167544,2
167546,2
167547,2
167548,3
167549,3
167552,3
167556,2
167557,2
167558,2
167561,2
167562,2
167563,2
167565,2
167567,2
167569,2
167570,2
167571,2
167572,2
167573,2
167574,2
167578,2
167579,2
167580,2
167582,2
167583,2
167589,3
167590,2
167592,2
167593,2
167594,3
167596,2
167597,3
167599,2
167601,2
167602,2
167603,2
167604,2
167605,2
167606,2
167607,2
167608,4
167610,2
167611,4
167613,3
167614,2
167616,2
167617,2
167618,2
167620,2
167623,2
167624,1
167625,2
167626,2
167627,2
167630,2
167631,1
167634,2
167635,2
167637,2
167638,2
167639,2
167640,1
167641,2
167643,2
167644,2
167645,3
167647,3
167648,2
167649,2
167652,2
167653,2
167654,3
167655,2
167657,2
167659,2
167661,2
167664,2
167665,2
167666,2
167667,2
167669,2
167671,1
167672,2
167675,1
167677,1
167678,2
167679,1
167681,1
167682,1
167684,1
167685,1
167686,1
167687,2
167689,1
167690,2
167691,1
167693,1
167694,1
167695,1
167696,3
167697,2
167698,2
167699,2
167700,2
167701,2
167702,2
167704,2
167707,3
167709,2
167710,2
167711,2
167712,2
167713,2
167714,2
167715,3
167717,2
167718,3
167719,2
167721,2
167722,3
167725,3
167726,2
167727,2
167728,1
167733,2
167737,2
167738,2
167739,2
167741,2
167742,2
167743,2
167745,3
167746,2
167747,2
167752,2
167753,2
167754,2
167755,2
167756,2
167757,2
167758,2
167759,2
167760,2
167761,2
167763,2
167764,2
167766,2
167768,2
167770,2
167772,2
167774,2
167775,2
167778,2
167780,2
167781,2
167784,2
167785,0
167786,0
167791,2
167792,2
167795,2
167797,2
167798,2
167799,2
167800,2
167801,2
167802,2
167804,2
167806,2
167810,2
167811,2
167812,0
167814,0
167815,2
167817,0
167818,2
167819,2
167821,2
167823,1
167825,3
167827,2
167828,2
167831,2
167832,2
167834,2
167836,2
167840,3
167841,2
167842,3
167844,2
167845,3
167847,2
167848,2
167850,2
167852,2
167854,2
167855,2
167856,2
167857,2
167858,2
167860,2
167861,2
167863,2
167864,2
167866,2
167867,2
167870,4
167871,4
167872,4
167873,4
167874,2
167875,2
167876,3
167878,3
167880,3
167882,2
167883,3
167884,2
167885,2
167886,2
167888,2
167889,2
167891,2
167893,2
167896,2
167897,2
167898,2
167901,1
167903,1
167905,1
167907,2
167909,2
167912,2
167913,2
167916,2
167919,2
167920,2
167921,2
167922,2
167923,2
167924,2
167925,2
167927,2
167928,2
167930,2
167932,2
167933,2
167935,2
167936,2
167939,2
167941,2
167942,2
167945,2
167946,2
167948,3
167949,3
167950,3
167951,2
167952,3
167955,3
167956,3
167957,2
167961,2
167962,2
167965,3
167966,2
167967,1
167970,3
167972,3
167976,3
167977,2
167978,3
167979,3
167982,3
167984,2
167985,3
167986,3
167988,2
167989,3
167991,2
167993,3
167996,3
167997,3
167998,3
167999,3
168002,2
168004,2
168005,2
168009,2
168010,2
168012,2
168014,2
168015,2
168016,2
168017,2
168019,2
168020,2
168021,2
168022,2
168023,2
168024,2
168026,3
168027,3
168031,0
168033,0
168036,0
168037,1
168038,0
168040,0
168043,2
168047,2
168049,2
168050,2
168051,2
168052,2
168054,2
168055,2
168057,2
168060,2
168061,2
168063,2
168064,2
168065,3
168067,3
168069,2
168071,2
168073,2
168075,2
168076,2
168079,2
168082,2
168084,2
168086,2
168088,3
168089,3
168092,3
168096,3
168097,3
168098,3
168101,2
168103,2
168106,2
168107,2
168109,2
168110,2
168111,2
168113,2
168114,2
168116,2
168117,2
168118,2
168119,2
168120,2
168125,2
168127,2
168128,2
168132,2
168133,2
168136,4
168138,4
168140,4
168141,4
168142,4
168143,2
168144,2
168145,2
168147,2
168149,2
168151,4
168152,2
168153,2
168155,2
168156,2
168157,4
168159,2
168160,2
168161,2
168162,1
168163,1
168164,2
168166,2
168167,2
168168,1
168170,1
168171,3
168173,2
168178,2
168179,2
168180,2
168182,1
168184,1
168186,1
168187,3
168188,3
168190,3
168192,3
168193,3
168194,3
168195,2
168196,3
168197,4
168198,3
168199,2
168201,4
168202,3
168205,2
168208,1
168209,1
168211,1
168213,1
168215,1
168216,2
168218,2
168219,2
168221,3
168222,3
168223,3
168224,2
168226,3
168228,3
168230,3
168231,2
168232,2
168233,1
168235,1
168237,1
168238,1
168240,2
168243,1
168244,1
168247,1
168248,1
168251,1
168252,2
168254,2
168256,2
168258,2
168259,2
168261,2
168262,2
168264,2
168265,2
168269,2
168270,2
168271,3
168272,3
168276,2
168278,2
168279,2
168281,2
168282,3
168284,3
168286,2
168287,2
168288,2
168289,2
168290,2
168292,2
168293,2
168294,2
168295,2
168297,2
168299,2
168300,2
168303,2
168305,2
168307,2
168310,3
168311,2
168312,3
168315,2
168317,2
168319,3
168322,2
168323,3
168326,3
168327,3
168328,2
168331,1
168332,1
168333,2
168337,2
168338,2
168340,2
168342,2
168345,2
168346,2
168347,2
168350,3
168352,2
168356,2
168358,2
168360,2
168361,2
168363,2
168364,2
168365,2
168367,2
168370,3
168372,3
168375,2
168377,2
168378,2
168381,3
168382,3
168384,2
168385,2
168386,2
168387,2
168388,2
168390,2
168391,2
168393,3
168394,3
168395,2
168396,3
168397,2
168398,3
168400,2
168401,2
168402,2
168404,2
168405,2
168407,2
168408,2
168410,1
168411,1
168412,1
168413,2
168415,2
168416,2
168418,2
168419,2
168420,4
168422,2
168424,4
168425,2
168429,2
168430,2
168431,3
168433,3
168435,2
168436,3
168437,3
168438,3
168440,2
168441,1
168442,2
168443,2
168444,2
168445,2
168448,1
168451,0
168456,3
168457,2
168458,2
168461,2
168462,2
168463,3
168464,4
168468,2
168469,2
168470,2
168473,2
168475,2
168478,1
168479,1
168481,1
168483,1
168486,2
168487,2
168488,2
168489,2
168490,2
168492,2
168494,2
168495,2
168496,2
168497,2
168499,2
168502,2
168503,2
168504,2
168505,2
168506,2
168507,2
168508,2
168510,2
168513,2
168514,2
168517,2
168518,1
168519,1
168520,1
168521,3
168523,3
168524,2
168525,1
168526,2
168527,1
168528,1
168530,2
168531,3
168533,2
168534,2
168535,1
168537,1
168538,1
168540,2
168541,1
168542,2
168543,1
168545,2
168546,2
168548,2
168549,2
168551,2
168552,2
168553,2
168554,2
168555,2
168556,2
168558,2
168561,2
168562,2
168566,2
168567,2
168568,2
168570,2
168571,2
168572,2
168574,2
168577,2
168578,2
168581,2
168582,2
168584,2
168585,2
168586,2
168590,2
168591,2
168595,2
168598,2
168599,2
168600,2
168601,2
168602,2
168603,2
168604,2
168606,3
168608,2
168611,2
168612,3
168613,3
168614,3
168616,3
168618,3
168619,2
168621,1
168622,2
168624,2
168626,2
168627,2
168628,2
168629,2
168631,2
168632,2
168633,2
168634,2
168635,2
168636,2
168637,2
168638,2
168639,1
168641,3
168642,1
168644,1
168645,2
168646,2
168648,2
168649,2
168650,2
168651,2
168652,2
168653,2
168655,2
168658,1
168659,2
168660,2
168661,2
168662,1
168663,1
168665,1
168667,1
168670,2
168671,2
168674,2
168675,2
168677,2
168678,2
168679,2
168680,2
168682,2
168683,2
168684,2
168686,2
168688,2
168689,2
168690,2
168692,2
168695,1
168697,1
168698,2
168700,1
168702,1
168703,2
168704,2
168706,2
168708,2
168711,2
168712,2
168714,2
168716,2
168717,2
168718,2
168720,3
168722,3
168725,3
168726,3
168728,3
168729,2
168730,2
168731,2
168732,3
168733,2
168734,3
168736,3
168737,2
168738,2
168739,2
168741,2
168743,4
168745,2
168748,2
168749,1
168750,3
168754,1
168756,1
168757,2
168758,1
168759,3
168760,2
168761,2
168762,2
168764,2
168765,2
168766,2
168767,2
168769,2
168771,2
168773,3
168777,3
168779,3
168780,3
168781,2
168784,2
168785,2
168786,2
168790,1
168791,2
168792,2
168793,2
168798,2
168800,2
168801,2
168803,2
168804,1
168805,1
168807,2
168809,2
168810,2
168811,2
168812,2
168814,0
168816,0
168818,0
168821,0
168822,0
168825,2
168826,0
168827,2
168828,3
168831,3
168834,2
168835,2
168837,2
168839,3
168840,2
168841,3
168844,2
168847,2
168848,3
168849,1
168851,3
168852,2
168853,1
168857,1
168859,1
168861,2
168862,2
168863,2
168864,2
168868,2
168872,2
168873,2
168878,2
168879,2
168881,2
168883,2
168884,1
168885,2
168886,2
168887,2
168889,1
168892,2
168893,2
168894,2
168896,2
168897,2
168898,2
168902,2
168904,2
168905,2
168906,2
168907,2
168909,2
168912,2
168916,2
168920,1
168921,2
168922,1
168924,1
168925,2
168926,2
168927,2
168931,1
168932,1
168934,2
168935,1
168937,1
168939,3
168940,3
168941,3
168942,3
168944,2
168951,2
168952,2
168954,1
168957,2
168958,2
168960,2
168963,2
168964,2
168965,2
168967,1
168968,1
168971,1
168973,2
168974,2
168976,2
168977,2
168978,2
168980,2
168982,2
168984,2
168985,2
168987,2
168988,3
168989,3
168990,3
168992,3
168993,3
168994,3
168996,3
168997,3
168999,2
169001,2
169002,3
169004,2
169005,3
169008,2
169010,2
169012,2
169013,2
169014,3
169016,3
169017,3
169020,3
169022,2
169023,2
169024,2
169025,2
169027,2
169028,2
169029,2
169032,2
169034,2
169035,2
169038,2
169039,2
169040,2
169042,2
169045,2
169047,2
169048,2
169050,2
169052,2
169053,2
169054,2
169055,2
169056,2
169057,2
169059,2
169060,2
169061,2
169064,2
169065,3
169066,3
169069,2
169070,3
169072,3
169073,3
169077,1
169080,1
169081,3
169084,3
169085,2
169086,2
169087,2
169088,2
169089,2
169098,2
169103,2
169105,2
169107,2
169108,2
169109,3
169110,2
169111,2
169113,3
169114,3
169117,3
169119,4
169120,2
169124,2
169127,2
169128,2
169129,2
169131,2
169132,2
169133,2
169134,2
169136,3
169137,2
169138,2
169139,2
169140,3
169143,3
169144,2
169145,3
169148,2
169152,1
169153,1
169157,2
169158,1
169159,1
169162,1
169163,2
169164,2
169168,2
169170,2
169173,2
169177,2
169178,2
169179,2
169180,2
169181,1
169183,1
169185,1
169186,2
169187,2
169188,2
169189,2
169192,2
169193,2
169194,1
169195,1
169197,1
169203,3
169204,2
169205,2
169206,2
169208,2
169209,3
169211,2
169212,3
169216,4
169217,0
169218,3
169219,2
169220,3
169221,3
169222,2
169224,3
169226,4
169228,4
169229,2
169230,3
169232,2
169234,3
169236,2
169238,2
169241,2
169243,2
169246,3
169247,2
169248,2
169249,2
169250,4
169252,4
169253,2
169254,4
169257,4
169260,2
169263,2
169264,2
169268,2
169269,2
169270,2
169271,2
169273,2
169274,2
169275,2
169276,2
169277,2
169278,2
169279,2
169280,2
169283,2
169284,2
169287,2
169290,2
169292,2
169295,2
169299,2
169301,2
169302,2
169303,2
169304,2
169307,2
169308,2
169311,2
169312,1
169313,0
169314,0
169315,0
169316,2
169319,2
169321,2
169323,2
169324,2
169326,2
169327,2
169329,2
169330,2
169331,2
169332,2
169333,2
169334,2
169335,2
169337,2
169338,2
169339,2
169341,2
169346,3
169348,3
169350,3
169353,2
169354,2
169358,2
169359,3
169363,2
169364,2
169365,2
169367,2
169368,2
169370,2
169373,2
169375,2
169376,2
169378,2
169379,2
169380,2
169383,2
169385,2
169386,2
169388,2
169389,2
169392,2
169396,2
169397,2
169400,1
169401,2
169403,1
169405,1
169409,1
169411,1
169412,2
169415,1
169418,2
169419,1
169422,2
169423,1
169425,1
169427,1
169428,1
169429,2
169432,3
169433,2
169434,2
169435,2
169436,2
169437,2
169438,2
169440,2
169442,2
169443,2
169445,3
169448,3
169450,2
169451,3
169452,2
169453,2
169456,2
169458,2
169460,2
169462,2
169464,2
169465,1
169466,2
169467,1
169468,1
169469,2
169470,4
169471,4
169472,4
169475,1
169476,2
169478,2
169480,2
169483,2
169485,2
169487,2
169488,2
169490,2
169492,2
169493,2
169494,2
169496,2
169498,2
169499,2
169502,2
169504,3
169505,3
169507,1
169509,2
169511,2
169512,2
169513,2
169517,2
169518,2
169522,2
169523,2
169524,2
169525,2
169526,1
169527,1
169528,3
169531,3
169532,3
169533,2
169534,2
169536,2
169537,3
169539,2
169541,3
169542,3
169546,3
169547,3
169548,3
169549,3
169550,3
169552,2
169553,1
169555,3
169556,2
169557,3
169558,2
169559,2
169560,2
169563,2
169566,2
169567,2
169568,2
169569,2
169570,2
169571,2
169572,2
169573,2
169574,2
169575,2
169577,2
169578,2
169579,2
169581,2
169582,2
169583,2
169584,2
169586,2
169591,3
169593,2
169594,2
169595,2
169596,2
169597,2
169598,3
169599,3
169601,3
169603,2
169607,2
169608,2
169612,2
169613,2
169616,2
169618,2
169619,2
169620,2
169621,2
169622,2
169623,2
169624,2
169626,2
169627,2
169628,3
169629,2
169630,3
169632,3
169635,3
169637,2
169638,2
169640,2
169641,2
169642,2
169644,2
169647,3
169648,3
169649,3
169651,3
169653,3
169655,2
169656,3
169658,2
169660,2
169662,2
169663,2
169665,2
169667,2
169668,2
169670,3
169672,3
169673,3
169675,3
169676,3
169677,2
169678,2
169679,2
169681,2
169683,2
169684,2
169686,2
169688,2
169689,2
169690,2
169693,3
169695,3
169696,2
169698,2
169699,2
169700,2
169702,2
169705,2
169706,2
169708,3
169710,2
169713,2
169715,2
169717,2
169718,2
169720,2
169722,2
169724,2
169725,2
169726,2
169727,2
169728,2
169729,2
169730,2
169731,2
169734,3
169735,3
169736,3
169739,3
169740,3
169741,3
169742,3
169744,2
169745,1
169746,2
169749,2
169750,2
169751,2
169752,2
169753,2
169754,3
169755,2
169757,2
169758,2
169759,2
169761,2
169762,2
169763,2
169765,2
169767,2
169768,3
169769,2
169770,3
169771,2
169772,3
169774,3
169775,2
169777,2
169779,2
169781,3
169785,3
169787,3
169788,3
169792,2
169793,2
169794,2
169797,1
169800,1
169801,1
169804,4
169805,2
169806,2
169807,4
169810,2
169811,2
169812,2
169814,1
169815,1
169816,1
169817,2
169819,1
169822,2
169824,2
169826,2
169828,2
169829,2
169832,2
169833,1
169834,1
169835,2
169836,2
169838,2
169839,2
169840,2
169841,3
169843,2
169845,2
169847,2
169848,2
169849,2
169850,2
169853,2
169854,2
169857,2
169858,2
169859,2
169860,2
169861,2
169862,2
169863,2
169864,2
169865,3
169866,3
169867,3
169868,3
169869,3
169870,2
169872,2
169874,2
169876,1
169877,1
169878,1
169879,1
169881,1
169882,2
169883,3
169886,3
169888,3
169890,2
169893,1
169895,2
169899,2
169900,2
169901,2
169905,2
169907,2
169908,2
169909,2
169910,2
169911,2
169913,2
169915,2
169917,2
169919,2
169921,2
169922,2
169923,2
169924,2
169925,2
169926,2
169927,2
169928,2
169929,2
169930,2
169931,2
169932,2
169936,3
169938,3
169939,4
169940,4
169943,4
169944,3
169945,2
169948,3
169949,2
169951,2
169953,2
169956,2
169959,3
169961,3
169962,2
169966,1
169968,3
169969,2
169971,2
169972,2
169976,2
169978,2
169979,2
169980,2
169982,2
169984,2
169986,2
169989,2
169990,2
169991,2
169992,2
169993,2
169996,2
169997,2
169998,2
170000,2
170002,3
170003,2
170004,2
170006,2
170008,2
170010,2
170011,2
170012,2
170013,3
170015,2
170016,3
170017,3
170019,2
170021,2
170022,3
170024,2
170026,2
170029,2
170030,2
170031,2
170032,2
170033,3
170034,2
170037,3
170038,3
170039,2
170040,3
170043,2
170046,1
170047,2
170048,2
170051,2
170052,2
170053,3
170054,1
170056,1
170058,2
170060,2
170062,2
170063,2
170065,2
170067,1
170068,2
170070,2
170071,2
170073,2
170075,2
170076,2
170078,2
170079,2
170081,2
170082,2
170083,2
170084,2
170086,2
170088,2
170089,2
170091,3
170092,2
170093,3
170095,2
170096,2
170098,2
170099,2
170100,2
170101,2
170103,2
170104,2
170106,3
170107,3
170108,3
170109,2
170117,1
170118,1
170120,1
170121,3
170123,2
170125,2
170126,2
170127,2
170128,2
170129,2
170130,2
170131,2
170133,2
170134,2
170135,2
170138,0
170139,0
170143,0
170145,2
170146,0
170148,2
170149,3
170150,2
170151,2
170152,2
170153,2
170154,2
170155,2
170157,4
170158,2
170159,4
170161,2
170163,4
170165,4
170168,3
170170,2
170171,2
170172,2
170173,3
170175,2
170176,1
170178,2
170180,1
170181,2
170183,2
170185,2
170186,3
170187,2
170188,2
170190,2
170191,2
170192,2
170193,3
170196,3
170198,3
170199,3
170201,3
170202,1
170204,2
170205,1
170206,1
170208,2
170210,2
170213,2
170214,3
170216,2
170219,2
170220,2
170222,3
170226,3
170228,3
170230,3
170232,2
170233,3
170235,1
170236,2
170237,3
170238,0
170239,2
170240,0
170243,2
170245,2
170246,1
170247,2
170248,2
170249,2
170250,1
170252,1
170254,1
170255,3
170256,3
170257,3
170259,3
170260,3
170262,4
170263,2
170266,2
170267,1
170269,1
170270,2
170272,2
170273,2
170274,3
170275,3
170277,3
170280,3
170281,2
170282,3
170284,3
170287,3
170289,3
170290,2
170291,2
170292,2
170293,2
170296,2
170297,2
170299,2
170304,2
170305,2
170307,2
170308,2
170312,2
170314,3
170315,2
170316,2
170317,2
170318,3
170320,2
170321,3
170322,3
170323,3
170324,3
170325,3
170327,2
170328,2
170330,2
170332,2
170334,2
170335,3
170339,2
170340,1
170342,1
170345,1
170347,2
170349,2
170351,1
170352,1
170354,3
170355,2
170357,2
170359,2
170360,2
170361,2
170364,2
170366,2
170368,2
170369,1
170370,2
170372,2
170373,0
170375,0
170377,0
170379,2
170381,3
170382,2
170383,3
170385,3
170389,3
170390,2
170391,2
170392,2
170393,2
170394,2
170396,2
170399,2
170400,3
170402,2
170406,2
170407,1
170408,2
170410,1
170414,1
170416,1
170417,1
170418,1
170419,1
170420,1
170422,1
170423,1
170427,2
170428,2
170430,2
170432,2
170434,2
170435,2
170436,2
170438,2
170441,3
170443,3
170445,3
170446,1
170447,3
170448,3
170450,3
170451,2
170452,2
170454,2
170456,2
170457,2
170459,2
170460,2
170461,3
170462,3
170464,3
170466,2
170467,2
170468,2
170469,1
170473,2
170475,2
170476,2
170477,2
170479,2
170482,2
170484,2
170485,2
170488,0
170489,0
170491,2
170492,0
170493,2
170494,1
170495,1
170496,2
170497,2
170501,2
170504,2
170505,2
170506,3
170508,3
170511,3
170512,3
170514,3
170516,3
170517,3
170518,2
170519,2
170522,2
170523,3
170525,3
170529,2
170530,2
170531,2
170534,2
170537,2
170543,2
170544,2
170545,2
170547,2
170548,2
170549,2
170551,2
170553,2
170554,2
170555,2
170556,2
170558,2
170559,3
170560,3
170561,3
170562,2
170563,2
170566,3
170568,2
170569,3
170572,2
170573,2
170574,2
170577,2
170578,2
170579,2
170581,3
170583,2
170585,2
170586,2
170587,2
170588,3
170589,3
170591,3
170593,2
170594,3
170595,2
170596,3
170597,3
170599,3
170600,2
170601,3
170602,3
170603,2
170605,3
170607,2
170609,2
170613,1
170614,2
170616,1
170618,1
170619,3
170620,2
170621,3
170625,1
170626,1
170628,2
170629,1
170631,1
170632,1
170633,1
170636,1
170638,2
170639,2
170640,2
170641,1
170643,1
170645,2
170647,2
170648,2
170649,2
170651,2
170652,2
170653,1
170655,1
170656,3
170660,2
170661,3
170662,2
170663,2
170664,2
170666,2
170669,2
170672,2
170676,2
170679,2
170685,2
170687,1
170688,2
170690,2
170692,2
170693,2
170694,2
170696,3
170697,2
170698,2
170700,2
170701,2
170704,3
170706,3
170708,3
170710,3
170711,3
170712,3
170713,2
170715,2
170716,2
170717,2
170718,2
170720,2
170721,2
170723,2
170724,2
170725,2
170728,2
170729,2
170731,2
170733,2
170734,3
170735,3
170736,2
170738,3
170741,2
170743,2
170744,2
170745,2
170746,2
170748,2
170750,3
170751,2
170752,2
170753,2
170754,2
170755,2
170756,2
170758,2
170759,2
170763,2
170766,2
170767,2
170768,2
170770,3
170772,3
170773,3
170774,3
170776,3
170777,2
170780,2
170781,1
170783,2
170785,2
170786,2
170787,1
170788,1
170790,1
170791,0
170793,1
170794,2
170796,2
170797,2
170799,2
170800,2
170801,2
170802,2
170803,2
170805,2
170809,2
170812,2
170815,1
170816,2
170817,2
170818,2
170819,2
170821,2
170822,2
170823,2
170824,2
170826,2
170827,2
170828,2
170829,2
170831,2
170832,2
170834,2
170836,2
170840,2
170844,2
170845,2
170846,2
170848,2
170851,2
170852,2
170854,2
170855,2
170859,2
170862,2
170865,2
170869,2
170873,2
170874,2
170875,2
170877,1
170878,1
170880,1
170881,2
170882,2
170883,3
170884,3
170885,3
170886,3
170887,2
170888,3
170889,2
170892,2
170894,2
170895,2
170897,2
170898,2
170899,2
170901,2
170904,4
170905,3
170906,2
170908,3
170912,3
170913,2
170915,1
170922,2
170925,2
170926,2
170927,2
170932,2
170933,2
170934,2
170936,2
170939,2
170942,2
170943,2
170944,2
170945,2
170947,2
170948,2
170950,2
170951,1
170953,2
170955,1
170957,2
170958,2
170962,2
170967,3
170968,3
170970,3
170971,3
170973,2
170974,2
170976,2
170978,3
170979,2
170980,2
170981,2
170983,2
170984,2
170987,2
170988,2
170989,2
170990,3
170993,3
170995,2
170996,2
170999,2
171000,3
171002,3
171004,3
171006,2
171007,2
171010,2
171011,2
171013,2
171014,1
171015,2
171016,2
171019,2
171021,2
171022,0
171026,0
171028,0
171030,2
171031,2
171033,1
171034,1
171035,1
171036,2
171037,2
171038,1
171039,3
171042,4
171043,4
171045,2
171046,2
171048,3
171049,3
171051,3
171052,3
171055,2
171057,2
171059,2
171060,2
171062,2
171066,1
171068,1
171070,2
171071,2
171072,2
171073,2
171075,2
171077,2
171078,2
171079,2
171080,2
171081,2
171082,2
171083,2
171085,2
171087,2
171089,2
171090,2
171091,2
171093,2
171095,2
171096,4
171098,3
171101,2
171102,2
171103,2
171104,2
171106,2
171107,3
171109,2
171111,2
171112,3
171115,3
171116,2
171117,2
171118,2
171119,2
171120,2
171122,2
171123,2
171124,2
171125,2
171126,2
171128,2
171132,3
171133,3
171134,3
171137,3
171138,2
171139,2
171140,2
171145,4
171146,2
171147,2
171148,2
171149,2
171150,2
171152,2
171154,3
171156,2
171159,2
171161,2
171162,2
171163,2
171164,2
171165,2
171166,2
171168,3
171170,3
171173,3
171174,2
171175,2
171176,2
171177,2
171178,2
171179,2
171180,2
171183,2
171184,2
171186,2
171187,2
171188,2
171190,2
171192,2
171194,2
171195,2
171196,2
171198,2
171200,2
171202,2
171203,2
171207,2
171210,0
171211,2
171212,2
171213,2
171214,2
171215,2
171216,2
171217,2
171223,2
171225,2
171229,2
171231,2
171232,2
171233,2
171235,2
171236,2
171237,2
171238,2
171239,2
171241,2
171244,2
171247,2
171249,2
171251,2
171252,2
171253,2
171256,2
171257,2
171258,2
171259,2
171263,2
171265,2
171266,2
171268,2
171269,2
171272,2
171277,2
171278,2
171279,2
171281,2
171283,2
171287,2
171289,2
171291,2
171293,2
171294,2
171296,3
171298,3
171300,2
171303,3
171304,2
171307,2
171308,2
171310,2
171312,3
171313,2
171315,2
171317,2
171319,2
171320,2
171322,2
171323,2
171324,2
171325,2
171327,4
171328,4
171330,4
171333,2
171334,2
171335,2
171336,4
171341,2
171344,3
171347,3
171348,2
171350,3
171351,2
171352,2
171353,2
171355,3
171358,2
171359,3
171360,2
171361,2
171363,2
171364,2
171365,2
171366,2
171368,4
171370,2
171372,2
171373,2
171374,2
171376,2
171378,2
171379,2
171380,2
171381,2
171382,2
171383,2
171384,2
171385,2
171386,2
171388,2
171390,2
171391,2
171392,2
171394,2
171395,2
171396,1
171398,1
171401,0
171404,0
171405,1
171406,2
171407,2
171408,2
171409,2
171410,1
171412,1
171414,1
171415,2
171418,2
171419,2
171421,2
171422,2
171423,2
171425,2
171426,2
171427,2
171428,2
171432,2
171433,2
171434,2
171436,2
171437,2
171438,2
171440,2
171441,2
171442,2
171443,2
171447,2
171448,2
171449,2
171451,3
171454,2
171455,2
171456,2
171457,2
171460,2
171462,3
171463,3
171465,3
171466,2
171468,2
171470,2
171471,2
171472,0
171473,2
171476,1
171478,2
171481,2
171483,2
171485,2
171486,2
171488,2
171489,2
171491,1
171493,2
171494,1
171497,2
171499,1
171500,1
171503,1
171504,2
171506,2
171507,2
171509,2
171510,1
171511,3
171512,2
171514,3
171515,3
171516,2
171518,2
171520,2
171522,2
171523,2
171525,2
171526,2
171529,2
171531,2
171534,2
171535,2
171536,2
171538,2
171539,2
171541,2
171542,2
171543,2
171546,2
171548,2
171549,2
171550,2
171552,2
171554,2
171555,2
171557,2
171558,2
171561,3
171562,3
171563,3
171564,3
171565,3
171566,2
171568,2
171569,2
171570,2
171572,2
171575,2
171577,1
171578,1
171579,1
171580,2
171581,2
171582,2
171583,2
171584,2
171586,2
171588,2
171591,3
171596,3
171598,3
171600,2
171601,2
171602,2
171603,2
171604,2
171605,2
171607,2
171609,2
171611,2
171613,2
171616,2
171619,2
171623,3
171625,3
171626,3
171628,1
171629,2
171630,0
171632,0
171634,3
171636,0
171638,2
171640,2
171642,2
171645,2
171646,2
171647,2
171648,2
171650,2
171653,1
171655,1
171656,1
171658,3
171660,1
171661,2
171663,2
171665,3
171668,2
171669,3
171671,2
171672,2
171674,2
171678,2
171680,2
171681,3
171682,3
171684,3
171687,3
171689,2
171690,2
171691,3
171692,2
171694,2
171695,2
171696,2
171697,2
171698,2
171700,3
171701,3
171703,2
171706,2
171708,2
171709,2
171710,2
171712,2
171713,2
171714,2
171715,2
171716,2
171717,3
171719,2
171721,2
171722,2
171723,2
171725,2
171726,2
171728,2
171729,1
171731,1
171732,2
171734,2
171735,2
171736,1
171738,1
171740,1
171746,2
171748,2
171751,2
171754,2
171755,2
171757,2
171760,2
171762,2
171765,2
171767,2
171770,2
171771,2
171773,2
171774,2
171777,0
171778,1
171779,1
171781,1
171783,0
171785,0
171787,0
171791,0
171792,2
171793,2
171794,0
171796,1
171798,3
171801,2
171802,2
171803,2
171805,1
171807,1
171811,1
171813,1
171815,1
171816,2
171818,2
171820,3
171822,2
171825,2
171826,3
171827,2
171830,2
171833,2
171834,2
171835,3
171838,3
171840,3
171842,3
171843,3
171846,2
171847,3
171848,2
171849,3
171851,3
171853,3
171854,3
171855,4
171856,4
171858,4
171860,2
171862,1
171865,1
171866,2
171867,2
171868,2
171870,2
171871,2
171872,2
171874,2
171875,2
171879,3
171881,2
171883,3
171884,3
171886,3
171889,3
171890,3
171893,2
171894,2
171895,2
171900,3
171905,3
171906,2
171907,2
171910,0
171911,1
171912,1
171913,1
171914,2
171918,2
171919,2
171920,2
171923,2
171925,4
171926,2
171927,1
171929,1
171930,3
171932,2
171933,3
171934,3
171935,2
171936,3
171937,0
171938,0
171939,2
171940,3
171942,3
171943,2
171945,2
171947,2
171949,2
171951,2
171954,2
171955,2
171956,2
171960,2
171961,2
171962,2
171963,2
171964,2
171965,4
171967,3
171969,2
171970,2
171971,2
171972,3
171973,3
171974,3
171975,2
171976,2
171979,2
171981,4
171982,2
171983,2
171984,4
171985,4
171986,4
171988,4
171989,4
171990,2
171993,2
171994,2
171995,2
171996,2
171998,2
171999,2
172000,2
172001,2
172004,4
172006,2
172007,2
172008,1
172009,1
172010,2
172011,2
172012,2
172013,2
172015,2
172017,2
172021,1
172024,2
172028,1
172029,1
172032,1
172033,3
172034,3
172035,2
172036,2
172037,2
172038,2
172039,1
172040,2
172041,2
172042,2
172046,0
172047,1
172049,1
172050,1
172051,2
172052,2
172053,2
172054,2
172055,3
172056,2
172059,3
172061,2
172063,2
172066,2
172067,1
172068,3
172070,2
172071,3
172073,3
172074,3
172076,2
172077,2
172078,2
172079,2
172080,2
172081,0
172083,0
172087,2
172088,2
172093,0
172094,2
172095,2
172097,2
172098,2
172099,2
172100,3
172102,0
172107,1
172108,3
172109,2
172110,2
172111,2
172112,2
172113,2
172115,3
172117,2
172119,1
172123,1
172125,2
172127,2
172131,3
172137,1
172140,1
172141,3
172143,3
172145,3
172146,3
172147,3
172148,3
172149,2
172151,2
172152,2
172153,2
172155,2
172157,2
172158,2
172159,2
172165,2
172168,2
172169,2
172172,2
172174,2
172176,2
172179,2
172181,2
172182,2
172183,2
172184,2
172186,2
172188,2
172190,2
172193,2
172195,2
172197,2
172198,2
172200,2
172204,2
172208,2
172209,2
172211,2
172214,2
172216,3
172217,3
172222,3
172224,2
172225,1
172226,2
172227,3
172230,2
172234,2
172236,2
172237,2
172238,2
172239,2
172241,2
172242,2
172244,2
172245,2
172247,2
172248,2
172250,2
172252,2
172254,2
172255,2
172256,2
172257,2
172260,2
172261,2
172262,1
172263,2
172264,2
172268,3
172269,2
172270,2
172271,2
172273,2
172274,2
172275,2
172276,2
172277,3
172278,3
172280,2
172281,3
172282,1
172284,2
172285,2
172286,2
172288,1
172289,2
172294,2
172296,2
172297,2
172298,2
172299,1
172301,2
172303,2
172305,1
172309,2
172310,2
172312,2
172313,2
172314,2
172315,2
172316,2
172317,2
172319,2
172321,2
172322,0
172324,2
172327,2
172328,2
172329,0
172332,0
172333,1
172335,1
172338,2
172339,2
172340,2
172341,2
172342,1
172346,3
172348,3
172349,3
172350,2
172354,1
172356,0
172359,1
172360,1
172361,2
172362,3
172363,3
172366,3
172368,3
172370,3
172373,2
172375,2
172377,2
172379,2
172381,2
172382,1
172383,2
172384,2
172385,2
172387,2
172388,2
172389,2
172390,2
172391,2
172392,2
172396,2
172397,2
172399,2
172403,2
172404,2
172406,3
172408,3
172409,3
172410,2
172412,3
172413,4
172414,3
172416,4
172419,2
172420,4
172422,4
172423,3
172424,2
172427,2
172430,3
172432,2
172433,2
172434,3
172435,3
172436,3
172438,3
172439,3
172441,3
172442,3
172444,2
172447,1
172448,2
172449,2
172450,1
172452,1
172453,2
172455,1
172456,3
172460,2
172461,1
172464,1
172467,1
172468,1
172469,2
172470,2
172471,2
172473,2
172476,2
172477,1
172479,1
172482,2
172483,1
172484,1
172486,1
172488,2
172489,1
172491,1
172492,1
172493,2
172494,1
172495,2
172498,2
172500,2
172501,2
172504,2
172505,2
172506,2
172507,2
172509,2
172512,2
172513,2
172514,2
172515,2
172517,2
172518,2
172520,2
172522,2
172523,2
172524,2
172528,2
172533,2
172535,2
172538,2
172540,2
172541,2
172542,2
172543,2
172544,2
172545,2
172546,2
172550,2
172555,2
172556,2
172557,1
172558,1
172559,2
172562,2
172563,2
172565,2
172566,1
172572,1
172577,2
172578,2
172579,4
172580,4
172582,4
172583,3
172585,4
172587,2
172588,4
172590,2
172591,4
172593,2
172595,2
172596,1
172599,2
172600,2
172602,2
172603,2
172604,2
172605,2
172606,2
172608,2
172609,2
172610,2
172613,4
172614,3
172615,2
172616,2
172617,2
172619,3
172620,3
172621,3
172622,3
172623,2
172624,3
172625,3
172627,3
172629,3
172630,3
172632,2
172634,2
172635,2
172637,3
172639,3
172640,2
172641,2
172643,2
172645,2
172646,2
172647,2
172648,2
172649,2
172650,2
172651,2
172653,2
172654,2
172655,2
172656,3
172658,1
172661,2
172664,2
172666,2
172668,2
172670,2
172672,2
172674,2
172677,2
172678,2
172681,2
172682,2
172685,2
172686,2
172688,2
172689,2
172690,2
172691,2
172692,3
172693,3
172694,3
172695,2
172696,2
172700,2
172704,2
172705,2
172706,2
172708,2
172709,2
172710,2
172711,2
172712,2
172715,2
172716,2
172717,3
172719,2
172720,2
172721,2
172722,2
172724,2
172725,2
172727,2
172731,2
172733,2
172735,2
172736,2
172737,2
172738,2
172739,2
172740,3
172741,3
172743,3
172744,3
172745,2
172747,3
172749,3
172750,3
172753,2
172754,2
172756,2
172757,3
172758,2
172759,2
172761,3
172769,3
172770,3
172771,3
172774,2
172777,2
172778,2
172779,3
172781,2
172782,3
172784,3
172786,3
172787,2
172789,1
172790,2
172791,2
172792,2
172793,2
172795,2
172796,2
172797,1
172798,2
172801,2
172802,2
172803,2
172805,2
172807,2
172809,1
172810,2
172811,1
172813,1
172815,1
172817,1
172819,2
172820,2
172823,2
172825,1
172827,2
172829,1
172832,2
172834,2
172836,2
172838,2
172839,2
172840,2
172841,2
172842,2
172846,2
172848,2
172849,2
172851,2
172852,2
172853,3
172854,3
172856,3
172857,3
172858,2
172859,3
172860,2
172863,2
172864,2
172865,2
172866,2
172867,2
172868,2
172870,2
172871,2
172874,3
172875,3
172877,3
172880,3
172883,3
172885,2
172889,2
172890,2
172893,1
172894,1
172895,2
172896,1
172898,2
172899,1
172903,1
172904,0
172906,2
172909,2
172910,0
172911,0
172913,3
172916,2
172919,2
172920,2
172921,3
172922,3
172923,2
172924,3
172927,2
172929,2
172931,2
172932,2
172933,2
172934,2
172937,2
172938,0
172940,3
172942,3
172944,2
172945,2
172946,2
172947,2
172949,2
172951,1
172952,1
172955,2
172958,2
172961,2
172962,2
172963,1
172964,1
172965,3
172967,2
172969,2
172971,2
172973,2
172979,1
172980,1
172982,1
172984,1
172987,2
172989,2
172990,1
172991,2
172992,2
172995,2
172998,1
173000,2
173001,1
173005,2
173009,2
173011,2
173013,2
173015,2
173017,2
173019,2
173020,2
173021,2
173024,2
173026,3
173027,3
173029,3
173033,3
173034,2
173036,2
173039,3
173041,2
173043,2
173045,2
173046,2
173048,2
173049,2
173051,1
173052,2
173054,2
173057,2
173059,2
173061,2
173062,2
173063,2
173064,1
173065,2
173066,2
173067,1
173069,2
173070,1
173072,1
173073,1
173077,1
173079,1
173081,1
173082,1
173083,2
173084,2
173086,2
173087,2
173090,2
173091,2
173092,2
173094,2
173095,2
173098,1
173100,2
173103,1
173105,3
173106,2
173107,3
173108,3
173110,3
173111,3
173112,2
173113,1
173114,2
173115,1
173117,2
173118,2
173119,2
173120,2
173124,2
173126,2
173128,2
173129,2
173132,2
173135,2
173136,2
173137,2
173138,2
173139,2
173142,3
173143,2
173144,2
173145,2
173146,3
173148,3
173149,3
173152,3
173154,2
173156,2
173157,1
173158,2
173159,3
173160,2
173162,2
173164,3
173165,2
173167,2
173168,3
173169,2
173170,2
173171,2
173172,2
173174,2
173175,2
173176,2
173177,2
173179,3
173181,2
173183,2
173184,2
173185,2
173186,2
173187,3
173189,2
173191,2
173192,2
173193,2
173196,2
173197,2
173199,2
173201,2
173202,2
173203,2
173205,2
173206,2
173208,2
173209,2
173210,2
173211,2
173213,2
173214,2
173216,2
173217,2
173219,2
173220,2
173221,2
173222,3
173223,3
173225,2
173226,2
173229,2
173231,2
173233,2
173234,2
173238,2
173239,2
173240,2
173244,2
173245,2
173246,2
173248,2
173249,2
173250,2
173252,2
173253,2
173254,2
173255,2
173256,2
173257,2
173260,2
173261,2
173262,2
173263,2
173264,2
173266,2
173268,2
173269,2
173270,2
173271,2
173272,2
173274,2
173275,2
173276,2
173278,2
173279,3
173280,3
173281,3
173282,3
173283,2
173285,2
173287,2
173288,2
173293,2
173294,2
173296,2
173299,2
173300,2
173301,2
173302,2
173305,2
173306,4
173308,4
173309,4
173310,3
173312,1
173313,1
173315,1
173316,2
173317,1
173319,1
173320,1
173321,2
173322,2
173323,2
173324,2
173325,2
173328,3
173330,3
173331,3
173333,3
173335,2
173337,2
173339,2
173341,2
173343,2
173345,2
173347,2
173348,2
173349,2
173351,2
173353,2
173355,2
173356,2
173357,2
173358,2
173359,2
173360,3
173362,3
173364,3
173366,2
173367,3
173368,3
173369,3
173370,2
173372,3
173373,3
173374,2
173375,2
173376,1
173377,2
173378,2
173379,2
173380,2
173382,2
173383,1
173385,1
173386,1
173387,1
173389,2
173390,1
173392,2
173395,1
173397,1
173399,1
173400,2
173401,1
173403,1
173404,2
173406,1
173408,1
173410,0
173411,2
173413,0
173414,1
173415,2
173416,3
173417,2
173418,2
173420,2
173425,2
173426,2
173427,2
173428,2
173432,2
173435,2
173436,2
173437,2
173438,2
173439,2
173442,2
173446,2
173447,2
173450,0
173451,2
173452,1
173454,2
173455,1
173457,1
173458,2
173460,2
173461,3
173464,4
173465,4
173466,2
173468,2
173470,3
173471,3
173473,2
173474,2
173475,2
173478,2
173479,4
173482,4
173483,3
173486,3
173487,3
173489,3
173490,2
173491,2
173493,4
173496,4
173498,2
173500,2
173502,2
173503,2
173505,2
173508,2
173510,3
173511,2
173512,2
173513,2
173514,3
173516,3
173517,2
173519,3
173521,2
173523,2
173524,3
173525,2
173526,1
173527,2
173528,2
173529,4
173532,1
173534,2
173535,1
173536,1
173537,4
173538,3
173539,3
173540,3
173542,3
173543,2
173546,2
173548,2
173550,2
173551,2
173554,3
173555,2
173556,2
173558,3
173560,4
173562,4
173564,4
173565,3
173567,1
173569,1
173574,2
173575,1
173578,1
173580,1
173581,1
173582,2
173585,2
173587,2
173590,2
173592,2
173593,2
173594,2
173595,2
173598,3
173600,3
173601,3
173603,3
173605,2
173611,2
173612,2
173613,2
173614,2
173615,2
173616,2
173617,2
173618,2
173620,2
173621,2
173622,2
173623,2
173624,2
173625,2
173627,2
173629,2
173631,2
173636,2
173643,1
173644,1
173645,1
173646,1
173648,1
173649,1
173651,3
173653,2
173654,3
173656,3
173659,3
173661,2
173663,1
173664,1
173667,1
173669,2
173670,2
173672,2
173673,2
173675,2
173678,2
173681,2
173682,2
173683,2
173684,2
173685,2
173687,2
173688,2
173689,2
173690,2
173693,2
173697,2
173699,2
173701,2
173708,2
173709,2
173710,2
173711,2
173712,2
173713,2
173714,2
173715,2
173717,2
173718,2
173720,2
173721,2
173722,2
173724,2
173725,2
173729,2
173730,2
173734,2
173736,2
173738,2
173741,2
173742,2
173743,2
173744,1
173745,1
173748,1
173749,1
173750,2
173753,2
173754,2
173756,2
173758,2
173761,2
173762,2
173763,2
173765,2
173766,2
173767,2
173768,2
173769,2
173771,2
173772,2
173774,2
173775,2
173777,2
173778,2
173779,2
173780,2
173787,1
173788,1
173791,3
173793,3
173794,2
173795,2
173797,2
173800,2
173801,2
173802,2
173803,2
173804,2
173809,1
173813,2
173816,1
173818,1
173819,1
173821,1
173822,2
173823,2
173828,3
173829,2
173830,3
173831,3
173837,2
173838,2
173839,2
173840,2
173841,2
173843,2
173845,4
173846,4
173849,1
173852,2
173854,2
173855,4
173857,2
173859,4
173860,1
173861,2
173863,2
173865,4
173866,4
173868,3
173870,2
173873,2
173874,2
173876,2
173878,2
173880,2
173881,2
173882,2
173885,0
173887,2
173888,0
173891,0
173893,2
173894,2
173898,2
173899,2
173906,3
173907,3
173908,2
173912,3
173915,2
173916,3
173920,3
173921,3
173923,2
173927,2
173929,3
173930,3
173932,1
173933,1
173934,1
173935,3
173936,3
173938,3
173940,3
173943,3
173945,2
173946,2
173947,2
173948,2
173950,2
173951,2
173953,2
173955,2
173957,2
173959,2
173960,2
173961,2
173962,2
173963,2
173964,2
173965,2
173966,2
173970,2
173973,3
173974,3
173976,2
173978,2
173979,2
173980,2
173982,2
173983,2
173984,2
173985,2
173986,2
173988,2
173990,2
173992,1
173993,1
173994,2
173996,2
173999,2
174000,2
174001,2
174002,2
174003,2
174005,2
174006,2
174008,2
174009,2
174012,2
174014,2
174018,3
174019,2
174020,2
174021,2
174022,2
174023,2
174024,2
174028,0
174029,3
174032,3
174034,2
174036,2
174037,2
174038,3
174039,2
174040,2
174041,2
174043,2
174044,2
174045,2
174047,3
174053,2
174054,3
174056,2
174058,2
174059,2
174060,2
174061,2
174063,1
174064,2
174065,2
174072,1
174074,1
174075,2
174076,1
174077,1
174078,1
174080,2
174081,2
174082,2
174087,2
174088,2
174089,2
174090,2
174091,2
174093,2
174095,2
174097,2
174099,2
174101,2
174102,2
174103,2
174104,2
174105,2
174106,2
174107,2
174108,2
174110,2
174111,2
174112,2
174115,2
174117,2
174118,2
174119,2
174120,2
174121,2
174122,2
174123,2
174124,2
174125,2
174126,2
174127,2
174129,2
174130,2
174133,3
174137,2
174138,2
174139,3
174141,2
174142,1
174145,1
174147,3
174148,2
174149,2
174150,2
174151,2
174153,3
174154,3
174155,2
174156,1
174160,1
174163,2
174164,3
174165,2
174167,2
174168,2
174170,3
174172,1
174174,2
174175,2
174176,2
174177,2
174178,0
174181,2
174184,3
174185,3
174186,2
174188,2
174190,2
174192,2
174193,3
174194,2
174196,3
174197,2
174198,2
174200,2
174201,2
174202,2
174205,2
174207,3
174210,2
174211,2
174213,2
174214,2
174217,1
174218,2
174219,1
174222,2
174223,1
174224,1
174226,1
174228,2
174230,2
174232,2
174233,1
174234,2
174235,2
174236,2
174237,3
174238,3
174241,2
174242,2
174245,2
174248,3
174249,4
174251,2
174252,3
174254,3
174255,3
174256,3
174257,2
174259,3
174260,3
174261,1
174262,2
174263,3
174264,3
174267,2
174269,1
174274,2
174275,2
174277,4
174280,2
174281,4
174284,2
174285,2
174286,2
174289,3
174290,4
174293,3
174294,2
174295,3
174296,3
174301,2
174302,2
174304,2
174306,2
174307,0
174308,2
174311,3
174313,2
174314,3
174316,2
174318,2
174319,2
174320,3
174321,2
174325,4
174326,2
174327,2
174328,2
174329,2
174330,2
174333,2
174334,4
174337,4
174338,4
174340,4
174344,4
174345,4
174346,4
174348,2
174349,3
174351,2
174354,2
174355,2
174357,2
174358,3
174360,2
174361,2
174363,2
174364,2
174366,2
174367,2
174368,2
174370,3
174371,2
174373,3
174375,3
174376,2
174377,2
174378,3
174381,2
174383,2
174385,2
174387,2
174388,2
174390,2
174391,2
174392,2
174393,2
174394,2
174395,2
174396,2
174398,2
174399,2
174401,2
174402,2
174403,2
174404,2
174405,2
174406,2
174408,2
174411,3
174412,2
174413,2
174414,2
174415,3
174417,3
174418,3
174420,2
174421,3
174424,3
174426,2
174427,2
174428,2
174429,3
174432,2
174433,2
174434,2
174436,2
174438,2
174440,2
174441,2
174442,2
174443,2
174444,2
174445,2
174447,2
174451,2
174452,2
174455,2
174460,2
174464,2
174467,2
174468,2
174469,2
174471,3
174474,3
174475,2
174478,2
174480,2
174481,2
174484,2
174485,2
174486,2
174487,2
174490,2
174491,2
174493,2
174494,2
174495,2
174496,2
174497,2
174500,2
174501,2
174503,1
174504,1
174507,2
174508,2
174509,2
174511,2
174512,2
174513,2
174520,2
174521,2
174526,3
174527,2
174528,2
174530,2
174531,2
174532,3
174535,2
174537,2
174538,2
174541,3
174542,3
174543,3
174545,2
174546,3
174548,3
174549,2
174550,1
174552,1
174555,1
174557,2
174558,1
174560,1
174563,1
174564,1
174566,3
174568,1
174570,1
174571,3
174573,3
174576,4
174577,4
174578,4
174579,2
174580,1
174581,2
174583,2
174584,3
174585,3
174587,3
174588,2
174591,2
174592,2
174593,2
174594,2
174597,2
174598,2
174599,2
174600,2
174601,2
174602,2
174603,2
174604,2
174605,2
174606,2
174607,2
174608,2
174609,2
174610,2
174612,2
174614,2
174615,2
174616,2
174618,2
174619,2
174621,3
174622,2
174624,2
174626,2
174628,2
174630,2
174631,2
174633,2
174635,2
174637,2
174639,2
174640,2
174641,2
174642,2
174643,3
174645,3
174646,3
174648,3
174649,4
174651,4
174655,3
174656,2
174658,2
174659,3
174665,2
174666,3
174669,2
174670,2
174671,2
174672,2
174673,2
174674,2
174675,2
174676,2
174678,2
174679,2
174681,2
174684,2
174685,2
174686,2
174687,2
174688,2
174689,2
174691,2
174692,2
174694,2
174695,2
174696,2
174697,2
174698,2
174700,2
174701,2
174704,2
174705,2
174707,2
174709,2
174711,2
174712,2
174715,2
174718,1
174720,1
174723,2
174724,2
174725,2
174726,2
174728,1
174730,2
174731,2
174733,2
174734,2
174735,2
174736,2
174737,2
174738,2
174740,2
174742,2
174743,3
174746,3
174747,3
174749,2
174751,2
174752,2
174753,1
174754,1
174758,2
174759,2
174760,2
174762,2
174764,1
174767,1
174771,1
174773,2
174775,2
174777,2
174779,2
174782,2
174783,2
174784,2
174786,2
174787,2
174789,2
174790,2
174791,2
174793,2
174794,2
174795,2
174796,2
174797,2
174798,2
174799,2
174801,2
174802,2
174803,2
174805,2
174807,4
174810,4
174811,2
174812,3
174814,2
174815,2
174816,3
174818,3
174819,3
174820,2
174821,3
174822,3
174824,3
174825,2
174827,2
174828,2
174829,2
174831,2
174832,2
174834,2
174837,2
174838,2
174841,2
174844,2
174845,4
174848,4
174849,3
174852,2
174856,3
174857,3
174858,3
174859,2
174861,2
174862,3
174865,3
174866,3
174868,3
174870,2
174871,3
174872,3
174874,3
174875,2
174876,2
174877,3
174879,3
174882,2
174883,2
174885,3
174886,3
174888,2
174892,3
174893,3
174896,3
174897,2
174898,2
174899,2
174900,2
174901,2
174902,3
174904,3
174905,2
174906,3
174907,3
174908,2
174909,3
174910,2
174911,3
174913,3
174914,2
174917,2
174918,2
174919,3
174920,2
174923,2
174924,2
174925,2
174926,2
174927,2
174929,1
174931,2
174932,2
174933,2
174936,3
174938,2
174939,2
174940,3
174942,2
174944,2
174945,2
174946,2
174948,2
174950,2
174951,2
174957,2
174958,2
174959,2
174960,2
174961,3
174962,2
174963,2
174964,2
174966,2
174968,2
174969,2
174972,2
174973,2
174975,2
174977,2
174979,2
174980,2
174981,2
174982,3
174983,4
174985,3
174987,2
174989,3
174990,2
174991,3
174993,4
174996,4
174997,4
174999,4
175001,4
175002,2
175004,2
175006,2
175009,2
175010,2
175011,2
175013,2
175014,2
175016,2
175017,2
175021,1
175022,1
175025,1
175027,2
175030,2
175032,2
175033,2
175035,2
175036,2
175037,2
175040,2
175042,2
175043,2
175045,2
175047,2
175048,2
175049,2
175050,1
175051,2
175052,2
175054,3
175056,2
175058,2
175060,2
175062,2
175063,3
175065,2
175066,2
175067,2
175069,2
175070,2
175073,2
175075,2
175076,2
175078,2
175079,2
175082,2
175084,1
175085,2
175086,3
175087,3
175088,2
175089,2
175092,1
175094,1
175098,2
175100,2
175102,2
175103,2
175104,2
175105,2
175106,2
175107,2
175108,2
175110,2
175112,2
175113,2
175116,2
175117,2
175119,2
175121,2
175124,3
175126,3
175128,2
175129,3
175131,3
175133,3
175134,2
175135,3
175136,3
175138,2
175140,2
175143,2
175144,3
175145,2
175146,3
175149,2
175150,2
175151,2
175155,2
175160,1
175161,2
175162,2
175165,2
175168,2
175169,2
175170,2
175172,2
175174,2
175175,2
175176,2
175178,2
175180,2
175182,2
175184,2
175186,2
175189,2
175199,4
175200,4
175203,4
175204,3
175205,2
175206,2
175208,2
175209,2
175210,2
175213,2
175215,2
175217,2
175218,2
175221,2
175222,2
175225,2
175227,2
175229,2
175233,2
175234,2
175236,3
175238,2
175241,2
175243,2
175244,2
175245,2
175248,2
175250,2
175251,2
175252,2
175253,3
175256,2
175257,2
175258,3
175262,2
175263,3
175265,2
175266,2
175267,2
175268,2
175269,2
175271,2
175272,3
175274,3
175276,2
175277,3
175279,2
175281,2
175282,2
175283,1
175284,2
175285,2
175286,2
175287,2
175288,2
175289,4
175291,2
175294,2
175295,2
175296,2
175297,2
175299,2
175301,2
175302,2
175304,2
175307,1
175308,1
175311,1
175312,2
175315,1
175316,2
175318,2
175319,2
175321,2
175323,2
175325,2
175326,2
175327,2
175328,3
175330,3
175332,3
175334,2
175336,2
175337,2
175338,2
175340,2
175342,3
175344,2
175346,2
175348,1
175349,1
175350,1
175351,3
175354,1
175356,1
175357,2
175359,2
175360,2
175361,2
175363,2
175365,2
175368,2
175371,2
175372,2
175374,2
175375,2
175377,2
175379,2
175380,2
175381,2
175384,2
175387,2
175389,2
175390,2
175391,2
175392,3
175396,2
175398,2
175399,2
175400,2
175401,2
175403,2
175404,2
175406,2
175407,2
175408,2
175409,2
175411,2
175414,3
175416,2
175418,3
175420,2
175422,3
175423,2
175424,1
175426,2
175427,1
175429,3
175430,2
175433,2
175434,2
175435,2
175437,2
175439,2
175440,2
175441,2
175442,2
175443,2
175445,2
175447,2
175448,2
175449,2
175451,2
175452,2
175453,2
175455,2
175456,3
175457,3
175458,3
175459,3
175463,3
175464,3
175467,2
175469,3
175470,3
175471,3
175476,2
175477,2
175482,2
175483,2
175484,2
175485,2
175486,2
175487,2
175491,2
175492,2
175493,2
175494,2
175499,2
175503,2
175505,2
175507,1
175509,2
175510,1
175511,1
175512,1
175513,3
175515,2
175516,1
175517,1
175518,3
175519,1
175520,2
175521,3
175526,1
175528,3
175529,3
175530,3
175531,1
175533,1
175535,1
175537,1
175538,3
175540,2
175543,2
175544,2
175545,2
175546,2
175547,2
175548,2
175549,3
175550,3
175552,2
175554,3
175555,2
175556,2
175557,2
175559,2
175562,2
175564,3
175569,3
175572,3
175573,3
175577,3
175579,3
175580,3
175581,3
175584,3
175589,3
175590,2
175592,2
175593,2
175594,2
175595,3
175596,2
175598,2
175599,2
175600,3
175602,2
175603,2
175604,2
175605,3
175607,3
175610,2
175612,2
175613,3
175615,2
175617,2
175621,3
175623,3
175626,2
175629,2
175630,2
175631,2
175632,2
175633,3
175635,3
175636,2
175637,4
175639,4
175641,2
175643,4
175644,4
175645,4
175646,2
175647,2
175648,2
175650,4
175651,2
175652,2
175653,2
175654,2
175655,2
175656,2
175658,2
175659,2
175660,2
175661,2
175662,2
175663,2
175667,0
175669,2
175671,0
175676,2
175678,0
175680,0
175681,2
175683,0
175687,0
175689,2
175691,1
175692,2
175693,3
175694,2
175696,2
175701,4
175702,4
175705,4
175707,2
175709,2
175710,3
175712,2
175713,2
175715,3
175717,2
175719,2
175721,2
175722,3
175723,3
175724,3
175726,3
175727,3
175728,3
175729,3
175730,3
175732,3
175733,2
175737,2
175738,2
175740,2
175741,2
175742,2
175743,2
175744,2
175748,1
175749,2
175750,2
175753,2
175754,1
175760,2
175761,2
175763,2
175769,1
175772,1
175773,1
175775,2
175776,2
175779,2
175781,2
175783,2
175784,2
175785,2
175786,2
175787,2
175788,2
175789,2
175791,2
175793,2
175794,2
175795,2
175796,2
175798,2
175799,2
175800,2
175802,1
175803,2
175804,2
175806,2
175809,3
175810,2
175812,2
175813,2
175817,2
175818,2
175819,2
175821,3
175823,2
175827,3
175828,3
175830,3
175833,3
175834,2
175835,4
175836,3
175838,3
175840,3
175841,3
175842,2
175843,1
175847,1
175850,2
175852,2
175853,2
175854,2
175855,2
175858,2
175859,2
175860,2
175861,2
175862,2
175863,2
175865,2
175866,2
175867,2
175868,2
175869,1
175871,2
175873,1
175876,2
175877,2
175878,2
175879,1
175880,2
175882,2
175888,2
175889,2
175890,2
175891,2
175893,2
175894,2
175895,2
175896,2
175898,2
175899,2
175900,2
175902,2
175903,2
175904,2
175905,2
175906,2
175908,2
175911,2
175912,2
175913,2
175916,2
175919,2
175922,2
175923,3
175924,3
175927,2
175928,3
175930,2
175931,3
175933,2
175934,2
175937,3
175938,3
175939,2
175940,3
175944,2
175945,1
175946,2
175948,2
175950,2
175951,2
175954,2
175958,2
175959,2
175960,2
175961,2
175962,2
175963,2
175964,2
175965,1
175966,1
175969,1
175970,1
175972,2
175975,2
175976,2
175979,3
175981,3
175984,3
175987,3
175988,4
175990,4
175996,2
175998,2
175999,2
176000,2
176001,2
176002,2
176003,2
176005,2
176008,2
176009,2
176011,2
176013,2
176014,2
176015,2
176016,2
176018,1
176019,0
176021,0
176023,0
176024,1
176026,2
176027,2
176028,2
176029,2
176030,2
176032,2
176033,2
176034,2
176035,2
176037,2
176039,2
176040,2
176041,2
176042,2
176044,2
176047,2
176048,2
176049,2
176052,2
176054,2
176055,3
176058,3
176059,2
176060,2
176062,2
176063,3
176065,3
176066,3
176068,2
176070,3
176074,2
176076,3
176077,1
176079,2
176082,2
176083,2
176084,2
176085,2
176087,2
176088,2
176089,2
176090,1
176092,2
176094,1
176096,2
176097,1
176099,2
176100,2
176101,2
176102,1
176104,2
176105,1
176107,1
176109,2
176111,2
176112,2
176114,2
176118,2
176120,2
176122,2
176124,2
176126,2
176127,2
176129,3
176133,2
176135,2
176136,2
176137,2
176139,2
176141,2
176142,2
176143,2
176145,2
176146,2
176147,2
176148,2
176150,2
176151,2
176153,2
176155,2
176156,2
176157,3
176158,2
176159,2
176160,2
176162,2
176163,2
176164,2
176166,2
176167,2
176168,2
176171,3
176176,3
176179,2
176181,2
176183,3
176186,2
176187,2
176188,2
176189,2
176192,2
176193,2
176195,2
176196,2
176197,2
176198,2
176199,2
176200,2
176201,2
176205,2
176207,2
176210,2
176211,2
176212,2
176215,2
176216,2
176220,1
176221,1
176222,3
176223,1
176224,3
176226,2
176231,2
176233,2
176234,2
176235,2
176239,2
176240,2
176241,2
176242,2
176243,2
176249,1
176251,1
176252,2
176253,2
176254,1
176256,2
176257,2
176258,2
176259,2
176260,2
176261,2
176264,2
176265,2
176268,2
176270,2
176272,1
176273,1
176275,2
176276,2
176277,3
176278,2
176280,2
176281,2
176284,3
176287,2
176288,2
176289,2
176293,2
176294,2
176296,2
176299,2
176300,2
176311,3
176313,3
176316,2
176317,2
176318,3
176321,3
176322,3
176324,2
176325,2
176327,2
176328,2
176330,2
176331,2
176333,2
176334,2
176336,2
176337,2
176338,2
176340,2
176341,2
176343,2
176344,2
176345,0
176347,0
176349,1
176350,0
176352,2
176355,2
176357,2
176359,2
176360,2
176361,2
176362,2
176363,2
176364,2
176366,0
176367,2
176369,2
176370,2
176371,1
176372,2
176374,1
176377,3
176378,3
176381,3
176382,3
176383,3
176385,3
176386,2
176388,2
176390,2
176391,2
176392,3
176393,2
176395,3
176396,2
176399,4
176401,3
176402,3
176406,3
176407,3
176408,1
176409,1
176410,1
176412,1
176413,2
176414,2
176416,2
176418,2
176420,2
176421,2
176423,2
176424,2
176426,2
176428,3
176429,3
176430,3
176431,3
176433,3
176435,3
176437,2
176438,2
176439,2
176441,2
176444,3
176445,2
176447,2
176448,3
176450,3
176452,3
176454,2
176456,2
176457,1
176458,1
176459,3
176460,3
176461,2
176462,1
176463,3
176465,3
176466,2
176467,2
176469,2
176470,2
176472,2
176473,2
176475,1
176477,1
176479,2
176480,1
176482,1
176486,2
176487,2
176488,2
176489,2
176491,3
176492,2
176493,2
176495,2
176497,2
176499,2
176501,2
176504,3
176506,3
176510,3
176511,2
176512,3
176513,3
176514,3
176515,2
176517,2
176518,3
176522,3
176523,2
176524,3
176526,2
176529,3
176531,2
176532,3
176534,2
176535,0
176536,2
176537,2
176538,2
176539,2
176540,0
176541,2
176542,2
176543,0
176545,3
176547,2
176548,2
176550,2
176552,2
176553,2
176554,2
176557,2
176560,3
176564,2
176568,2
176569,2
176571,2
176572,2
176573,2
176575,2
176577,3
176578,2
176579,2
176580,3
176583,2
176586,1
176589,2
176590,2
176593,2
176597,2
176598,2
176601,2
176602,3
176606,2
176608,2
176609,2
176610,2
176616,2
176617,2
176618,2
176620,2
176621,2
176624,2
176625,2
176628,2
176629,3
176631,3
176632,2
176634,3
176636,3
176638,2
176640,3
176641,2
176642,2
176643,2
176645,2
176648,2
176650,2
176652,2
176655,2
176656,2
176657,2
176661,2
176662,2
176663,2
176664,2
176666,2
176668,2
176669,2
176671,1
176672,1
176674,0
176676,2
176679,3
176681,2
176682,2
176683,2
176684,2
176687,2
176689,2
176690,2
176691,2
176693,3
176696,3
176698,2
176701,2
176702,2
176703,2
176705,3
176706,3
176707,3
176708,3
176712,3
176714,3
176715,2
176717,3
176719,3
176720,3
176722,3
176724,2
176726,2
176728,2
176730,2
176731,2
176736,2
176739,3
176740,2
176741,3
176743,3
176745,2
176746,2
176748,2
176750,3
176753,3
176754,2
176755,4
176756,3
176758,2
176763,1
176764,1
176766,2
176768,2
176770,3
176771,2
176773,1
176775,2
176776,2
176777,2
176778,2
176779,2
176780,1
176782,1
176784,2
176785,1
176787,2
176790,1
176794,1
176795,1
176796,2
176798,2
176804,1
176806,1
176809,1
176811,2
176813,2
176814,2
176816,2
176817,1
176820,2
176823,2
176828,3
176829,2
176831,2
176832,2
176834,3
176836,2
176837,2
176838,2
176839,2
176840,1
176841,1
176846,2
176849,2
176850,2
176852,2
176854,2
176857,2
176858,2
176859,2
176860,2
176862,2
176865,2
176870,2
176871,0
176873,0
176874,2
176876,2
176877,2
176879,2
176880,2
176881,2
176882,2
176883,2
176884,3
176885,3
176887,2
176888,2
176889,2
176890,3
176893,2
176894,2
176896,2
176897,2
176900,3
176901,3
176903,3
176906,2
176908,2
176911,2
176912,1
176914,1
176916,2
176917,2
176923,3
176924,2
176925,2
176926,3
176928,2
176929,2
176930,4
176931,2
176932,3
176933,2
176934,3
176935,3
176937,2
176939,2
176940,2
176941,2
176943,2
176944,3
176945,4
176946,3
176948,3
176950,3
176951,3
176953,2
176954,2
176956,2
176957,2
176958,2
176962,1
176963,2
176970,2
176971,2
176974,1
176980,1
176981,2
176983,1
176993,2
176996,2
177000,2
177001,2
177002,2
177003,2
177004,2
177006,2
177007,2
177010,2
177011,2
177012,2
177013,2
177015,2
177017,2
177018,2
177019,2
177020,2
177021,2
177022,2
177023,2
177025,1
177027,1
177029,1
177031,2
177034,2
177035,2
177037,1
177038,2
177049,2
177051,2
177052,2
177053,2
177054,2
177056,4
177057,4
177059,4
177061,4
177062,2
177064,1
177065,1
177068,3
177072,1
177073,1
177078,1
177079,1
177080,1
177084,1
177085,2
177086,2
177087,2
177089,3
177091,2
177092,2
177093,2
177095,2
177096,3
177099,2
177100,2
177101,2
177102,3
177104,2
177106,3
177108,2
177109,3
177110,3
177112,2
177113,3
177115,3
177118,3
177119,2
177122,2
177123,3
177124,3
177126,3
177127,1
177129,2
177131,2
177136,3
177137,3
177138,4
177139,1
177140,0
177141,0
177142,2
177144,2
177146,2
177147,4
177149,4
177150,4
177155,4
177156,4
177159,4
177162,2
177163,2
177164,2
177165,2
177167,2
177168,2
177169,2
177170,2
177172,2
177173,2
177175,2
177176,2
177177,2
177179,2
177181,2
177182,2
177183,1
177185,1
177188,2
177189,2
177190,1
177193,1
177194,2
177195,2
177196,1
177199,2
177203,3
177204,3
177205,2
177206,2
177207,3
177208,2
177210,2
177212,2
177213,2
177215,2
177216,2
177217,2
177219,2
177220,2
177221,2
177222,2
177223,2
177224,2
177226,1
177227,2
177233,3
177235,1
177238,3
177240,3
177243,2
177244,3
177245,1
177249,3
177251,2
177253,3
177254,3
177255,1
177256,3
177260,2
177261,2
177264,2
177265,3
177266,3
177267,2
177268,2
177269,2
177270,2
177271,0
177273,0
177278,2
177280,2
177281,2
177282,1
177283,1
177284,2
177285,1
177287,1
177288,2
177290,2
177293,2
177294,2
177296,1
177297,2
177298,2
177299,2
177301,2
177302,1
177304,1
177305,0
177307,2
177308,2
177309,0
177310,2
177312,0
177313,2
177314,2
177316,2
177319,2
177320,2
177324,2
177325,2
177326,2
177329,2
177330,2
177332,2
177333,2
177335,2
177336,2
177339,2
177341,2
177343,2
177344,2
177345,2
177346,2
177347,2
177350,2
177352,2
177353,2
177354,2
177355,1
177358,1
177359,2
177362,2
177367,2
177369,2
177370,2
177371,2
177372,2
177373,2
177376,3
177378,2
177380,3
177382,1
177383,2
177384,2
177385,1
177388,1
177390,1
177391,1
177394,3
177395,3
177397,2
177398,3
177400,2
177401,3
177402,2
177403,3
177404,2
177405,2
177407,2
177410,2
177411,3
177413,2
177418,2
177419,2
177420,2
177421,2
177424,2
177426,2
177427,2
177428,2
177430,2
177432,2
177434,2
177436,2
177439,2
177443,1
177444,1
177445,1
177447,1
177449,2
177451,2
177452,2
177455,3
177457,2
177458,2
177459,3
177461,2
177463,3
177465,3
177466,3
177469,2
177470,2
177476,2
177478,2
177479,2
177482,2
177483,2
177484,2
177485,2
177486,2
177488,2
177489,2
177493,2
177495,3
177497,1
177499,3
177501,1
177504,2
177506,2
177510,2
177514,2
177517,2
177519,2
177522,3
177523,3
177525,3
177526,3
177528,2
177531,2
177532,2
177533,2
177536,2
177538,2
177539,3
177540,1
177541,3
177544,3
177549,1
177550,1
177552,2
177554,2
177559,2
177560,2
177561,2
177565,2
177566,2
177567,2
177568,2
177569,2
177572,2
177574,2
177575,2
177576,2
177579,2
177582,2
177583,2
177584,2
177586,2
177587,2
177589,2
177591,2
177592,2
177594,3
177595,2
177596,2
177597,2
177599,2
177601,2
177603,2
177605,2
177606,2
177607,2
177608,2
177609,2
177610,2
177611,3
177614,3
177615,2
177616,3
177617,3
177619,3
177620,3
177625,3
177627,2
177628,2
177629,4
177630,4
177633,3
177634,3
177637,2
177639,2
177643,2
177645,2
177647,2
177648,2
177652,2
177653,2
177654,2
177655,3
177656,3
177659,2
177660,2
177661,2
177663,2
177664,3
177666,2
177668,2
177672,2
177673,2
177676,0
177678,1
177680,1
177681,1
177682,3
177684,3
177686,3
177687,2
177688,3
177689,3
177691,3
177692,2
177695,0
177696,0
177697,0
177700,2
177702,2
177703,3
177705,2
177706,2
177708,2
177710,2
177711,2
177712,2
177713,2
177716,2
177720,2
177723,2
177724,2
177725,2
177727,2
177730,2
177731,2
177733,2
177734,2
177736,1
177738,2
177739,2
177740,2
177741,2
177742,2
177743,2
177748,2
177749,2
177753,3
177758,2
177759,3
177761,3
177762,3
177763,2
177764,2
177766,2
177767,2
177768,2
177770,1
177771,1
177772,1
177774,2
177776,2
177777,2
177779,2
177781,2
177783,2
177784,2
177785,2
177788,1
177789,2
177790,2
177794,2
177795,2
177798,2
177803,2
177805,2
177807,2
177808,2
177809,3
177810,3
177811,3
177812,3
177814,3
177816,2
177817,2
177819,2
177820,2
177822,2
177823,2
177825,2
177826,2
177827,2
177828,2
177829,2
177830,2
177832,2
177834,2
177836,2
177838,2
177839,2
177840,2
177842,2
177843,2
177845,2
177849,2
177851,2
177852,2
177854,2
177855,1
177856,2
177857,2
177859,2
177861,1
177864,1
177866,2
177870,2
177871,2
177874,2
177877,3
177878,3
177881,3
177882,2
177884,2
177887,2
177888,3
177889,2
177890,2
177891,2
177892,2
177894,2
177896,2
177898,2
177900,2
177901,2
177902,2
177903,2
177904,4
177906,2
177907,2
177909,3
177912,3
177913,2
177915,2
177916,2
177918,2
177919,2
177921,3
177922,3
177924,3
177925,2
177926,2
177927,2
177928,2
177929,1
177930,1
177933,1
177934,2
177935,2
177936,2
177939,1
177941,2
177943,2
177944,2
177945,2
177946,2
177947,2
177948,1
177949,2
177951,1
177952,1
177955,1
177956,1
177957,1
177959,1
177960,1
177963,1
177964,2
177965,2
177966,3
177967,3
177970,2
177975,2
177976,2
177977,2
177979,2
177980,2
177982,2
177984,2
177986,2
177987,2
177989,2
177991,3
177992,3
177994,2
177995,2
177997,2
177999,2
178001,2
178002,2
178003,2
178005,2
178006,2
178008,2
178012,2
178013,2
178014,2
178015,2
178018,2
178019,2
178021,2
178022,2
178025,2
178026,2
178028,2
178029,2
178030,2
178032,2
178036,2
178037,2
178038,2
178039,1
178040,2
178041,1
178043,2
178045,2
178046,2
178047,2
178048,2
178050,3
178052,3
178055,2
178056,2
178058,2
178059,2
178060,2
178061,2
178064,3
178066,2
178067,3
178068,3
178069,3
178070,4
178071,3
178072,3
178074,2
178075,3
178077,2
178078,3
178080,3
178082,2
178084,2
178085,2
178086,2
178087,3
178089,2
178090,1
178091,2
178092,1
178094,2
178096,2
178097,1
178099,1
178103,2
178109,2
178111,2
178114,2
178115,2
178118,2
178122,2
178123,2
178124,2
178125,2
178130,2
178133,2
178134,1
178135,1
178136,2
178137,2
178138,3
178140,3
178142,3
178145,3
178146,1
178148,2
178150,2
178151,2
178154,2
178155,2
178158,2
178160,2
178163,2
178164,1
178170,2
178171,2
178173,2
178175,2
178176,2
178177,1
178179,1
178181,1
178183,1
178184,2
178185,2
178186,2
178187,2
178188,2
178189,2
178192,3
178193,3
178195,1
178198,1
178200,2
178201,2
178208,2
178211,2
178213,2
178215,2
178216,2
178217,2
178220,2
178221,2
178222,2
178223,2
178224,2
178225,2
178226,2
178228,2
178229,2
178230,3
178232,3
178235,2
178236,2
178238,2
178240,2
178241,3
178246,3
178249,3
178250,3
178251,2
178254,2
178255,2
178256,1
178257,2
178258,2
178259,2
178260,2
178262,2
178264,2
178265,2
178266,2
178268,2
178269,2
178270,2
178273,2
178276,2
178278,2
178279,2
178280,2
178282,2
178283,2
178284,2
178286,2
178287,2
178288,2
178291,2
178292,2
178293,2
178295,2
178296,2
178297,2
178301,2
178303,2
178304,2
178307,2
178311,2
178312,2
178314,2
178316,2
178317,2
178318,2
178319,2
178321,2
178323,2
178324,2
178326,2
178328,2
178329,2
178330,2
178331,2
178334,2
178335,2
178338,1
178339,2
178340,2
178344,1
178347,2
178348,2
178350,2
178353,2
178355,2
178356,2
178357,2
178358,2
178359,2
178360,2
178361,2
178363,2
178368,2
178370,2
178372,2
178373,2
178374,2
178376,2
178377,3
178380,3
178381,3
178383,3
178384,2
178387,2
178388,2
178389,2
178391,2
178392,3
178395,2
178397,3
178400,2
178402,4
178403,4
178405,4
178407,2
178410,2
178412,2
178415,3
178416,4
178418,2
178421,2
178422,2
178423,2
178424,3
178425,2
178429,2
178431,2
178432,2
178436,2
178438,2
178439,2
178440,2
178441,2
178443,2
178445,2
178447,2
178448,2
178450,2
178451,2
178453,2
178455,2
178457,2
178459,2
178460,2
178463,1
178464,1
178466,2
178469,2
178470,2
178472,2
178473,2
178476,2
178477,2
178478,2
178479,2
178480,2
178482,2
178483,1
178484,1
178487,3
178490,2
178492,2
178493,2
178494,2
178495,1
178496,2
178497,2
178500,0
178503,0
178505,0
178506,2
178507,2
178508,2
178509,2
178510,2
178514,2
178517,2
178518,3
178520,2
178523,2
178524,2
178525,2
178526,2
178527,2
178528,2
178530,2
178532,2
178533,3
178534,3
178537,3
178538,2
178540,3
178543,3
178544,3
178547,1
178549,0
178552,0
178554,2
178555,1
178556,1
178559,2
178560,2
178562,2
178564,2
178565,2
178569,2
178571,2
178574,2
178578,2
178579,2
178580,2
178582,2
178584,2
178585,2
178586,2
178588,2
178590,2
178591,2
178592,2
178594,2
178596,2
178599,2
178600,2
178602,2
178603,2
178604,2
178605,2
178606,2
178607,2
178608,2
178609,2
178610,2
178611,2
178615,2
178616,2
178617,2
178618,1
178619,1
178622,1
178624,3
178626,1
178629,2
178630,2
178631,2
178632,1
178634,1
178635,3
178637,3
178638,2
178640,3
178642,2
178644,2
178645,2
178646,4
178649,2
178653,1
178654,1
178655,2
178658,2
178659,1
178660,1
178662,2
178663,1
178664,2
178666,2
178668,2
178670,2
178671,2
178672,2
178674,2
178676,2
178678,2
178681,2
178683,2
178684,2
178685,2
178686,2
178687,2
178689,2
178690,2
178691,2
178692,2
178694,2
178695,2
178698,0
178699,0
178700,0
178702,2
178704,2
178706,1
178707,1
178709,2
178712,2
178713,2
178714,1
178717,2
178718,2
178721,1
178722,1
178723,1
178725,3
178729,3
178732,2
178734,4
178735,2
178736,0
178737,2
178738,2
178739,0
178743,2
178744,4
178746,2
178748,4
178751,3
178752,2
178754,2
178758,2
178759,2
178761,2
178762,2
178764,2
178767,2
178768,2
178769,2
178770,2
178771,2
178772,2
178774,2
178776,2
178779,4
178782,2
178784,2
178787,2
178788,2
178789,2
178790,1
178791,1
178792,2
178796,2
178797,2
178798,2
178801,2
178802,2
178803,2
178809,2
178810,3
178811,3
178812,2
178813,2
178815,2
178818,2
178820,2
178821,2
178822,2
178826,2
178827,2
178829,2
178830,2
178831,2
178832,2
178833,2
178834,2
178835,3
178836,2
178837,2
178838,2
178841,3
178846,2
178848,2
178850,2
178851,2
178852,2
178854,2
178855,2
178856,3
178864,0
178866,3
178868,3
178870,4
178872,4
178873,2
178874,2
178875,2
178876,0
178877,2
178879,0
178881,0
178882,2
178884,1
178885,2
178886,1
178888,1
178890,1
178891,3
178892,2
178895,2
178896,1
178898,2
178899,1
178902,1
178903,2
178905,2
178906,3
178907,3
178908,3
178909,2
178910,2
178911,3
178912,2
178913,2
178914,2
178916,2
178919,2
178921,2
178922,2
178923,2
178924,2
178926,2
178927,2
178929,2
178930,1
178932,2
178935,3
178938,2
178940,1
178941,1
178944,1
178946,2
178947,2
178951,1
178952,2
178953,2
178956,1
178958,2
178959,1
178960,2
178961,2
178963,2
178964,2
178965,2
178966,2
178970,4
178971,4
178972,4
178975,2
178977,1
178978,2
178980,2
178981,2
178988,1
178990,1
178996,1
178997,2
178998,4
178999,2
179000,4
179001,4
179003,2
179004,2
179006,2
179007,2
179008,2
179010,2
179011,1
179015,1
179016,1
179018,2
179020,2
179022,1
179024,1
179025,1
179027,2
179028,3
179030,2
179034,2
179035,2
179038,1
179039,1
179042,1
179049,3
179050,2
179051,3
179052,2
179053,2
179055,2
179056,3
179059,3
179061,3
179063,2
179064,3
179066,3
179067,3
179069,2
179072,2
179073,2
179075,2
179076,2
179078,3
179080,2
179083,2
179085,2
179087,3
179090,3
179092,3
179094,3
179095,2
179096,2
179097,2
179098,3
179101,3
179102,3
179103,2
179104,2
179105,2
179107,2
179108,2
179109,2
179112,2
179113,0
179117,0
179121,3
179122,2
179123,3
179125,2
179126,3
179129,2
179130,2
179131,2
179133,2
179135,2
179136,2
179137,2
179138,2
179139,2
179141,1
179142,2
179143,2
179144,2
179147,2
179148,2
179149,2
179152,2
179154,2
179157,2
179158,2
179161,2
179163,2
179164,2
179166,2
179168,3
179169,3
179170,3
179172,2
179174,2
179175,3
179179,2
179183,3
179184,3
179185,2
179186,2
179188,1
179190,2
179194,2
179195,1
179196,3
179198,3
179200,3
179204,3
179205,2
179206,3
179207,4
179210,1
179215,2
179217,1
179219,1
179221,2
179224,2
179225,2
179226,2
179227,1
179228,2
179229,2
179230,1
179231,2
179232,2
179233,2
179235,3
179236,3
179238,2
179240,2
179242,2
179245,2
179246,3
179247,3
179249,2
179250,2
179251,2
179252,2
179254,2
179259,2
179260,2
179262,2
179263,2
179264,3
179265,3
179266,3
179268,3
179270,2
179272,1
179273,2
179274,2
179275,2
179277,2
179278,2
179279,2
179280,2
179281,2
179282,2
179283,2
179284,2
179286,2
179287,2
179289,2
179290,2
179292,2
179293,2
179295,2
179296,2
179297,2
179300,2
179301,2
179302,2
179304,2
179305,2
179306,2
179307,2
179309,2
179310,2
179311,2
179312,2
179313,2
179316,2
179319,2
179322,2
179323,2
179324,2
179325,2
179326,2
179327,2
179329,2
179331,2
179333,2
179335,2
179336,2
179338,2
179340,2
179341,2
179343,2
179344,2
179346,2
179347,2
179349,1
179350,1
179352,2
179353,1
179355,2
179357,0
179359,0
179360,2
179361,2
179362,2
179363,2
179364,2
179365,2
179366,1
179367,2
179368,1
179371,2
179375,2
179376,2
179378,2
179379,3
179381,3
179382,3
179383,3
179384,3
179386,3
179387,2
179389,1
179391,2
179393,2
179394,2
179395,3
179396,2
179397,2
179400,2
179401,2
179402,3
179405,2
179409,3
179410,2
179411,2
179413,2
179414,2
179415,2
179416,2
179417,3
179420,3
179421,3
179422,2
179423,3
179424,2
179426,2
179428,2
179429,2
179430,2
179432,2
179433,2
179436,2
179437,0
179438,2
179439,2
179440,0
179444,2
179446,2
179447,2
179449,2
179450,2
179451,2
179453,2
179454,2
179456,3
179457,3
179458,3
179460,2
179461,2
179463,2
179465,3
179467,2
179468,3
179470,2
179473,2
179475,2
179478,2
179479,2
179480,3
179482,3
179484,2
179485,2
179486,2
179489,2
179490,3
179491,3
179495,3
179498,3
179500,3
179501,3
179502,2
179503,3
179504,2
179506,3
179508,2
179509,3
179511,3
179512,2
179514,2
179515,2
179516,2
179517,2
179518,2
179519,2
179521,2
179524,2
179525,3
179526,3
179529,3
179530,2
179531,2
179534,2
179536,2
179537,2
179546,1
179547,1
179552,1
179553,2
179555,1
179556,3
179557,2
179558,2
179559,2
179560,2
179562,2
179563,2
179564,2
179565,2
179569,3
179573,4
179574,4
179577,4
179579,2
179580,3
179581,1
179582,1
179584,1
179585,1
179586,2
179588,3
179590,3
179593,3
179594,3
179595,2
179597,2
179598,2
179599,2
179601,3
179604,2
179605,2
179606,3
179608,2
179609,3
179611,3
179612,2
179613,3
179614,3
179616,2
179617,3
179619,2
179620,3
179621,3
179623,3
179625,2
179626,2
179627,2
179629,2
179630,2
179633,2
179635,2
179636,3
179639,2
179641,2
179642,2
179643,2
179644,2
179645,2
179646,2
179648,1
179650,3
179653,3
179654,3
179655,3
179657,2
179660,2
179662,2
179663,1
179665,2
179671,1
179674,2
179675,2
179677,2
179678,2
179680,3
179681,2
179682,3
179683,3
179687,3
179689,2
179690,3
179691,2
179693,3
179695,3
179696,2
179697,2
179702,1
179704,1
179707,1
179708,2
179709,2
179710,2
179711,2
179713,1
179714,2
179715,2
179717,2
179719,2
179720,2
179721,2
179723,2
179725,2
179727,2
179728,2
179730,3
179731,2
179735,3
179737,3
179739,3
179740,2
179742,3
179743,3
179744,3
179745,3
179747,3
179749,3
179750,2
179752,2
179753,3
179756,3
179757,3
179760,3
179762,2
179766,3
179767,3
179768,3
179770,3
179772,2
179773,2
179774,2
179775,2
179776,2
179778,2
179780,2
179782,2
179783,2
179785,2
179789,2
179790,2
179795,2
179796,2
179799,2
179800,2
179803,2
179804,2
179806,2
179810,1
179812,1
179816,3
179817,3
179819,2
179821,3
179825,3
179826,2
179827,3
179828,3
179830,3
179831,2
179832,2
179834,2
179836,3
179838,3
179839,2
179841,2
179842,2
179844,2
179846,3
179847,2
179849,4
179850,4
179851,2
179852,2
179853,4
179855,3
179856,2
179858,3
179860,4
179862,3
179864,2
179865,2
179867,2
179868,2
179870,2
179872,2
179875,2
179877,3
179878,3
179880,3
179884,2
179885,3
179886,3
179888,3
179891,1
179893,2
179894,2
179896,1
179897,1
179898,3
179899,3
179900,3
179901,1
179902,3
179904,3
179907,3
179908,2
179909,3
179911,3
179914,3
179916,3
179918,1
179919,1
179922,2
179924,1
179927,1
179929,1
179931,1
179932,2
179933,1
179935,2
179937,2
179938,2
179941,2
179945,2
179947,3
179949,2
179950,2
179952,2
179953,2
179955,3
179956,3
179958,4
179962,2
179964,4
179965,4
179967,1
179968,1
179970,1
179975,1
179976,1
179977,2
179978,2
179979,2
179981,2
179983,2
179984,2
179986,2
179988,2
179989,1
179991,2
179994,3
179996,3
179997,3
179999,1
180000,2
180001,1
180002,3
180004,3
180005,0
180008,3
180010,3
180012,3
180014,1
180015,1
180017,2
180021,2
180022,2
180024,2
180027,1
180028,1
180030,1
180033,1
180036,2
180037,2
180041,2
180043,2
180045,2
180047,2
180048,2
180049,2
180050,2
180051,2
180053,2
180055,3
180056,2
180057,2
180058,3
180061,2
180063,2
180065,2
180066,2
180068,2
180069,2
180070,2
180071,2
180074,2
180077,2
180078,3
180080,3
180083,2
180084,2
180088,3
180090,2
180091,2
180092,2
180094,2
180095,2
180096,3
180097,2
180098,2
180099,2
180102,3
180103,3
180104,2
180105,3
180106,3
180108,2
180110,2
180111,2
180112,1
180113,2
180115,2
180117,2
180118,2
180119,2
180120,2
180122,2
180124,2
180125,2
180126,3
180128,3
180130,2
180131,3
180133,3
180134,2
180136,3
180138,3
180142,2
180143,2
180144,2
180148,2
180149,2
180150,3
180153,2
180156,2
180157,2
180159,2
180160,2
180162,1
180163,1
180164,2
180165,2
180166,1
180169,2
180171,2
180173,2
180174,2
180175,1
180176,1
180178,3
180179,4
180181,2
180182,2
180185,2
180186,2
180188,4
180189,2
180190,2
180191,4
180193,3
180194,3
180196,3
180197,3
180199,3
180200,2
180201,2
180202,2
180203,2
180204,2
180205,2
180206,2
180208,2
180209,2
180211,2
180212,2
180213,2
180216,2
180218,1
180219,2
180220,2
180221,1
180224,2
180226,2
180229,2
180230,2
180231,2
180233,2
180234,2
180235,2
180236,2
180241,2
180242,2
180243,2
180244,1
180245,1
180247,1
180248,2
180249,2
180251,2
180253,2
180254,2
180255,2
180256,2
180258,2
180259,3
180260,3
180263,3
180265,3
180267,3
180268,2
180270,2
180271,2
180272,3
180273,2
180274,2
180275,2
180276,2
180277,2
180279,2
180281,2
180282,2
180283,2
180284,2
180286,1
180288,2
180289,1
180290,1
180291,2
180292,2
180293,2
180294,2
180295,2
180298,2
180299,1
180301,2
180303,2
180304,2
180307,2
180309,2
180310,2
180311,2
180315,2
180316,2
180317,2
180318,2
180319,1
180320,1
180323,2
180326,2
180327,2
180328,2
180335,2
180337,2
180338,2
180339,2
180340,2
180341,2
180343,2
180344,2
180345,1
180346,1
180347,1
180349,4
180351,2
180352,4
180356,3
180357,3
180358,3
180359,2
180361,2
180363,2
180364,2
180369,2
180371,1
180373,1
180374,1
180376,2
180377,2
180378,2
180379,3
180381,3
180382,2
180385,2
180386,2
180388,2
180389,2
180391,2
180393,2
180394,2
180395,2
180396,2
180399,2
180400,2
180401,2
180403,2
180404,2
180405,2
180406,2
180408,3
180410,3
180412,3
180414,2
180416,2
180420,2
180422,2
180425,2
180426,2
180428,3
180430,4
180432,4
180434,2
180436,2
180439,2
180440,2
180443,2
180444,2
180445,2
180446,2
180447,3
180448,2
180450,2
180451,1
180453,2
180454,2
180455,2
180456,2
180457,1
180459,2
180462,3
180465,3
180466,4
180467,2
180468,2
180469,2
180470,2
180472,2
180474,2
180477,2
180478,2
180482,3
180483,3
180486,3
180488,2
180489,3
180491,3
180492,2
180493,3
180495,3
180496,3
180499,3
180501,3
180502,3
180503,3
180504,3
180508,2
180509,2
180510,2
180513,2
180514,2
180515,2
180517,3
180519,3
180521,3
180522,2
180523,3
180524,3
180525,3
180526,2
180528,3
180530,3
180531,1
180534,0
180535,2
180536,0
180537,2
180539,2
180540,2
180541,2
180543,2
180545,2
180546,2
180547,2
180548,2
180549,2
180550,2
180551,2
180552,2
180553,1
180555,1
180556,2
180557,2
180558,1
180568,2
180569,2
180570,2
180571,2
180573,2
180577,2
180578,2
180579,2
180580,2
180582,1
180584,1
180586,3
180588,3
180591,3
180592,3
180595,3
180597,2
180598,2
180600,2
180601,2
180602,3
180605,2
180612,2
180613,2
180614,2
180615,2
180619,2
180622,2
180623,2
180624,0
180625,1
180626,3
180629,2
180632,2
180635,3
180636,3
180638,2
180639,2
180640,2
180641,2
180644,3
180645,3
180650,3
180651,2
180652,2
180653,2
180654,2
180656,2
180657,2
180658,2
180660,2
180661,2
180663,2
180665,2
180666,2
180667,2
180669,2
180671,2
180673,2
180675,2
180676,2
180677,2
180678,2
180679,2
180681,2
180683,2
180684,2
180686,2
180687,2
180688,2
180692,2
180697,2
180699,2
180700,2
180701,2
180704,2
180705,2
180706,1
180707,1
180708,2
180710,2
180711,2
180712,1
180714,2
180716,1
180718,1
180720,1
180722,2
180725,2
180727,2
180730,2
180731,2
180735,2
180736,2
180737,2
180738,2
180740,2
180742,2
180744,2
180745,2
180753,2
180754,2
180756,2
180757,2
180758,2
180759,2
180762,4
180763,2
180764,2
180765,4
180767,2
180768,4
180770,2
180772,2
180773,2
180774,4
180776,4
180777,2
180778,4
180780,4
180782,4
180783,2
180785,2
180787,2
180789,2
180790,2
180791,2
180792,2
180793,2
180796,2
180798,2
180800,3
180801,1
180802,1
180803,1
180804,2
180806,2
180807,2
180808,3
180811,3
180816,3
180817,3
180819,3
180820,1
180821,3
180823,3
180824,3
180827,2
180828,2
180829,2
180832,2
180835,1
180836,1
180838,1
180839,2
180840,0
180842,2
180843,2
180844,2
180848,2
180849,1
180852,2
180854,2
180855,2
180856,1
180857,2
180858,0
180860,1
180861,2
180863,2
180865,1
180866,3
180868,3
180871,3
180873,3
180877,3
180878,2
180880,2
180881,2
180882,2
180884,2
180886,2
180887,2
180889,2
180890,2
180891,2
180892,2
180893,2
180895,2
180898,1
180899,1
180904,1
180906,2
180907,2
180908,2
180909,2
180911,1
180913,1
180914,2
180915,2
180916,2
180917,3
180918,3
180919,3
180922,2
180923,3
180925,2
180926,3
180928,2
180930,2
180931,2
180933,2
180934,2
180935,3
180940,3
180942,3
180943,2
180945,2
180946,2
180947,3
180950,2
180951,2
180953,2
180956,2
180957,2
180958,2
180960,2
180961,2
180962,3
180963,2
180964,3
180965,2
180966,3
180968,2
180971,2
180974,2
180976,2
180979,3
180980,3
180981,3
180982,3
180983,2
180988,2
180990,2
180992,2
180994,2
180995,2
180996,2
180997,2
180998,2
181000,2
181001,2
181002,2
181003,2
181004,2
181005,2
181006,2
181007,2
181009,2
181010,2
181011,2
181013,2
181014,2
181015,2
181016,2
181017,2
181018,2
181019,2
181020,2
181021,2
181022,2
181024,2
181025,2
181026,2
181027,2
181028,2
181029,2
181031,2
181032,2
181033,2
181034,2
181037,2
181040,2
181041,2
181042,2
181045,2
181048,2
181050,1
181051,1
181052,3
181053,0
181056,1
181057,2
181058,2
181062,1
181063,2
181064,1
181068,2
181069,1
181073,2
181074,1
181075,1
181077,2
181078,1
181082,2
181083,3
181085,2
181088,2
181089,2
181092,2
181095,3
181096,3
181099,3
181100,2
181101,2
181102,2
181104,2
181105,3
181108,3
181110,4
181113,4
181114,2
181117,2
181119,2
181120,2
181122,2
181123,2
181127,3
181128,3
181130,3
181132,2
181135,2
181136,2
181138,3
181140,3
181142,3
181143,1
181145,3
181147,3
181148,2
181152,3
181154,2
181157,2
181158,2
181160,3
181162,2
181164,2
181169,2
181170,1
181172,2
181175,2
181176,2
181177,2
181180,2
181182,2
181183,1
181184,1
181186,2
181187,2
181188,2
181189,2
181190,3
181191,3
181192,2
181193,2
181194,2
181195,2
181197,2
181198,2
181199,3
181202,3
181204,2
181207,1
181208,2
181209,2
181210,2
181212,2
181213,1
181215,1
181216,1
181218,1
181222,3
181223,2
181225,2
181226,2
181228,3
181230,3
181233,3
181235,3
181237,2
181241,4
181242,3
181244,3
181245,2
181246,2
181249,2
181250,2
181253,3
181255,3
181256,2
181257,2
181258,3
181260,3
181261,3
181264,3
181265,3
181266,2
181267,2
181270,2
181271,3
181274,3
181276,2
181279,2
181280,2
181282,2
181283,2
181284,2
181285,2
181286,2
181287,2
181291,3
181292,3
181293,2
181294,2
181296,2
181298,1
181300,1
181303,1
181304,1
181305,1
181307,2
181309,2
181311,2
181312,1
181314,2
181315,2
181316,2
181318,1
181319,1
181322,2
181323,1
181325,2
181327,1
181330,2
181332,2
181333,2
181335,2
181337,2
181339,1
181340,2
181342,2
181343,2
181344,2
181346,2
181347,2
181348,2
181349,2
181350,2
181352,2
181353,2
181354,2
181355,2
181356,2
181359,2
181360,2
181361,2
181364,2
181365,2
181368,2
181372,2
181374,1
181376,1
181380,2
181381,2
181383,2
181387,2
181388,2
181389,2
181390,3
181392,2
181393,3
181394,2
181396,2
181397,2
181398,2
181399,2
181401,2
181403,2
181406,4
181409,2
181410,4
181412,3
181414,3
181415,3
181417,2
181418,2
181420,2
181422,2
181423,2
181426,2
181427,2
181428,3
181431,4
181434,2
181435,2
181436,2
181438,2
181439,2
181440,3
181446,3
181447,2
181448,3
181450,3
181456,3
181457,3
181458,3
181462,2
181464,2
181465,3
181469,3
181472,2
181474,2
181475,2
181477,2
181479,2
181482,2
181484,2
181486,2
181487,2
181488,2
181490,2
181491,2
181492,2
181495,2
181496,1
181497,1
181500,1
181502,2
181504,2
181505,1
181506,2
181509,1
181510,2
181512,1
181513,1
181515,2
181516,2
181518,2
181520,2
181521,2
181522,1
181525,2
181526,2
181527,1
181528,2
181529,2
181530,2
181532,1
181533,2
181535,2
181538,3
181540,3
181542,2
181543,2
181544,0
181545,2
181546,0
181548,2
181549,0
181550,3
181552,3
181554,2
181556,2
181557,2
181558,2
181559,2
181561,2
181562,2
181563,2
181564,2
181565,2
181568,2
181569,3
181571,3
181574,3
181576,2
181577,1
181578,4
181579,4
181580,1
181581,2
181585,2
181587,2
181588,2
181589,2
181595,2
181596,2
181597,2
181601,2
181604,2
181607,1
181608,1
181609,2
181614,2
181615,2
181616,2
181618,2
181620,2
181621,2
181622,2
181623,3
181625,2
181626,3
181628,2
181629,2
181631,2
181634,3
181635,2
181637,2
181639,2
181642,2
181643,2
181644,2
181645,2
181647,3
181649,3
181650,2
181651,2
181652,2
181654,2
181656,2
181660,2
181662,2
181664,2
181666,2
181668,2
181670,2
181671,2
181673,2
181674,2
181675,2
181678,2
181680,2
181681,2
181683,2
181684,2
181686,1
181688,1
181690,2
181691,2
181694,2
181695,2
181696,2
181697,2
181698,3
181700,3
181701,3
181703,3
181704,3
181705,2
181707,2
181708,2
181710,2
181713,3
181715,2
181716,2
181717,2
181719,2
181720,3
181721,2
181722,2
181724,2
181732,2
181735,2
181736,3
181740,3
181741,3
181743,3
181746,2
181747,2
181748,2
181749,2
181750,2
181754,3
181755,3
181756,1
181757,2
181759,1
181760,1
181761,2
181762,1
181763,2
181765,2
181767,3
181768,3
181772,3
181773,3
181775,2
181776,3
181778,2
181780,2
181781,3
181783,2
181784,2
181785,2
181786,2
181787,2
181788,2
181789,3
181792,2
181793,2
181794,2
181795,2
181798,2
181800,2
181805,2
181807,2
181809,2
181810,2
181813,2
181814,2
181815,2
181820,2
181823,2
181825,2
181828,2
181831,2
181836,4
181837,4
181839,2
181840,4
181841,3
181844,2
181846,3
181847,3
181849,2
181850,4
181851,2
181852,3
181853,2
181854,3
181855,3
181857,2
181858,3
181860,3
181862,2
181864,3
181867,3
181869,1
181871,3
181873,3
181876,3
181877,3
181878,1
181879,1
181882,1
181883,2
181884,2
181885,2
181887,2
181888,1
181890,2
181891,2
181892,2
181893,2
181894,1
181899,1
181900,1
181902,2
181903,2
181906,1
181908,4
181909,3
181914,2
181916,1
181917,2
181918,2
181919,2
181922,1
181924,1
181927,1
181929,1
181933,1
181936,2
181937,2
181940,1
181941,2
181942,2
181944,2
181946,2
181947,2
181949,1
181953,1
181954,2
181955,1
181956,3
181957,1
181959,2
181961,3
181963,2
181964,2
181965,1
181967,1
181970,3
181972,2
181974,2
181976,2
181978,2
181979,2
181980,2
181981,2
181982,2
181985,1
181987,2
181988,2
181990,2
181991,2
181993,2
181995,2
181996,2
181997,2
182000,2
182001,2
182005,2
182008,2
182010,2
182017,1
182018,1
182019,2
182020,2
182021,2
182022,2
182023,2
182025,2
182026,2
182027,2
182028,2
182029,2
182030,2
182031,2
182033,2
182034,0
182036,0
182037,0
182039,2
182040,2
182043,2
182044,2
182046,3
182047,3
182050,3
182052,2
182054,2
182056,2
182058,2
182060,2
182061,2
182062,2
182064,2
182067,3
182068,3
182069,4
182071,3
182073,2
182075,3
182077,3
182080,4
182082,4
182085,4
182086,4
182088,2
182089,2
182090,2
182091,2
182092,2
182093,2
182098,3
182099,2
182100,2
182101,0
182102,3
182103,2
182104,2
182106,2
182110,2
182111,2
182112,2
182113,2
182114,3
182115,3
182116,3
182117,3
182120,3
182122,3
182123,3
182124,3
182125,2
182127,2
182129,2
182131,2
182133,1
182135,2
182136,2
182137,3
182139,3
182140,2
182142,1
182143,1
182146,1
182148,2
182150,2
182151,2
182153,2
182154,2
182155,2
182157,1
182158,2
182160,1
182162,2
182163,2
182164,2
182165,2
182166,2
182167,1
182169,2
182171,2
182172,2
182173,2
182175,2
182178,2
182180,2
182184,1
182185,2
182186,2
182187,2
182189,2
182194,1
182196,1
182198,2
182201,2
182203,2
182205,3
182207,3
182210,1
182211,1
182212,1
182213,2
182214,2
182215,3
182216,3
182217,2
182219,3
182221,2
182222,2
182224,2
182225,2
182227,2
182229,2
182230,2
182232,2
182233,2
182236,2
182238,2
182239,3
182240,3
182241,3
182242,3
182243,3
182245,2
182247,2
182249,2
182250,2
182251,3
182252,2
182253,3
182255,3
182257,2
182259,2
182261,2
182265,2
182267,0
182268,0
182270,2
182271,0
182274,1
182276,1
182278,3
182279,3
182280,2
182282,2
182283,2
182284,1
182286,2
182288,1
182290,1
182292,2
182293,1
182294,2
182295,1
182296,2
182299,2
182303,2
182304,2
182305,2
182306,2
182307,2
182309,1
182311,2
182313,2
182314,2
182316,2
182318,2
182319,2
182320,2
182321,2
182323,2
182324,2
182325,2
182326,2
182327,2
182330,2
182331,2
182332,2
182335,2
182336,2
182337,1
182338,1
182339,2
182340,1
182342,1
182344,3
182346,2
182348,2
182350,2
182351,1
182352,2
182353,2
182356,1
182357,1
182360,1
182362,1
182363,2
182365,2
182366,1
182367,1
182369,1
182371,1
182372,2
182373,2
182375,2
182376,3
182378,2
182381,2
182382,2
182383,2
182385,2
182386,2
182387,2
182391,2
182392,2
182394,2
182395,2
182396,1
182397,2
182399,2
182404,2
182409,1
182410,3
182411,4
182412,3
182413,2
182418,3
182420,1
182428,1
182429,1
182430,1
182431,2
182434,3
182435,3
182437,3
182438,3
182440,2
182442,2
182444,3
182446,3
182448,1
182449,2
182450,2
182451,2
182454,2
182455,0
182456,0
182457,0
182463,2
182467,2
182470,2
182472,2
182473,2
182474,2
182475,2
182476,2
182477,2
182478,2
182480,2
182482,2
182483,2
182485,3
182486,1
182491,3
182493,3
182495,2
182496,3
182497,1
182498,2
182499,1
182500,2
182502,2
182504,2
182505,2
182506,2
182507,2
182508,2
182511,2
182512,2
182513,2
182514,2
182515,2
182516,1
182518,2
182521,2
182522,1
182524,2
182525,2
182526,2
182527,1
182528,1
182529,2
182531,1
182535,1
182538,1
182541,3
182546,3
182547,1
182548,1
182549,1
182550,1
182552,1
182553,3
182555,2
182557,3
182560,3
182563,2
182565,3
182567,2
182569,3
182572,0
182573,3
182574,2
182575,3
182577,0
182579,2
182581,2
182582,2
182585,3
182587,2
182588,2
182590,2
182592,2
182594,2
182595,2
182597,2
182598,2
182600,2
182601,2
182603,2
182604,2
182606,2
182608,2
182609,2
182610,2
182612,2
182613,2
182614,2
182615,2
182618,3
182619,3
182620,3
182622,2
182623,3
182625,2
182626,2
182628,2
182630,2
182631,2
182632,2
182636,1
182637,2
182638,1
182639,1
182640,1
182641,2
182642,2
182645,2
182650,2
182651,2
182653,2
182654,1
182655,2
182657,2
182658,1
182660,2
182661,2
182663,2
182666,2
182668,2
182670,2
182671,2
182672,2
182674,2
182677,2
182678,2
182679,2
182680,2
182681,2
182684,2
182686,2
182688,2
182691,2
182692,2
182693,2
182694,3
182696,2
182698,2
182701,3
182702,3
182704,2
182707,2
182708,1
182709,1
182712,2
182715,2
182716,2
182717,2
182718,2
182719,2
182720,2
182722,2
182726,2
182729,3
182731,3
182733,2
182734,2
182735,2
182736,2
182738,2
182739,2
182740,2
182742,2
182743,3
182744,2
182745,2
182746,2
182748,2
182749,2
182750,2
182752,3
182754,3
182756,3
182758,3
182760,2
182761,2
182762,1
182763,1
182764,1
182767,1
182768,2
182769,1
182773,2
182774,2
182776,2
182777,2
182778,2
182780,2
182781,2
182786,2
182789,2
182790,2
182792,3
182793,2
182794,1
182795,2
182796,2
182797,2
182799,2
182800,2
182801,2
182804,2
182806,2
182807,2
182809,2
182810,2
182813,1
182816,1
182817,1
182818,2
182820,2
182821,2
182822,2
182823,2
182824,2
182825,2
182826,2
182830,2
182831,2
182832,2
182835,2
182836,2
182837,2
182839,2
182840,2
182842,4
182843,2
182845,2
182847,2
182848,2
182851,2
182852,2
182853,2
182854,2
182856,2
182857,2
182860,2
182861,2
182862,2
182864,2
182865,2
182866,2
182867,2
182870,2
182872,2
182873,2
182875,2
182876,2
182877,2
182880,2
182881,2
182883,2
182884,2
182885,2
182886,2
182887,4
182888,3
182889,2
182892,2
182894,2
182896,2
182897,2
182901,2
182903,4
182904,3
182905,4
182907,4
182908,4
182909,2
182911,4
182912,4
182914,2
182918,4
182919,4
182920,3
182921,4
182922,2
182923,2
182925,2
182927,2
182928,3
182930,2
182931,3
182932,3
182935,3
182936,2
182938,2
182939,2
182940,2
182942,2
182943,2
182944,2
182945,3
182946,3
182950,2
182952,2
182953,2
182954,1
182955,1
182957,2
182958,2
182960,1
182961,1
182963,2
182964,1
182968,1
182969,1
182970,1
182971,2
182973,2
182975,2
182977,2
182982,2
182983,2
182984,2
182988,2
182989,3
182991,3
182992,3
182993,3
182994,2
182995,2
182996,2
182999,2
183000,2
183001,2
183002,2
183003,2
183004,2
183006,2
183007,2
183008,2
183012,4
183013,4
183015,4
183017,4
183019,4
183020,3
183023,3
183024,2
183027,2
183028,2
183029,3
183031,2
183034,2
183035,2
183036,1
183037,1
183038,2
183044,1
183047,2
183050,2
183052,2
183053,2
183054,2
183055,2
183057,2
183059,2
183066,1
183067,2
183068,2
183069,2
183070,2
183071,2
183073,2
183075,2
183076,2
183077,2
183078,2
183079,2
183081,2
183082,2
183083,2
183085,2
183086,2
183087,2
183092,2
183095,2
183096,2
183099,1
183100,1
183108,2
183111,2
183112,1
183114,1
183115,3
183117,2
183120,2
183121,2
183123,2
183127,3
183128,2
183129,2
183130,3
183132,2
183134,3
183135,2
183136,3
183137,2
183139,3
183140,2
183141,3
183142,3
183146,4
183147,4
183149,4
183150,4
183152,2
183153,4
183155,4
183157,3
183159,3
183160,2
183162,2
183163,2
183164,2
183167,2
183168,2
183170,2
183171,2
183174,2
183175,2
183176,2
183177,2
183179,2
183183,2
183186,2
183188,2
183190,2
183191,2
183194,2
183195,1
183196,2
183197,2
183198,2
183199,2
183201,2
183202,1
183204,2
183205,2
183207,2
183208,1
183211,1
183213,2
183214,1
183216,2
183217,2
183218,1
183219,2
183221,2
183222,2
183226,2
183227,1
183228,2
183230,2
183231,2
183232,1
183234,2
183236,1
183238,1
183240,2
183241,2
183243,2
183245,2
183247,2
183248,2
183251,2
183252,2
183254,3
183255,2
183256,2
183258,2
183259,2
183261,2
183263,2
183266,2
183267,2
183269,2
183272,2
183275,2
183277,2
183278,2
183280,2
183282,2
183283,2
183284,2
183285,2
183290,2
183291,2
183294,2
183298,2
183300,2
183301,2
183302,2
183304,2
183306,2
183308,2
183310,2
183312,2
183314,2
183315,2
183316,2
183317,2
183319,2
183324,3
183326,3
183328,2
183330,3
183331,2
183332,2
183333,2
183334,3
183336,3
183337,2
183338,2
183339,2
183340,2
183341,1
183342,2
183344,2
183347,2
183348,2
183350,2
183353,2
183354,2
183355,2
183356,2
183357,2
183359,2
183360,2
183361,2
183362,2
183363,2
183366,2
183367,2
183368,2
183370,2
183372,2
183373,2
183375,2
183378,2
183379,2
183381,2
183384,2
183385,2
183386,2
183387,4
183389,4
183390,3
183392,3
183395,2
183396,2
183397,2
183398,2
183399,2
183400,2
183404,2
183405,2
183411,2
183412,2
183413,2
183417,2
183418,2
183419,2
183420,2
183421,2
183426,2
183427,2
183428,2
183431,2
183432,2
183434,2
183436,2
183438,2
183440,2
183441,2
183442,2
183443,2
183445,2
183446,2
183447,2
183448,2
183449,2
183450,2
183452,2
183453,2
183454,2
183456,2
183457,2
183458,2
183460,2
183461,2
183464,2
183465,2
183468,2
183470,2
183471,2
183472,2
183473,2
183474,2
183479,2
183480,2
183482,2
183483,2
183485,2
183488,2
183489,2
183490,2
183491,2
183497,2
183500,2
183501,2
183502,2
183503,1
183505,1
183508,3
183509,3
183511,1
183514,2
183515,2
183517,2
183521,2
183523,2
183524,2
183527,2
183529,2
183531,2
183535,2
183537,2
183538,2
183539,2
183540,2
183541,2
183544,2
183546,2
183548,2
183549,2
183552,2
183554,2
183556,2
183558,2
183561,4
183562,3
183563,3
183564,3
183565,2
183566,3
183567,2
183569,3
183573,3
183574,2
183577,2
183580,2
183582,2
183584,2
183586,2
183588,2
183593,2
183594,2
183596,2
183597,2
183599,2
183602,2
183603,2
183605,3
183606,2
183609,2
183611,2
183612,2
183614,2
183617,2
183618,2
183619,2
183620,2
183621,2
183622,2
183623,2
183625,2
183627,2
183628,2
183630,2
183632,2
183633,2
183634,2
183636,2
183637,2
183639,2
183640,2
183641,2
183642,2
183644,2
183648,2
183651,3
183652,2
183653,2
183654,3
183656,3
183658,2
183662,2
183663,2
183664,3
183666,3
183669,1
183670,3
183672,3
183674,2
183675,3
183676,3
183678,3
183680,2
183681,2
183683,1
183685,2
183688,2
183689,2
183690,2
183691,2
183692,2
183694,2
183698,2
183701,2
183703,2
183704,1
183705,1
183707,2
183710,1
183711,1
183715,2
183716,2
183719,2
183720,2
183721,2
183724,2
183726,3
183727,3
183729,3
183732,2
183734,3
183736,2
183738,2
183739,2
183740,2
183741,2
183743,2
183744,2
183745,2
183747,2
183752,2
183755,0
183756,2
183757,0
183760,3
183761,3
183763,3
183765,3
183766,2
183767,2
183768,2
183769,1
183770,2
183771,1
183773,2
183776,1
183777,1
183779,1
183781,3
183782,3
183784,3
183786,3
183788,3
183791,2
183792,2
183794,2
183795,3
183797,3
183798,2
183799,2
183801,2
183802,2
183803,2
183804,2
183805,1
183806,2
183809,2
183810,2
183811,2
183813,1
183816,1
183818,2
183820,2
183823,3
183824,3
183825,2
183826,3
183828,2
183830,3
183834,3
183835,2
183836,2
183838,2
183839,2
183840,2
183842,2
183843,2
183844,2
183847,2
183848,2
183850,2
183851,2
183852,2
183854,2
183855,2
183858,2
183859,3
183860,3
183861,3
183863,2
183864,3
183866,2
183868,2
183869,2
183870,2
183875,2
183880,0
183881,0
183882,0
183883,0
183884,1
183886,2
183889,2
183893,1
183894,2
183895,2
183897,2
183898,2
183899,2
183901,2
183904,2
183905,2
183906,2
183908,2
183911,2
183912,2
183914,2
183915,2
183916,3
183918,2
183920,3
183921,2
183922,2
183925,3
183929,2
183931,2
183932,2
183935,3
183936,3
183939,2
183940,2
183941,2
183942,2
183945,2
183947,2
183948,2
183951,2
183953,2
183955,2
183958,2
183959,2
183961,2
183963,2
183964,2
183966,2
183967,2
183968,2
183970,2
183971,3
183972,2
183973,3
183977,2
183978,3
183979,3
183980,3
183981,3
183983,3
183984,1
183985,1
183986,2
183988,2
183990,2
183991,2
183992,2
183994,3
183995,2
183996,3
183999,3
184000,2
184002,2
184003,2
184005,3
184006,2
184008,2
184009,2
184011,3
184012,2
184013,3
184014,3
184017,3
184019,3
184020,2
184022,3
184023,2
184024,2
184026,2
184027,2
184028,2
184030,2
184031,2
184032,2
184036,3
184038,3
184041,1
184043,2
184044,2
184046,2
184047,2
184050,2
184052,2
184054,2
184055,2
184056,2
184058,2
184060,2
184062,2
184063,1
184065,1
184067,2
184069,1
184071,1
184072,2
184073,3
184075,3
184076,3
184078,3
184082,2
184084,4
184085,4
184086,2
184089,2
184091,2
184093,1
184094,1
184095,2
184097,4
184098,2
184099,4
184101,3
184103,3
184104,2
184105,3
184107,3
184109,2
184111,2
184112,2
184113,2
184115,2
184118,2
184119,2
184121,2
184125,2
184126,2
184127,2
184128,3
184129,3
184132,3
184134,3
184136,2
184138,2
184140,2
184142,2
184143,2
184144,2
184146,2
184147,2
184148,2
184149,2
184151,2
184153,2
184154,2
184155,2
184157,2
184158,2
184163,4
184164,4
184165,4
184166,4
184169,2
184171,3
184173,2
184174,2
184175,2
184176,2
184178,2
184180,2
184181,2
184183,2
184184,2
184185,2
184187,2
184188,2
184189,3
184191,3
184192,3
184193,3
184194,2
184195,2
184198,3
184199,2
184200,3
184202,2
184203,2
184204,3
184205,2
184206,3
184208,2
184209,3
184211,2
184212,3
184214,3
184215,3
184216,1
184217,1
184218,2
184219,1
184220,3
184222,3
184224,3
184226,3
184228,3
184230,3
184231,2
184234,2
184235,2
184236,3
184239,1
184241,1
184242,2
184244,1
184245,1
184248,1
184250,0
184252,0
184254,2
184256,0
184258,0
184259,1
184261,2
184263,2
184264,2
184265,2
184266,2
184267,3
184268,3
184270,2
184272,1
184273,3
184274,3
184276,3
184278,2
184279,3
184280,2
184282,2
184284,2
184285,2
184286,2
184287,2
184288,2
184289,1
184291,1
184292,3
184293,3
184294,3
184296,1
184298,1
184300,3
184301,2
184303,2
184305,2
184306,2
184307,2
184311,2
184314,2
184316,2
184317,2
184320,3
184322,2
184325,2
184326,3
184330,4
184332,3
184334,3
184336,2
184337,3
184339,2
184340,3
184341,3
184343,2
184344,2
184346,2
184347,2
184350,2
184351,2
184352,2
184353,2
184356,2
184357,2
184360,3
184361,3
184363,2
184365,3
184366,2
184368,2
184370,2
184373,2
184376,2
184379,2
184381,2
184382,2
184385,2
184386,2
184387,2
184389,2
184390,2
184395,2
184397,2
184398,2
184399,2
184401,2
184404,2
184405,2
184406,3
184407,2
184408,2
184409,2
184412,3
184415,2
184416,3
184418,1
184421,1
184423,2
184424,2
184426,2
184427,1
184430,1
184431,1
184432,1
184433,1
184437,1
184439,1
184441,2
184442,2
184443,1
184445,1
184449,2
184450,2
184456,2
184457,2
184458,2
184459,2
184460,2
184463,2
184465,2
184466,2
184468,2
184470,2
184471,2
184472,2
184475,2
184477,2
184478,2
184480,2
184482,2
184484,2
184485,2
184489,2
184490,2
184492,2
184493,4
184494,2
184495,2
184496,2
184501,2
184502,2
184503,2
184506,2
184508,2
184509,2
184510,2
184511,2
184512,2
184513,2
184514,2
184518,2
184519,2
184521,2
184523,2
184528,2
184529,2
184531,2
184532,2
184533,2
184534,1
184538,2
184539,2
184540,2
184542,2
184543,2
184544,2
184545,2
184546,2
184548,2
184550,2
184551,1
184552,2
184553,2
184554,2
184556,2
184560,3
184564,2
184566,1
184567,2
184568,2
184570,2
184571,1
184576,1
184578,3
184583,2
184585,2
184587,2
184588,4
184590,0
184592,0
184593,2
184595,2
184596,2
184598,2
184599,2
184601,2
184603,2
184604,2
184605,2
184607,2
184608,2
184610,2
184611,2
184612,2
184616,2
184618,2
184621,1
184622,1
184623,1
184625,1
184626,2
184628,1
184631,2
184633,2
184634,2
184636,2
184638,3
184639,3
184642,4
184645,2
184646,2
184648,2
184650,2
184653,3
184655,2
184658,2
184660,3
184662,3
184664,2
184666,2
184667,2
184669,3
184670,3
184671,2
184674,3
184675,3
184676,3
184679,3
184680,2
184681,1
184682,1
184683,2
184684,1
184687,1
184688,1
184690,1
184692,2
184693,2
184695,2
184697,2
184698,2
184699,2
184700,2
184703,2
184708,2
184710,2
184711,2
184712,2
184713,2
184715,2
184717,2
184719,2
184721,2
184722,2
184724,2
184726,2
184729,2
184730,2
184731,2
184733,2
184735,2
184738,2
184739,2
184740,2
184742,2
184743,3
184745,2
184747,2
184748,2
184750,2
184752,2
184753,2
184755,2
184756,2
184757,2
184760,2
184761,2
184762,2
184763,1
184764,1
184765,1
184766,1
184767,1
184770,1
184771,2
184773,2
184774,2
184775,2
184776,3
184777,2
184778,3
184780,3
184783,1
184785,1
184787,1
184790,2
184792,3
184794,2
184796,2
184798,2
184800,2
184802,2
184805,2
184807,4
184808,4
184809,4
184812,4
184814,4
184816,1
184818,2
184820,3
184821,2
184822,2
184824,3
184825,2
184826,2
184827,2
184832,2
184833,2
184835,3
184836,3
184837,3
184843,2
184848,1
184849,1
184853,2
184854,2
184855,1
184857,2
184860,3
184861,2
184863,3
184865,2
184867,3
184869,3
184871,2
184872,3
184873,1
184875,3
184877,2
184880,2
184881,2
184883,2
184884,2
184886,2
184888,2
184890,2
184892,2
184894,2
184895,2
184896,2
184898,2
184899,2
184900,2
184901,2
184902,2
184904,2
184906,2
184907,3
184910,3
184911,3
184913,3
184915,2
184916,2
184917,2
184918,2
184919,2
184920,2
184921,3
184923,3
184927,3
184930,3
184931,2
184932,2
184933,2
184935,2
184938,2
184939,2
184940,2
184941,2
184943,2
184945,3
184947,3
184950,2
184951,2
184952,2
184956,2
184957,2
184958,2
184960,2
184962,4
184964,3
184966,2
184967,3
184968,3
184969,2
184971,2
184972,2
184974,2
184975,2
184976,2
184977,2
184979,2
184981,2
184982,2
184984,2
184985,2
184986,2
184987,2
184988,2
184989,2
184990,2
184991,2
184992,2
184993,2
184995,2
184996,2
184997,4
184999,2
185003,3
185004,3
185005,3
185006,2
185007,3
185010,4
185013,2
185014,4
185016,4
185018,3
185023,4
185024,4
185025,3
185026,2
185027,2
185028,2
185030,2
185031,2
185032,2
185034,2
185035,2
185036,3
185037,3
185039,2
185040,2
185041,2
185043,1
185044,2
185047,3
185049,3
185051,2
185052,2
185053,2
185054,2
185055,0
185056,2
185057,0
185059,0
185060,0
185061,1
185065,2
185070,1
185071,2
185072,2
185073,2
185076,1
185077,2
185078,2
185079,2
185080,2
185081,2
185084,2
185085,2
185087,2
185088,2
185092,2
185093,2
185095,2
185097,2
185098,2
185099,2
185101,2
185103,2
185104,2
185105,2
185106,2
185108,2
185109,2
185110,2
185112,2
185113,2
185114,2
185118,2
185120,2
185123,2
185124,2
185125,2
185126,2
185127,2
185128,2
185130,2
185132,2
185133,2
185134,2
185135,2
185137,2
185138,2
185140,2
185141,2
185142,2
185143,2
185146,2
185149,2
185150,2
185151,2
185152,2
185153,2
185154,2
185157,2
185158,2
185159,2
185160,2
185161,2
185164,2
185166,2
185167,2
185168,2
185169,2
185174,2
185176,2
185179,2
185180,2
185182,2
185186,2
185190,3
185193,3
185195,3
185196,2
185198,2
185200,2
185202,2
185203,3
185204,3
185205,3
185206,3
185207,2
185209,2
185210,2
185212,3
185215,3
185218,3
185219,3
185221,3
185224,3
185225,2
185226,2
185227,3
185229,3
185230,2
185231,2
185232,3
185234,3
185235,1
185236,1
185238,1
185239,1
185241,2
185242,2
185243,2
185245,1
185247,2
185252,2
185253,1
185255,2
185256,2
185257,2
185261,2
185262,2
185263,2
185264,2
185265,2
185268,1
185269,2
185270,2
185271,2
185274,1
185276,1
185278,1
185280,3
185282,2
185283,2
185284,1
185285,3
185286,3
185287,2
185288,3
185291,2
185293,2
185295,2
185297,2
185298,1
185299,3
185300,2
185301,3
185303,2
185304,2
185306,2
185309,2
185310,2
185311,2
185312,2
185314,3
185315,3
185318,3
185319,3
185321,3
185323,2
185325,2
185327,2
185329,2
185330,2
185331,2
185332,2
185334,2
185335,2
185336,3
185338,3
185341,3
185342,2
185343,2
185345,2
185346,3
185348,2
185349,2
185350,3
185352,3
185353,2
185354,0
185356,2
185357,2
185358,2
185359,2
185360,2
185361,2
185363,2
185365,2
185367,2
185368,2
185370,1
185371,2
185372,1
185375,2
185377,2
185379,2
185382,2
185383,2
185386,3
185388,2
185390,2
185391,2
185392,2
185393,3
185395,3
185397,2
185400,2
185402,3
185407,2
185413,3
185414,2
185415,2
185416,3
185418,3
185420,2
185422,2
185423,2
185424,3
185425,3
185430,2
185431,3
185433,3
185435,2
185438,1
185440,2
185441,1
185442,2
185444,1
185445,2
185446,1
185447,1
185449,1
185453,1
185454,1
185456,1
185457,1
185458,3
185462,2
185464,2
185465,2
185466,2
185467,2
185468,2
185470,2
185472,2
185473,2
185474,2
185475,2
185476,2
185478,2
185481,1
185482,2
185484,2
185486,2
185487,2
185489,1
185490,1
185492,2
185493,1
185494,1
185495,1
185497,3
185499,1
185500,3
185503,3
185506,3
185507,2
185508,4
185510,4
185511,3
185512,3
185513,2
185517,1
185518,1
185519,1
185521,2
185522,2
185525,2
185526,2
185527,2
185529,2
185530,2
185532,2
185533,2
185534,2
185535,2
185536,2
185538,2
185539,4
185540,4
185542,4
185544,4
185546,2
185548,2
185551,2
185552,2
185554,3
185556,4
185559,2
185560,2
185561,4
185562,2
185563,4
185566,4
185567,3
185568,3
185572,3
185574,3
185575,3
185576,3
185578,3
185580,2
185582,2
185585,3
185587,3
185588,2
185589,3
185592,3
185594,3
185596,2
185597,2
185598,2
185599,2
185600,2
185605,2
185606,2
185608,2
185609,2
185610,2
185611,2
185614,2
185615,2
185616,2
185619,2
185621,2
185622,2
185624,2
185626,2
185627,1
185629,2
185632,2
185633,2
185634,2
185637,2
185639,2
185642,2
185643,2
185646,2
185649,2
185650,4
185651,4
185653,4
185655,3
185658,3
185659,2
185660,2
185661,2
185665,2
185666,2
185667,2
185668,2
185669,2
185671,2
185672,2
185673,2
185676,2
185678,2
185680,2
185681,2
185682,1
185683,2
185684,1
185686,1
185687,1
185689,3
185691,3
185692,2
185693,2
185694,2
185697,2
185700,1
185702,1
185703,2
185706,2
185707,2
185710,2
185712,3
185713,2
185714,2
185715,2
185716,2
185717,2
185718,2
185721,2
185723,2
185724,2
185725,3
185726,1
185727,2
185729,1
185730,2
185732,2
185734,2
185735,3
185737,2
185740,2
185742,3
185745,3
185747,3
185749,1
185752,1
185753,1
185755,2
185756,2
185757,2
185761,1
185762,3
185763,2
185764,2
185765,2
185767,2
185769,2
185771,2
185772,2
185773,1
185774,2
185775,2
185776,2
185777,2
185778,2
185780,2
185781,2
185783,2
185784,2
185785,2
185786,2
185788,2
185789,2
185791,2
185792,2
185793,2
185794,1
185795,2
185796,1
185798,1
185801,3
185802,2
185803,3
185805,3
185806,3
185807,2
185811,2
185812,2
185814,2
185815,2
185816,2
185819,2
185821,2
185822,2
185823,2
185825,3
185826,2
185829,2
185830,2
185831,2
185834,2
185835,2
185836,3
185838,3
185841,2
185842,2
185844,2
185847,2
185849,2
185850,3
185853,3
185855,3
185857,2
185859,3
185861,2
185864,4
185866,2
185870,3
185873,3
185874,3
185876,3
185878,2
185879,2
185882,3
185883,1
185884,3
185886,2
185887,2
185889,2
185890,2
185892,2
185894,2
185895,2
185898,2
185900,2
185903,2
185904,2
185907,3
185908,2
185909,3
185910,3
185911,2
185914,2
185915,3
185920,3
185922,3
185924,2
185925,2
185926,3
185936,2
185937,2
185938,2
185939,2
185942,2
185943,2
185946,2
185947,2
185949,2
185950,2
185951,2
185952,2
185953,2
185955,2
185957,2
185959,2
185960,2
185961,2
185962,2
185964,2
185969,4
185970,4
185972,4
185975,2
185979,1
185980,1
185982,3
185984,2
185986,2
185987,3
185988,2
185989,3
185990,2
185992,3
185995,1
185997,2
185999,2
186000,2
186001,2
186003,2
186005,2
186007,2
186008,2
186011,1
186012,2
186014,1
186015,1
186020,4
186022,3
186023,3
186025,2
186026,2
186027,2
186029,2
186030,2
186031,2
186032,2
186034,2
186035,2
186036,2
186039,2
186041,2
186042,2
186044,2
186045,2
186047,2
186048,3
186049,2
186050,2
186052,2
186053,3
186055,3
186056,3
186058,2
186060,2
186062,2
186063,2
186064,2
186066,2
186067,2
186069,2
186070,2
186071,2
186072,2
186076,2
186078,2
186080,2
186081,2
186083,2
186084,2
186085,2
186089,2
186093,2
186098,2
186099,2
186100,2
186102,2
186104,3
186105,2
186106,3
186108,2
186111,2
186113,2
186117,3
186119,3
186120,2
186122,3
186125,3
186127,2
186128,2
186129,2
186130,2
186132,2
186133,2
186134,2
186135,2
186136,2
186137,2
186140,2
186141,2
186142,2
186144,2
186145,2
186146,2
186149,2
186150,2
186153,2
186156,2
186159,2
186161,2
186162,2
186163,2
186164,2
186166,2
186167,2
186168,2
186169,0
186171,2
186172,3
186175,3
186178,3
186179,2
186181,2
186183,2
186184,2
186186,2
186187,2
186188,2
186190,2
186191,2
186193,2
186194,2
186196,2
186198,2
186201,2
186202,2
186203,3
186204,3
186205,3
186207,3
186212,2
186215,3
186216,3
186217,3
186220,2
186222,3
186223,2
186224,2
186225,2
186226,4
186227,2
186230,2
186231,2
186232,3
186234,3
186236,2
186238,2
186239,2
186241,2
186242,3
186243,2
186244,3
186246,3
186248,2
186250,2
186251,2
186253,2
186254,2
186257,2
186259,3
186263,3
186264,3
186267,3
186269,2
186270,1
186274,1
186275,3
186277,3
186281,3
186282,2
186283,3
186284,2
186285,1
186287,2
186289,2
186290,1
186291,1
186293,2
186294,1
186296,2
186298,2
186299,2
186300,2
186301,2
186302,2
186304,2
186306,2
186307,2
186310,2
186313,2
186315,2
186316,2
186317,2
186318,2
186319,2
186321,2
186324,2
186325,2
186326,2
186327,3
186329,3
186332,3
186335,3
186338,2
186339,3
186343,3
186345,3
186346,3
186349,2
186351,2
186353,2
186354,2
186358,1
186359,2
186360,1
186362,4
186364,2
186366,2
186367,2
186369,2
186370,2
186372,2
186375,0
186376,1
186377,1
186378,2
186381,2
186382,2
186384,2
186385,2
186386,3
186390,3
186393,1
186394,2
186395,2
186398,1
186400,2
186402,2
186404,2
186406,2
186407,1
186408,1
186409,2
186411,2
186413,2
186414,2
186417,2
186418,2
186419,2
186421,2
186423,2
186424,2
186426,2
186428,2
186430,2
186431,0
186432,2
186433,2
186434,1
186438,1
186440,2
186442,1
186445,2
186448,2
186451,2
186453,2
186454,2
186455,2
186456,2
186458,2
186460,2
186461,3
186462,2
186464,2
186466,2
186468,2
186469,2
186470,2
186471,2
186475,3
186476,3
186480,2
186481,2
186484,3
186489,3
186491,2
186494,2
186498,2
186502,2
186506,3
186509,3
186511,3
186513,3
186516,2
186517,2
186518,3
186519,2
186520,2
186521,3
186522,3
186523,3
186527,2
186528,3
186530,3
186531,3
186533,3
186535,2
186536,2
186537,3
186540,3
186541,3
186542,2
186544,3
186546,2
186547,2
186549,2
186550,2
186551,2
186552,2
186554,2
186556,2
186558,2
186561,2
186562,2
186564,2
186567,2
186568,2
186569,2
186570,2
186571,2
186573,2
186576,2
186577,1
186578,1
186579,1
186580,1
186582,2
186583,2
186587,2
186591,3
186593,3
186595,3
186596,2
186597,2
186599,2
186600,2
186601,2
186602,2
186604,2
186605,2
186607,2
186608,2
186611,2
186613,2
186615,2
186617,2
186618,1
186619,1
186620,1
186621,1
186623,1
186624,2
186627,2
186629,2
186630,2
186632,2
186633,2
186634,3
186635,2
186637,3
186639,3
186640,3
186644,3
186645,2
186646,2
186649,0
186650,0
186653,0
186654,2
186655,2
186658,3
186659,4
186660,4
186661,2
186662,2
186664,4
186667,2
186670,4
186671,2
186672,3
186675,3
186677,2
186678,2
186679,2
186681,2
186682,2
186684,2
186686,2
186688,2
186693,2
186696,2
186697,2
186698,2
186699,2
186701,2
186703,2
186704,2
186705,2
186706,2
186707,2
186708,2
186709,2
186710,2
186714,2
186716,2
186717,2
186718,2
186719,2
186720,2
186721,2
186723,2
186724,2
186726,2
186728,3
186729,3
186730,2
186733,2
186734,2
186735,2
186736,2
186737,2
186738,2
186740,2
186742,2
186743,2
186745,2
186747,2
186749,2
186750,2
186751,2
186752,2
186754,2
186757,2
186760,2
186763,2
186766,2
186769,2
186770,2
186771,2
186772,2
186773,2
186774,2
186777,2
186778,2
186782,2
186784,2
186794,3
186795,3
186797,3
186798,2
186799,3
186801,3
186803,3
186805,3
186806,3
186807,1
186808,1
186809,1
186811,1
186812,2
186814,2
186815,2
186816,2
186818,2
186820,4
186821,4
186822,4
186823,4
186825,4
186827,4
186828,4
186830,3
186832,2
186833,2
186834,2
186835,3
186841,3
186842,2
186844,3
186845,3
186848,3
186849,1
186850,2
186851,2
186854,1
186856,1
186859,1
186861,2
186863,2
186865,2
186867,2
186868,2
186869,2
186872,2
186874,2
186875,3
186876,3
186877,3
186879,2
186882,3
186886,3
186888,3
186890,3
186892,2
186893,3
186894,2
186895,3
186896,2
186898,3
186901,3
186903,3
186905,3
186907,3
186909,3
186911,3
186913,2
186916,3
186917,3
186920,3
186922,3
186924,2
186925,3
186927,3
186929,2
186930,2
186931,2
186934,2
186935,2
186936,2
186937,1
186938,1
186940,1
186941,1
186943,2
186945,2
186947,2
186949,2
186950,2
186951,2
186954,0
186956,1
186957,2
186958,2
186959,2
186961,2
186963,2
186964,2
186965,2
186966,2
186967,2
186971,2
186976,3
186977,2
186978,3
186980,3
186982,3
186985,2
186987,2
186988,3
186990,2
186991,2
186993,2
186994,2
186995,2
186996,2
186998,2
186999,2
187000,3
187001,2
187002,2
187004,1
187007,1
187008,3
187011,3
187013,3
187015,3
187018,3
187019,1
187022,2
187023,3
187025,3
187026,3
187029,3
187032,3
187033,2
187035,2
187038,2
187040,2
187042,2
187043,2
187045,2
187048,1
187049,1
187050,1
187051,1
187052,1
187053,1
187055,3
187057,3
187059,1
187061,1
187063,3
187064,3
187067,3
187068,3
187070,2
187071,2
187072,2
187074,2
187075,1
187076,1
187078,0
187080,2
187081,2
187082,2
187083,2
187085,1
187086,1
187088,2
187092,2
187094,2
187095,2
187097,2
187098,2
187100,2
187103,2
187105,2
187109,2
187110,2
187111,2
187114,3
187115,3
187117,3
187120,4
187122,4
187123,2
187126,2
187129,2
187130,2
187131,2
187132,2
187135,2
187139,4
187142,4
187144,2
187146,2
187149,2
187150,2
187152,2
187154,2
187155,2
187157,3
187158,2
187160,2
187161,2
187162,2
187165,1
187166,3
187167,3
187168,1
187170,2
187175,3
187179,2
187180,3
187182,3
187184,3
187186,1
187188,3
187191,2
187192,3
187193,3
187195,2
187196,3
187197,2
187198,2
187200,2
187201,2
187202,3
187203,2
187205,2
187206,2
187207,2
187210,2
187212,2
187215,3
187217,0
187219,0
187220,2
187221,3
187223,2
187224,3
187225,3
187228,3
187229,3
187230,3
187231,3
187233,3
187234,3
187235,2
187238,2
187240,2
187242,3
187244,3
187247,2
187248,2
187249,1
187251,2
187254,2
187255,2
187256,0
187257,2
187259,2
187260,2
187261,2
187262,2
187263,2
187264,2
187265,2
187268,2
187269,2
187271,2
187272,2
187274,2
187275,3
187277,3
187280,3
187281,2
187282,2
187283,2
187284,2
187285,2
187286,2
187288,2
187290,2
187292,2
187293,2
187294,2
187295,2
187296,2
187298,2
187300,2
187301,2
187303,2
187304,2
187305,2
187307,2
187308,2
187310,3
187311,2
187312,2
187316,2
187317,2
187318,2
187319,2
187321,2
187322,2
187324,2
187326,2
187328,2
187329,2
187330,2
187333,2
187334,3
187339,3
187340,3
187341,4
187343,4
187344,2
187345,1
187346,1
187347,1
187348,1
187350,1
187351,2
187354,2
187355,2
187358,1
187360,2
187362,2
187364,2
187365,2
187368,2
187370,2
187371,2
187374,2
187375,2
187376,3
187379,3
187381,2
187382,2
187383,2
187385,2
187388,2
187390,2
187393,2
187395,2
187396,2
187397,2
187399,2
187400,2
187402,2
187404,2
187408,2
187409,2
187411,2
187415,2
187417,2
187418,2
187419,3
187421,3
187422,3
187424,3
187425,3
187426,3
187427,1
187428,1
187429,1
187433,3
187435,2
187436,2
187437,2
187439,2
187440,2
187441,2
187442,2
187445,2
187446,2
187447,2
187450,2
187452,2
187453,2
187454,2
187457,1
187458,3
187459,2
187462,2
187465,3
187466,1
187468,2
187470,2
187471,1
187474,2
187476,3
187477,3
187478,4
187480,4
187481,4
187482,4
187484,3
187486,2
187487,3
187489,2
187491,3
187495,3
187496,3
187501,3
187503,2
187504,2
187505,2
187508,2
187511,2
187513,2
187514,2
187516,2
187517,2
187518,3
187519,3
187521,3
187523,2
187525,2
187526,3
187529,3
187530,4
187532,4
187534,4
187535,4
187537,4
187538,2
187540,2
187541,2
187543,2
187545,2
187548,2
187549,2
187550,2
187553,2
187555,2
187556,2
187557,2
187558,3
187560,2
187561,3
187562,3
187563,3
187564,3
187565,3
187566,3
187567,3
187570,3
187571,2
187572,3
187573,3
187574,2
187575,3
187576,1
187578,3
187579,3
187581,3
187582,1
187588,1
187589,1
187591,2
187592,2
187594,1
187597,2
187598,1
187600,1
187601,1
187602,1
187604,1
187605,1
187607,1
187608,1
187609,1
187610,1
187611,2
187614,2
187616,2
187618,3
187619,3
187620,1
187625,2
187627,3
187628,2
187629,2
187630,2
187631,2
187632,2
187633,2
187635,2
187636,2
187638,2
187640,2
187641,2
187642,2
187646,2
187648,1
187651,3
187653,4
187655,4
187657,2
187659,2
187662,2
187663,3
187664,3
187665,3
187670,1
187674,2
187675,2
187676,2
187678,2
187679,2
187680,2
187681,2
187682,2
187683,2
187686,2
187688,2
187689,2
187690,2
187692,2
187693,2
187694,2
187697,1
187698,2
187699,2
187700,2
187701,2
187702,1
187706,1
187707,1
187709,2
187710,2
187711,2
187712,1
187713,2
187714,2
187715,2
187716,2
187717,2
187718,3
187720,2
187723,2
187724,2
187725,2
187726,2
187727,3
187728,3
187729,3
187731,3
187733,4
187734,4
187738,4
187739,4
187740,4
187741,4
187744,2
187746,3
187748,2
187754,3
187756,3
187758,4
187762,4
187764,2
187765,3
187768,3
187771,3
187773,2
187774,2
187775,2
187777,3
187778,3
187779,3
187782,2
187784,2
187786,0
187787,3
187790,3
187791,3
187793,2
187795,2
187797,0
187798,2
187799,0
187800,2
187802,0
187804,2
187807,2
187808,2
187809,2
187813,3
187814,2
187815,2
187816,2
187817,2
187818,2
187819,2
187820,2
187824,2
187825,2
187826,2
187827,2
187828,2
187830,2
187831,3
187834,3
187836,4
187838,2
187841,2
187842,2
187845,4
187846,4
187847,2
187850,2
187852,2
187853,2
187855,2
187857,2
187858,2
187859,2
187860,2
187863,2
187866,2
187868,2
187869,2
187870,2
187872,2
187874,2
187877,2
187881,2
187882,2
187884,2
187885,2
187887,2
187889,2
187892,2
187894,4
187895,4
187898,4
187899,2
187900,2
187902,2
187903,2
187904,2
187906,2
187907,2
187910,2
187913,1
187915,3
187919,2
187920,2
187921,2
187922,2
187924,2
187926,3
187928,2
187929,2
187931,2
187934,3
187935,3
187936,3
187938,3
187939,2
187941,2
187942,2
187944,2
187946,3
187947,3
187948,3
187949,2
187952,2
187954,2
187958,2
187959,2
187961,3
187962,3
187963,3
187965,3
187967,3
187968,2
187969,2
187971,3
187973,3
187974,2
187976,2
187977,2
187979,2
187980,2
187981,2
187983,2
187985,2
187987,2
187988,2
187990,2
187992,2
187993,2
187994,2
187995,2
187996,2
187997,2
187998,2
188000,2
188005,2
188006,2
188007,2
188008,2
188009,2
188010,2
188011,2
188013,2
188015,2
188016,2
188018,2
188021,2
188023,2
188024,2
188026,2
188027,2
188029,2
188031,2
188035,2
188037,2
188038,2
188039,2
188040,2
188041,1
188042,1
188044,1
188046,1
188048,1
188050,1
188052,2
188053,1
188054,2
188056,1
188057,3
188059,1
188060,1
188061,2
188066,2
188067,2
188068,2
188069,1
188071,3
188072,3
188079,2
188080,1
188082,1
188084,2
188085,2
188086,2
188088,2
188089,2
188090,3
188092,3
188093,3
188095,3
188097,3
188099,3
188101,2
188102,2
188103,2
188105,2
188108,3
188109,2
188110,4
188111,4
188113,4
188115,4
188116,2
188117,2
188119,2
188121,2
188122,4
188123,2
188125,4
188128,4
188130,4
188132,4
188133,3
188135,3
188137,2
188138,2
188140,1
188143,1
188146,1
188147,1
188148,1
188149,2
188151,4
188153,4
188158,2
188160,2
188163,2
188165,2
188166,2
188167,2
188168,2
188169,2
188170,2
188172,2
188173,3
188175,3
188177,2
188178,2
188179,2
188181,2
188184,2
188185,2
188187,2
188188,2
188190,3
188191,3
188193,2
188194,2
188196,0
188198,2
188202,2
188203,2
188205,2
188207,2
188208,2
188209,2
188210,2
188212,2
188214,2
188215,2
188216,2
188217,2
188218,2
188220,2
188223,2
188224,2
188225,2
188226,2
188228,2
188229,2
188231,2
188233,2
188234,2
188235,1
188237,2
188238,2
188239,2
188240,2
188242,2
188243,2
188244,2
188245,2
188248,2
188249,2
188251,2
188252,2
188255,2
188258,2
188262,2
188264,2
188266,4
188267,3
188268,3
188270,3
188272,2
188273,2
188275,3
188278,2
188279,2
188281,3
188282,2
188286,2
188287,2
188290,3
188291,2
188294,1
188296,1
188297,1
188299,2
188301,1
188304,1
188306,1
188312,2
188313,2
188314,2
188315,2
188319,2
188320,2
188321,2
188322,2
188324,2
188326,2
188327,2
188328,2
188330,2
188331,2
188334,2
188336,2
188337,2
188338,2
188343,1
188345,1
188347,1
188348,1
188350,1
188351,1
188352,2
188353,1
188354,1
188356,1
188358,2
188360,1
188361,2
188362,2
188364,2
188365,0
188370,0
188371,0
188373,2
188378,1
188379,1
188380,2
188381,1
188384,2
188385,2
188386,2
188387,2
188388,2
188391,2
188393,2
188394,2
188397,2
188398,2
188401,2
188402,2
188407,2
188409,2
188412,2
188413,2
188415,2
188416,2
188417,2
188422,2
188423,2
188424,2
188426,4
188427,4
188429,2
188431,2
188433,2
188434,2
188435,2
188436,3
188438,3
188441,0
188444,4
188445,4
188446,4
188448,4
188449,4
188451,2
188452,2
188453,2
188454,4
188457,2
188459,2
188460,2
188462,3
188463,2
188465,2
188467,2
188468,2
188470,3
188475,2
188477,2
188478,2
188479,2
188481,2
188484,2
188485,2
188487,2
188488,2
188492,2
188496,1
188501,3
188502,3
188505,2
188506,3
188508,3
188509,3
188510,2
188512,3
188515,1
188517,2
188520,2
188522,2
188524,2
188527,1
188529,2
188530,2
188532,2
188534,2
188535,1
188537,1
188539,1
188541,3
188543,2
188544,1
188546,2
188548,2
188550,2
188551,2
188553,2
188554,2
188557,2
188558,2
188559,2
188560,2
188561,2
188562,2
188565,2
188566,2
188567,2
188569,2
188570,3
188571,3
188574,3
188575,2
188577,2
188578,2
188579,2
188581,2
188582,2
188584,2
188585,2
188586,2
188587,2
188588,2
188589,2
188591,2
188595,3
188596,3
188600,3
188602,2
188604,2
188605,2
188607,2
188608,2
188609,2
188610,2
188611,2
188613,2
188614,2
188615,2
188617,2
188619,2
188620,2
188621,2
188623,2
188624,2
188625,2
188627,2
188629,2
188630,2
188631,2
188632,2
188633,2
188634,2
188635,2
188637,2
188638,2
188640,2
188644,2
188647,2
188648,2
188649,2
188653,2
188654,2
188655,2
188656,2
188658,2
188659,3
188660,3
188662,2
188663,2
188664,3
188668,3
188672,3
188674,3
188675,2
188676,3
188677,3
188679,2
188680,2
188682,2
188683,2
188684,2
188687,2
188688,2
188689,2
188690,2
188694,2
188697,1
188701,2
188705,0
188709,2
188710,2
188711,2
188713,2
188714,3
188715,2
188717,2
188718,2
188720,2
188721,2
188722,2
188724,2
188726,2
188727,2
188728,2
188730,2
188731,3
188732,2
188734,3
188738,4
188739,4
188740,2
188741,2
188742,2
188744,4
188745,2
188746,2
188748,1
188749,3
188750,1
188752,1
188754,1
188755,1
188756,2
188757,3
188764,3
188765,3
188767,3
188768,3
188770,1
188771,1
188773,1
188774,1
188777,1
188780,3
188781,2
188782,3
188783,2
188784,2
188785,3
188786,3
188789,3
188792,3
188794,3
188795,3
188797,3
188798,2
188800,2
188802,2
188803,2
188805,4
188806,3
188808,3
188809,2
188810,3
188811,3
188812,2
188813,2
188814,2
188816,2
188817,2
188818,2
188821,2
188827,2
188829,2
188832,2
188833,1
188835,1
188838,1
188839,1
188842,1
188844,1
188845,2
188848,2
188850,2
188851,2
188852,1
188853,1
188855,1
188857,2
188859,1
188860,1
188862,2
188863,1
188864,1
188865,2
188866,1
188867,1
188869,1
188870,2
188871,2
188872,0
188873,2
188874,2
188875,2
188876,2
188877,2
188879,2
188881,2
188882,2
188883,2
188884,2
188887,2
188889,2
188895,2
188897,2
188899,2
188901,2
188903,2
188904,2
188905,2
188907,2
188909,2
188912,2
188914,2
188915,2
188916,2
188917,2
188918,2
188920,2
188921,2
188923,2
188925,2
188926,2
188927,2
188930,1
188932,3
188935,2
188936,3
188938,2
188939,2
188941,2
188942,2
188943,2
188944,2
188946,2
188948,2
188950,2
188953,2
188954,2
188955,1
188956,1
188959,1
188963,2
188965,2
188968,2
188970,2
188971,1
188972,2
188973,2
188976,2
188979,2
188980,1
188981,1
188983,1
188985,1
188987,2
188989,2
188994,1
188995,1
188998,2
188999,2
189000,2
189002,2
189003,2
189004,2
189006,2
189007,2
189009,2
189012,2
189013,2
189016,2
189019,2
189021,2
189024,3
189025,3
189026,3
189027,3
189028,3
189029,2
189031,3
189032,2
189033,2
189036,3
189038,2
189040,3
189041,3
189042,2
189043,3
189044,2
189046,2
189047,3
189049,2
189050,2
189051,2
189052,3
189054,2
189056,2
189057,2
189058,2
189059,2
189060,2
189061,3
189062,3
189064,2
189065,2
189068,2
189069,2
189070,2
189071,2
189072,2
189074,1
189075,1
189083,1
189085,1
189088,0
189089,0
189091,3
189092,0
189094,0
189095,0
189097,2
189099,2
189100,2
189101,2
189103,2
189106,2
189108,2
189109,2
189111,2
189113,2
189115,2
189116,2
189117,2
189118,2
189120,2
189121,2
189122,2
189123,2
189124,2
189125,2
189126,2
189127,2
189129,2
189131,2
189133,2
189139,4
189140,4
189141,4
189142,4
189144,3
189148,3
189150,2
189151,3
189154,4
189156,2
189157,2
189159,2
189165,2
189167,1
189168,1
189171,1
189174,1
189178,2
189179,2
189180,2
189182,2
189183,1
189186,1
189187,2
189188,2
189190,2
189193,2
189194,2
189198,2
189202,2
189204,2
189205,2
189207,2
189210,2
189211,2
189214,0
189215,4
189218,2
189220,3
189221,2
189222,2
189223,2
189224,3
189231,2
189232,2
189235,2
189236,2
189237,2
189239,2
189241,2
189242,2
189244,2
189246,2
189249,2
189250,2
189251,2
189252,2
189253,2
189254,2
189255,4
189260,2
189261,2
189262,2
189263,2
189266,1
189267,0
189269,0
189271,2
189272,2
189273,2
189274,2
189276,1
189278,1
189279,2
189280,1
189282,1
189283,2
189284,3
189285,2
189286,2
189288,2
189289,3
189292,3
189293,3
189294,3
189296,2
189298,3
189299,3
189300,2
189301,2
189302,2
189305,2
189306,2
189307,2
189310,2
189311,2
189313,2
189314,3
189318,1
189319,2
189323,2
189327,2
189328,2
189330,2
189331,2
189334,2
189336,2
189337,2
189338,2
189339,2
189340,3
189342,2
189343,3
189345,3
189347,3
189350,3
189352,3
189354,2
189356,2
189359,2
189364,3
189366,3
189369,3
189370,3
189371,3
189374,2
189378,3
189380,2
189384,2
189386,2
189388,3
189391,3
189393,2
189395,3
189396,3
189398,3
189399,3
189400,1
189401,2
189402,2
189403,2
189408,3
189411,3
189413,3
189414,3
189417,4
189419,2
189420,3
189421,2
189422,2
189425,3
189426,2
189427,2
189429,2
189431,2
189433,2
189434,2
189435,2
189436,2
189438,2
189440,2
189441,2
189442,2
189443,2
189444,2
189445,2
189447,2
189449,2
189450,2
189451,2
189453,2
189454,2
189456,2
189457,2
189460,2
189461,2
189462,2
189463,2
189464,2
189466,2
189468,2
189469,2
189470,2
189473,2
189479,3
189481,2
189483,2
189484,2
189485,2
189489,3
189490,3
189491,3
189492,2
189493,3
189496,3
189497,3
189499,3
189500,4
189502,4
189503,2
189504,2
189507,2
189508,3
189510,2
189511,2
189512,2
189514,2
189515,3
189517,3
189519,3
189520,3
189523,3
189525,3
189528,2
189530,2
189531,2
189534,2
189535,2
189536,3
189538,3
189539,2
189542,2
189545,2
189547,2
189550,2
189551,3
189552,3
189554,2
189556,3
189557,2
189559,2
189560,3
189562,3
189563,2
189565,3
189567,3
189569,3
189571,3
189572,2
189573,3
189576,2
189578,2
189580,3
189581,2
189582,2
189583,2
189585,2
189586,2
189587,2
189589,4
189590,3
189591,3
189593,2
189594,2
189595,2
189598,3
189603,3
189605,2
189606,4
189611,2
189612,2
189615,2
189616,2
189621,2
189626,2
189629,2
189633,2
189635,1
189637,2
189638,2
189641,2
189642,2
189643,2
189644,2
189645,2
189646,2
189647,2
189650,2
189652,2
189653,2
189656,2
189658,2
189660,2
189661,2
189662,2
189663,2
189664,2
189665,1
189666,2
189667,2
189670,2
189672,1
189675,2
189677,2
189679,2
189680,2
189685,3
189686,3
189687,3
189688,2
189689,2
189690,3
189691,2
189693,3
189695,2
189698,2
189699,3
189701,2
189702,3
189704,2
189706,2
189709,2
189711,2
189713,2
189714,2
189715,2
189716,2
189717,2
189718,3
189719,2
189720,2
189723,2
189724,2
189728,2
189729,2
189731,3
189735,3
189737,3
189738,3
189740,2
189742,2
189744,2
189745,2
189746,2
189747,1
189748,2
189749,1
189751,2
189754,1
189756,2
189758,2
189760,2
189761,2
189763,1
189764,2
189765,2
189766,2
189767,1
189770,0
189775,2
189778,1
189780,3
189783,2
189785,2
189786,2
189787,2
189789,2
189790,2
189791,1
189792,3
189798,1
189800,2
189802,2
189808,3
189810,2
189812,3
189813,3
189814,3
189815,3
189819,2
189825,2
189828,2
189829,3
189830,2
189833,2
189835,2
189836,2
189837,2
189840,2
189845,2
189846,3
189851,2
189853,2
189856,2
189857,2
189859,2
189860,2
189862,2
189865,2
189866,2
189867,2
189869,2
189870,2
189872,2
189873,2
189874,2
189875,2
189876,2
189878,1
189880,1
189885,1
189886,2
189888,1
189889,1
189890,1
189891,1
189895,2
189897,2
189898,2
189899,2
189900,1
189901,1
189902,1
189903,3
189905,2
189907,3
189909,3
189912,3
189914,3
189918,2
189920,2
189921,2
189922,2
189923,2
189926,2
189930,2
189932,2
189934,2
189935,2
189936,2
189937,2
189938,2
189940,2
189941,2
189947,1
189948,2
189949,2
189950,1
189953,1
189954,1
189955,2
189958,2
189959,2
189960,2
189961,2
189963,2
189965,2
189966,2
189967,2
189968,2
189969,2
189971,2
189972,2
189973,2
189974,3
189976,2
189977,3
189979,2
189980,3
189981,3
189983,3
189984,3
189986,3
189989,3
189992,3
189994,4
189995,4
189997,3
190000,3
190001,3
190003,2
190004,2
190007,2
190009,2
190010,2
190011,3
190013,3
190016,3
190019,3
190022,3
190025,2
190027,2
190028,2
190030,1
190031,2
190034,2
190035,2
190036,2
190037,2
190041,2
190042,2
190043,3
190046,3
190050,2
190052,2
190055,2
190056,1
190057,2
190058,1
190061,1
190062,1
190063,1
190064,1
190066,3
190068,2
190073,2
190076,2
190077,2
190078,2
190079,2
190080,2
190085,2
190086,2
190090,2
190091,2
190092,2
190095,2
190096,2
190097,2
190098,2
190100,2
190102,2
190104,2
190105,2
190106,2
190107,2
190108,2
190109,2
190110,2
190112,2
190113,2
190114,2
190117,2
190121,2
190122,2
190123,2
190124,2
190131,3
190132,3
190133,3
190134,3
190135,3
190136,2
190138,2
190139,2
190140,2
190142,0
190145,3
190146,0
190147,1
190149,1
190150,2
190152,1
190153,1
190154,2
190155,4
190157,2
190158,2
190160,4
190162,2
190164,2
190166,2
190168,3
190169,3
190171,3
190173,3
190175,2
190176,3
190177,2
190178,2
190179,2
190180,2
190183,2
190186,2
190187,2
190188,2
190189,2
190190,3
190192,2
190197,3
190199,3
190204,3
190205,2
190206,2
190207,2
190210,3
190213,3
190216,3
190219,3
190220,2
190221,3
190223,1
190225,1
190227,1
190228,1
190230,1
190232,1
190234,1
190238,1
190240,2
190246,2
190248,2
190251,2
190253,2
190255,2
190259,2
190260,2
190262,2
190263,2
190264,2
190265,2
190266,2
190267,2
190268,1
190270,2
190272,2
190273,2
190277,2
190282,2
190284,2
190287,2
190288,2
190289,2
190290,2
190293,1
190297,2
190299,2
190300,1
190302,1
190305,3
190308,3
190311,3
190314,1
190315,1
190317,4
190318,2
190321,4
190325,2
190326,2
190328,2
190329,2
190330,2
190331,2
190333,2
190335,2
190337,2
190342,2
190343,2
190345,2
190348,2
190352,2
190354,2
190355,2
190357,2
190359,2
190362,2
190363,2
190364,2
190368,2
190370,2
190374,2
190376,2
190377,1
190378,1
190380,2
190381,2
190386,2
190388,2
190390,1
190391,1
190393,1
190396,2
190398,1
190400,2
190402,2
190405,1
190408,1
190410,1
190413,2
190414,2
190416,2
190417,2
190418,2
190420,2
190421,2
190422,2
190423,2
190424,2
190425,2
190426,2
190428,2
190430,2
190431,2
190432,2
190433,2
190434,2
190436,2
190438,2
190439,2
190443,2
190445,2
190446,2
190447,2
190449,2
190450,2
190452,2
190453,2
190454,2
190456,2
190457,2
190458,1
190461,2
190463,1
190465,1
190466,2
190467,2
190468,2
190470,2
190471,3
190473,2
190474,2
190476,2
190478,2
190479,2
190481,2
190482,2
190484,2
190485,4
190486,4
190487,2
190488,4
190489,4
190490,2
190492,4
190493,1
190494,1
190497,1
190499,1
190501,3
190503,0
190505,2
190506,2
190507,2
190508,1
190509,1
190511,1
190513,4
190516,4
190518,2
190520,2
190523,2
190524,2
190525,2
190528,2
190530,2
190531,2
190532,3
190533,3
190535,2
190536,2
190537,2
190539,2
190540,2
190541,2
190543,3
190545,2
190546,3
190547,2
190548,3
190550,2
190551,1
190554,1
190555,1
190556,2
190557,2
190558,2
190563,2
190564,2
190566,2
190567,2
190571,1
190572,2
190573,1
190575,1
190579,1
190581,1
190583,1
190584,2
190585,1
190587,2
190589,2
190590,1
190592,1
190594,3
190595,2
190596,2
190598,2
190600,2
190601,3
190603,2
190604,2
190605,2
190607,2
190608,2
190609,2
190611,2
190615,2
190616,2
190617,2
190618,2
190621,2
190622,2
190624,2
190626,2
190628,2
190629,3
190630,2
190632,3
190634,3
190636,3
190638,2
190639,2
190645,2
190647,3
190648,3
190649,3
190650,3
190651,3
190652,2
190654,2
190657,2
190659,2
190660,3
190663,2
190665,2
190667,2
190669,3
190671,3
190674,3
190677,2
190680,2
190682,2
190683,1
190684,1
190686,1
190691,1
190693,1
190695,1
190697,1
190700,1
190702,1
190703,2
190704,2
190707,1
190708,2
190709,2
190710,1
190713,3
190715,3
190716,3
190719,3
190722,3
190724,2
190726,2
190727,2
190730,2
190731,3
190734,2
190736,3
190739,2
190743,3
190744,2
190745,3
190748,4
190749,2
190753,2
190755,2
190756,3
190757,3
190758,3
190761,2
190762,3
190764,2
190765,3
190769,3
190770,4
190772,4
190773,3
190775,2
190777,2
190778,2
190779,3
190781,2
190782,3
190786,2
190787,2
190790,2
190791,1
190793,1
190796,1
190797,2
190799,3
190800,2
190801,2
190802,1
190805,1
190806,1
190808,1
190809,2
190810,2
190811,1
190813,2
190815,2
190818,2
190819,3
190820,3
190824,2
190825,2
190827,3
190830,2
190831,2
190833,2
190837,1
190841,2
190842,2
190843,1
190844,2
190846,2
190847,1
190851,1
190853,1
190854,3
190855,3
190858,2
190860,2
190861,2
190863,2
190864,2
190865,2
190866,2
190871,3
190872,2
190873,2
190874,2
190876,2
190881,3
190887,3
190889,2
190890,2
190891,2
190892,2
190894,2
190895,3
190899,3
190900,2
190902,4
190904,4
190906,2
190909,2
190911,2
190912,2
190916,2
190917,2
190918,2
190919,2
190922,2
190923,2
190925,2
190926,2
190927,2
190928,2
190930,2
190931,2
190932,2
190935,2
190938,2
190939,2
190940,3
190942,3
190943,3
190944,2
190945,2
190947,2
190948,2
190950,2
190951,2
190955,2
190957,2
190959,2
190960,2
190961,2
190963,2
190965,2
190966,2
190967,2
190968,2
190969,2
190972,0
190974,1
190977,2
190979,2
190980,2
190981,2
190982,2
190984,2
190985,2
190986,2
190987,2
190989,2
190992,2
190993,2
190994,1
190995,1
190998,2
190999,2
191003,2
191004,2
191005,2
191008,2
191010,2
191013,2
191014,2
191016,2
191017,1
191019,1
191021,1
191022,1
191024,1
191026,1
191028,1
191030,1
191031,1
191033,2
191034,2
191036,2
191037,2
191038,3
191039,3
191040,2
191041,3
191042,3
191043,2
191045,2
191048,2
191049,2
191050,2
191051,2
191053,2
191054,2
191055,3
191056,2
191057,2
191058,2
191059,2
191060,2
191061,2
191062,2
191064,3
191065,3
191066,3
191068,2
191070,2
191078,2
191079,2
191080,2
191083,2
191085,2
191088,2
191089,1
191093,2
191096,1
191098,1
191100,1
191102,3
191103,3
191104,3
191106,3
191109,2
191113,2
191114,3
191119,2
191122,2
191123,2
191124,3
191125,2
191126,3
191128,3
191130,2
191132,2
191133,2
191137,2
191139,3
191141,3
191144,2
191147,2
191148,2
191149,2
191151,2
191153,2
191155,2
191156,2
191157,2
191159,2
191161,1
191162,1
191163,1
191165,1
191167,2
191168,1
191170,2
191173,1
191175,1
191176,2
191177,1
191179,2
191181,2
191182,3
191184,2
191186,2
191187,2
191188,2
191191,2
191193,3
191195,2
191197,2
191198,2
191201,3
191203,3
191205,3
191207,3
191209,3
191211,3
191213,3
191215,3
191220,2
191221,2
191222,2
191225,2
191226,2
191227,2
191228,2
191230,2
191233,2
191234,2
191236,3
191237,2
191238,2
191240,2
191241,2
191242,1
191244,2
191245,2
191247,2
191249,3
191252,2
191255,3
191256,3
191258,2
191260,2
191262,2
191263,2
191265,2
191267,2
191269,2
191272,2
191273,2
191274,2
191276,2
191277,2
191278,2
191279,2
191282,1
191286,1
191287,2
191288,2
191289,2
191290,1
191294,3
191297,2
191298,2
191299,2
191300,3
191303,2
191305,3
191308,3
191310,3
191311,3
191313,3
191315,3
191316,3
191317,2
191319,2
191323,2
191324,2
191326,2
191327,2
191330,2
191331,2
191333,2
191336,2
191337,2
191338,2
191340,2
191341,2
191342,2
191343,2
191345,2
191346,4
191347,3
191350,3
191351,2
191352,2
191353,3
191355,2
191357,2
191358,2
191359,3
191360,2
191361,2
191363,2
191364,2
191366,2
191367,2
191369,2
191373,2
191375,2
191376,2
191377,3
191380,3
191381,2
191383,3
191386,2
191388,2
191389,2
191390,2
191391,1
191393,2
191395,2
191396,2
191397,2
191398,3
191399,2
191401,2
191402,2
191406,1
191407,2
191408,2
191411,2
191412,1
191414,1
191415,2
191417,1
191420,1
191421,1
191423,1
191425,1
191427,3
191428,3
191429,3
191431,2
191433,3
191434,3
191436,2
191439,2
191441,2
191443,2
191444,2
191445,2
191447,2
191448,2
191449,2
191450,2
191453,2
191454,2
191457,2
191458,2
191461,2
191462,2
191463,2
191464,4
191466,1
191468,2
191470,2
191472,1
191475,3
191477,2
191479,2
191480,2
191482,3
191484,2
191486,2
191489,2
191494,1
191495,1
191498,1
191500,3
191501,3
191502,2
191507,2
191509,2
191512,1
191513,2
191514,2
191516,2
191520,2
191521,2
191522,2
191525,2
191526,2
191527,2
191528,2
191529,2
191530,2
191531,2
191536,2
191538,2
191542,2
191543,2
191544,3
191545,2
191547,2
191549,2
191550,2
191552,2
191553,2
191555,2
191558,2
191559,2
191560,2
191562,2
191565,2
191566,3
191567,2
191568,3
191569,2
191570,2
191571,2
191572,3
191574,3
191575,2
191581,2
191583,2
191584,2
191586,2
191590,2
191591,2
191592,1
191596,3
191599,1
191601,2
191603,2
191607,1
191608,1
191610,2
191612,1
191614,2
191618,1
191619,1
191621,2
191623,1
191626,1
191629,1
191630,1
191631,2
191632,1
191634,1
191636,1
191638,1
191641,1
191642,1
191643,2
191644,2
191645,2
191647,1
191649,2
191651,2
191652,1
191653,3
191654,3
191655,2
191657,0
191658,2
191659,0
191661,1
191663,0
191664,0
191665,1
191671,0
191672,0
191673,0
191675,0
191676,2
191677,2
191678,2
191679,2
191680,2
191681,2
191683,2
191684,4
191686,4
191687,1
191689,3
191692,2
191693,2
191697,4
191699,2
191702,2
191705,4
191712,2
191713,2
191715,2
191717,2
191718,2
191719,2
191721,3
191722,3
191727,3
191729,1
191732,3
191733,3
191737,4
191739,4
191740,4
191741,3
191743,2
191744,2
191746,1
191748,1
191750,1
191751,2
191752,1
191755,2
191756,2
191759,2
191760,2
191762,2
191764,0
191767,0
191770,1
191774,2
191775,2
191776,2
191777,2
191779,2
191780,2
191782,2
191785,2
191788,2
191789,2
191790,2
191791,2
191792,2
191793,2
191794,2
191796,2
191797,2
191799,2
191801,2
191802,2
191804,2
191805,2
191806,1
191807,2
191809,2
191811,1
191814,2
191815,2
191816,1
191818,2
191821,1
191822,1
191823,2
191824,2
191825,2
191826,2
191827,2
191828,3
191829,3
191831,2
191834,2
191835,2
191838,3
191839,3
191840,3
191841,3
191844,2
191846,2
191848,2
191851,3
191855,3
191856,2
191857,3
191859,2
191865,2
191867,2
191868,2
191869,2
191871,2
191873,3
191876,3
191877,2
191879,3
191881,2
191882,2
191885,2
191889,2
191890,2
191894,2
191895,2
191897,2
191899,2
191901,2
191902,2
191903,2
191904,2
191906,2
191908,2
191910,2
191912,2
191913,2
191915,2
191917,2
191920,2
191923,2
191926,2
191927,2
191928,2
191929,2
191931,2
191932,2
191933,2
191936,2
191938,2
191940,2
191941,2
191943,2
191946,2
191947,2
191948,2
191950,2
191952,2
191955,2
191960,2
191961,2
191964,3
191965,3
191966,2
191967,2
191969,2
191971,2
191972,2
191973,2
191976,2
191977,2
191978,2
191979,2
191980,2
191982,2
191983,2
191984,2
191986,2
191987,2
191989,2
191991,2
191992,2
191993,2
191996,2
191997,2
191998,2
191999,2
192000,2
192002,2
192003,2
192005,2
192007,2
192009,2
192012,2
192013,2
192014,3
192015,2
192018,2
192019,2
192022,2
192023,2
192025,2
192027,2
192029,2
192031,2
192032,2
192034,2
192035,2
192037,2
192039,2
192041,2
192042,2
192044,2
192045,2
192047,2
192049,2
192050,2
192051,2
192052,2
192054,3
192056,1
192059,1
192060,3
192062,2
192064,2
192065,2
192066,2
192068,2
192070,2
192073,2
192075,2
192076,2
192081,2
192084,2
192085,2
192086,2
192087,2
192090,2
192091,2
192092,2
192095,2
192097,2
192099,2
192100,2
192102,2
192103,2
192104,2
192105,2
192106,2
192107,2
192109,2
192112,2
192113,2
192115,2
192117,2
192119,2
192120,2
192121,2
192122,2
192127,2
192129,2
192130,2
192131,2
192133,2
192134,2
192138,2
192139,2
192140,2
192141,2
192147,2
192148,2
192150,2
192151,2
192153,2
192155,2
192156,2
192158,2
192159,2
192163,2
192167,2
192168,2
192169,3
192170,3
192171,3
192172,3
192173,3
192177,1
192179,2
192180,2
192182,1
192184,1
192185,1
192186,2
192189,2
192192,2
192193,1
192194,1
192196,1
192197,2
192198,2
192199,2
192200,2
192201,2
192204,2
192205,2
192206,2
192207,2
192208,2
192209,2
192210,2
192211,2
192213,2
192214,2
192216,2
192217,2
192218,3
192221,2
192222,3
192224,2
192226,3
192228,2
192229,2
192230,2
192233,2
192234,2
192235,2
192237,3
192239,2
192241,2
192242,3
192243,3
192244,2
192245,3
192250,3
192251,3
192254,1
192256,3
192259,2
192260,2
192261,2
192263,2
192264,1
192268,2
192270,2
192271,2
192274,2
192277,2
192281,2
192283,2
192285,2
192287,2
192288,2
192289,2
192291,2
192292,2
192293,2
192295,0
192297,2
192302,0
192305,1
192306,1
192308,2
192310,2
192311,2
192315,2
192316,2
192317,1
192321,1
192322,2
192324,2
192327,2
192329,2
192332,3
192333,3
192335,3
192337,3
192339,3
192341,3
192346,2
192348,2
192350,1
192352,1
192354,2
192355,1
192356,1
192357,2
192359,2
192360,2
192362,2
192364,2
192365,2
192368,2
192369,2
192375,3
192376,3
192378,3
192379,3
192381,3
192385,3
192386,2
192387,2
192389,2
192390,2
192391,3
192393,3
192396,3
192398,3
192399,2
192400,1
192401,1
192404,2
192406,2
192407,2
192408,3
192409,2
192410,2
192411,2
192412,3
192413,3
192416,3
192418,3
192419,3
192420,3
192421,3
192422,2
192424,2
192427,2
192428,2
192430,2
192431,2
192432,2
192436,2
192437,2
192440,2
192442,2
192446,0
192447,0
192448,0
192451,0
192453,0
192455,2
192456,2
192457,2
192458,2
192459,2
192461,2
192463,0
192465,1
192466,2
192467,2
192468,0
192469,0
192471,2
192472,2
192474,2
192476,2
192479,2
192486,1
192487,2
192488,1
192493,1
192495,2
192496,2
192497,2
192500,2
192502,2
192503,2
192504,2
192505,2
192513,2
192514,2
192515,2
192516,2
192517,2
192519,2
192522,2
192524,3
192526,3
192528,2
192529,2
192531,2
192532,2
192537,3
192542,3
192543,3
192544,3
192546,3
192548,2
192549,2
192551,2
192552,2
192553,2
192555,2
192556,2
192557,2
192559,2
192560,1
192562,1
192564,1
192565,1
192566,2
192568,2
192569,2
192570,1
192571,2
192572,1
192573,3
192574,3
192576,3
192577,3
192578,3
192580,2
192581,3
192583,3
192585,2
192587,1
192588,2
192589,2
192592,2
192594,2
192595,2
192596,1
192598,2
192599,2
192600,2
192603,2
192605,2
192606,2
192608,2
192610,2
192615,3
192616,3
192617,2
192618,2
192621,2
192622,2
192623,2
192624,2
192626,2
192627,2
192628,3
192629,3
192630,3
192631,3
192633,2
192634,2
192635,2
192637,3
192638,2
192639,2
192640,2
192641,2
192642,2
192644,2
192645,2
192646,3
192650,3
192652,3
192653,3
192655,3
192657,2
192660,2
192663,2
192664,2
192667,2
192670,0
192671,2
192672,2
192673,2
192674,2
192676,2
192679,2
192682,0
192685,0
192688,2
192690,2
192692,2
192695,2
192697,2
192698,2
192703,2
192704,2
192705,2
192707,2
192708,2
192710,2
192712,2
192713,2
192714,2
192715,2
192717,2
192718,2
192719,2
192720,2
192721,2
192722,2
192724,2
192725,2
192726,2
192727,2
192729,2
192730,2
192732,2
192734,2
192735,2
192736,3
192738,3
192740,2
192741,2
192742,2
192743,2
192745,3
192747,2
192748,4
192750,4
192753,3
192757,3
192759,3
192760,2
192762,2
192764,3
192765,3
192766,2
192769,2
192771,2
192772,2
192774,2
192776,2
192777,4
192780,4
192783,4
192784,4
192785,4
192787,3
192790,2
192792,2
192799,3
192800,3
192805,2
192806,1
192808,3
192811,3
192814,1
192817,2
192819,2
192820,2
192821,2
192824,2
192827,2
192829,2
192830,3
192831,3
192832,2
192833,3
192835,3
192839,2
192840,3
192841,2
192843,0
192846,3
192849,2
192852,2
192854,2
192856,2
192857,2
192859,2
192861,2
192862,2
192863,2
192864,2
192867,2
192870,3
192871,3
192873,3
192874,2
192877,3
192879,3
192881,2
192883,2
192885,2
192886,2
192887,2
192888,2
192890,2
192892,2
192893,2
192895,2
192897,2
192898,2
192899,1
192900,1
192904,1
192906,1
192909,1
192913,1
192914,2
192915,1
192919,4
192921,3
192922,4
192923,3
192924,2
192925,3
192926,2
192927,2
192929,2
192931,2
192932,2
192933,2
192935,2
192936,2
192937,2
192939,2
192940,2
192941,2
192942,2
192944,2
192948,2
192949,2
192952,2
192953,2
192954,2
192957,2
192958,3
192962,3
192963,2
192966,2
192967,2
192970,2
192972,2
192973,2
192975,2
192978,2
192979,2
192981,2
192983,2
192985,2
192986,2
192988,2
192989,2
192992,1
192993,2
192994,2
192997,2
192998,1
193000,2
193005,2
193007,2
193010,2
193012,2
193014,2
193016,2
193017,2
193019,2
193020,2
193021,2
193022,2
193023,2
193024,2
193025,2
193026,2
193027,2
193029,2
193032,2
193034,2
193036,2
193037,2
193038,2
193039,2
193041,3
193042,3
193044,2
193046,2
193050,2
193052,2
193054,2
193057,2
193058,2
193059,2
193060,2
193061,2
193062,2
193065,2
193066,2
193067,2
193071,2
193072,2
193075,2
193077,2
193078,2
193080,2
193082,2
193084,2
193085,2
193086,2
193088,2
193090,2
193091,2
193093,2
193096,2
193098,2
193100,2
193102,2
193103,2
193104,2
193105,2
193106,2
193107,2
193108,2
193110,2
193111,2
193113,3
193114,2
193115,2
193116,2
193118,3
193121,2
193123,2
193125,1
193127,1
193128,3
193129,3
193131,2
193133,3
193135,3
193138,2
193139,2
193140,2
193143,2
193144,3
193147,2
193148,2
193149,2
193152,2
193154,4
193156,4
193158,2
193159,2
193160,2
193161,2
193163,2
193164,4
193165,4
193172,2
193175,2
193178,2
193179,2
193181,2
193183,3
193184,1
193185,1
193186,1
193187,2
193188,2
193189,2
193190,2
193191,3
193193,3
193194,3
193205,4
193207,2
193210,2
193211,2
193213,2
193215,2
193217,2
193218,4
193221,4
193222,4
193225,2
193227,2
193228,3
193231,3
193233,3
193236,2
193237,2
193239,2
193240,2
193242,2
193243,3
193244,2
193246,2
193248,2
193249,2
193253,2
193254,2
193257,2
193258,2
193259,2
193263,2
193264,2
193272,3
193275,2
193277,2
193278,1
193280,1
193281,2
193282,1
193284,2
193286,1
193287,3
193288,3
193291,3
193293,2
193295,2
193299,2
193300,2
193305,4
193306,3
193308,3
193310,3
193312,3
193315,4
193316,2
193317,2
193318,4
193321,4
193322,3
193323,3
193325,3
193326,2
193327,2
193328,4
193329,4
193331,4
193332,2
193334,2
193335,2
193337,4
193338,2
193339,4
193340,4
193342,2
193344,2
193345,2
193346,2
193347,2
193350,2
193352,2
193353,2
193355,2
193357,2
193359,3
193361,3
193364,3
193366,2
193367,2
193369,2
193372,3
193373,3
193374,3
193375,3
193376,3
193378,2
193380,3
193382,2
193384,3
193385,2
193387,2
193391,2
193396,1
193398,4
193401,2
193402,4
193404,2
193406,2
193408,2
193410,2
193412,1
193413,2
193416,1
193419,1
193420,2
193421,3
193422,0
193423,0
193424,3
193427,0
193429,2
193431,2
193432,2
193433,2
193435,0
193436,0
193437,0
193439,0
193441,3
193443,3
193449,3
193450,3
193455,2
193456,2
193457,2
193459,2
193460,2
193461,2
193462,2
193467,2
193469,2
193470,2
193472,2
193473,2
193475,2
193477,2
193478,2
193482,2
193483,2
193484,2
193485,2
193489,2
193493,2
193496,2
193497,2
193499,2
193501,2
193502,2
193503,2
193504,2
193505,2
193507,2
193508,2
193509,2
193515,2
193516,2
193518,2
193521,2
193524,2
193526,2
193527,2
193529,2
193530,2
193532,2
193533,2
193534,2
193535,1
193537,1
193538,2
193541,2
193544,2
193546,2
193547,2
193548,2
193550,2
193551,2
193552,2
193555,2
193556,2
193558,2
193560,2
193561,2
193563,2
193564,2
193566,3
193568,2
193571,2
193572,2
193574,3
193576,3
193578,2
193581,3
193582,2
193584,4
193589,4
193592,3
193593,1
193595,2
193599,2
193600,2
193601,2
193602,2
193605,1
193607,1
193608,2
193609,1
193612,1
193615,2
193616,1
193617,2
193618,2
193619,2
193620,3
193621,3
193623,3
193625,3
193627,3
193628,3
193630,3
193633,2
193634,3
193635,3
193636,4
193637,1
193638,2
193639,2
193641,2
193642,2
193644,2
193645,2
193646,2
193647,2
193648,2
193650,2
193653,1
193658,1
193661,1
193666,2
193667,2
193668,2
193670,2
193674,2
193675,2
193677,1
193679,1
193682,1
193683,1
193684,1
193686,1
193688,1
193689,2
193690,1
193692,1
193693,2
193694,1
193696,2
193697,2
193700,2
193701,1
193702,1
193703,1
193706,1
193707,1
193709,2
193710,2
193713,1
193717,1
193720,2
193721,2
193723,2
193724,2
193725,2
193727,2
193728,2
193729,3
193731,3
193732,2
193734,2
193735,3
193736,2
193738,2
193739,2
193740,2
193741,2
193743,2
193745,2
193746,2
193748,2
193750,2
193751,2
193752,2
193753,2
193754,2
193756,2
193758,2
193759,2
193760,2
193761,2
193766,3
193767,2
193768,3
193770,3
193772,2
193773,2
193774,2
193775,0
193776,0
193779,0
193780,0
193782,0
193784,1
193787,1
193789,3
193790,2
193791,3
193793,3
193794,2
193795,2
193797,2
193798,2
193799,2
193801,2
193804,2
193805,2
193806,2
193807,2
193809,2
193813,2
193814,3
193815,2
193816,3
193817,3
193819,2
193820,3
193821,2
193823,2
193824,3
193825,3
193827,3
193828,2
193829,3
193830,2
193832,2
193833,2
193834,2
193835,2
193837,2
193838,2
193839,2
193840,2
193841,2
193842,2
193843,2
193844,2
193848,2
193849,2
193851,2
193853,2
193855,2
193856,2
193857,2
193860,2
193863,2
193866,2
193868,2
193869,2
193870,2
193872,2
193874,2
193875,2
193876,2
193878,2
193879,2
193882,3
193883,2
193885,2
193886,2
193887,3
193890,2
193891,3
193893,2
193895,2
193896,2
193898,3
193899,3
193901,2
193902,2
193903,2
193905,2
193907,2
193910,2
193913,2
193914,2
193918,2
193919,2
193920,3
193924,3
193925,2
193926,2
193927,2
193928,2
193931,3
193934,2
193935,2
193937,2
193939,3
193941,3
193942,3
193944,3
193946,3
193947,3
193948,3
193950,2
193953,2
193954,2
193955,2
193957,2
193960,4
193961,2
193962,2
193963,2
193965,2
193966,2
193967,2
193970,2
193972,2
193973,2
193975,2
193976,2
193977,2
193978,2
193979,2
193982,2
193986,0
193987,0
193988,0
193989,2
193990,2
193991,0
193992,0
193998,1
193999,1
194004,3
194005,3
194007,3
194009,3
194011,2
194012,3
194013,2
194016,4
194019,2
194020,2
194021,2
194024,2
194025,2
194026,2
194027,2
194028,2
194029,2
194031,2
194033,2
194035,2
194036,2
194037,2
194038,2
194041,2
194042,2
194043,3
194044,3
194046,3
194047,3
194050,2
194051,2
194052,2
194053,2
194056,2
194057,2
194058,2
194059,2
194063,3
194065,3
194068,3
194071,2
194072,2
194074,2
194075,2
194078,3
194079,2
194080,3
194082,1
194083,1
194084,1
194085,1
194089,2
194090,2
194093,1
194094,2
194095,3
194097,3
194099,2
194100,1
194102,1
194104,2
194107,2
194108,2
194110,1
194111,2
194114,2
194115,1
194117,1
194118,1
194119,2
194120,2
194121,2
194122,1
194124,1
194125,1
194126,2
194128,2
194129,1
194132,1
194133,1
194135,2
194137,2
194138,2
194140,2
194141,2
194142,2
194143,2
194144,2
194145,2
194147,2
194149,2
194150,2
194151,2
194153,2
194157,2
194158,2
194161,2
194162,2
194164,2
194165,2
194166,2
194168,2
194170,2
194172,2
194173,2
194174,2
194175,0
194177,1
194179,1
194181,0
194183,1
194184,0
194185,2
194187,2
194189,2
194191,2
194193,2
194194,2
194195,2
194196,2
194197,2
194199,2
194201,0
194202,2
194204,0
194207,2
194208,2
194209,1
194210,3
194211,1
194212,3
194215,2
194217,2
194218,2
194219,2
194223,2
194226,2
194227,2
194229,1
194230,2
194231,2
194232,2
194234,2
194235,2
194236,1
194238,2
194240,1
194242,1
194243,2
194244,2
194246,1
194247,3
194249,2
194252,2
194253,3
194256,3
194257,2
194259,2
194262,2
194263,2
194264,3
194265,2
194266,2
194268,3
194270,3
194272,2
194273,2
194275,2
194276,2
194277,3
194279,2
194281,1
194283,2
194286,2
194289,2
194290,3
194291,3
194293,3
194295,2
194298,2
194304,3
194306,3
194309,2
194310,2
194312,2
194313,3
194314,3
194316,2
194317,2
194319,2
194324,2
194326,2
194328,2
194329,2
194330,2
194333,1
194335,3
194337,2
194338,2
194339,2
194340,3
194341,2
194342,2
194345,2
194346,3
194348,3
194351,3
194354,2
194355,2
194359,2
194362,1
194363,1
194364,1
194365,2
194368,2
194369,2
194370,2
194372,2
194374,0
194376,2
194379,2
194380,2
194382,3
194384,2
194386,2
194387,2
194388,2
194389,2
194391,2
194393,1
194394,1
194395,1
194398,1
194400,4
194404,2
194406,2
194409,3
194410,2
194414,2
194417,3
194418,2
194420,2
194422,2
194423,2
194425,2
194426,2
194429,2
194430,2
194431,2
194433,2
194435,2
194437,2
194438,2
194440,2
194446,3
194447,3
194448,3
194449,3
194450,2
194451,3
194454,3
194457,2
194458,3
194459,4
194460,2
194461,2
194463,2
194464,2
194466,2
194467,3
194470,2
194471,3
194474,3
194475,2
194476,2
194482,2
194483,2
194484,2
194485,2
194486,2
194487,3
194489,2
194490,2
194491,2
194492,2
194493,3
194494,3
194496,3
194497,2
194499,2
194500,3
194502,2
194504,2
194505,2
194506,3
194507,3
194510,3
194512,3
194514,3
194515,2
194516,2
194518,2
194521,2
194525,2
194530,2
194532,2
194535,2
194536,2
194538,2
194539,2
194541,2
194544,2
194546,1
194547,2
194549,2
194552,1
194554,2
194555,2
194558,1
194559,2
194562,2
194564,2
194565,2
194567,2
194568,1
194570,3
194571,2
194573,2
194576,3
194578,2
194581,2
194583,2
194585,2
194586,2
194587,1
194588,4
194589,2
194591,3
194593,3
194595,3
194597,2
194600,2
194602,2
194603,2
194605,2
194606,2
194608,2
194609,3
194610,3
194613,3
194614,3
194615,2
194618,3
194619,3
194620,4
194621,2
194622,4
194624,4
194626,2
194628,2
194629,2
194631,2
194633,2
194637,2
194639,2
194640,2
194642,2
194643,2
194644,2
194647,2
194648,2
194659,2
194663,2
194664,2
194665,2
194667,2
194669,2
194671,2
194673,2
194674,2
194675,2
194676,2
194677,2
194679,2
194681,2
194683,1
194684,1
194685,2
194686,2
194688,2
194689,3
194690,4
194692,2
194695,2
194698,2
194700,2
194701,2
194706,2
194709,2
194711,3
194712,2
194715,2
194716,2
194719,2
194720,2
194724,2
194725,2
194726,3
194729,2
194731,2
194732,2
194733,2
194735,2
194736,3
194739,2
194741,3
194744,2
194747,2
194749,2
194753,3
194754,2
194755,2
194756,3
194759,3
194761,3
194762,2
194763,2
194764,2
194765,3
194768,2
194770,2
194772,3
194773,2
194777,1
194779,3
194782,3
194785,2
194786,2
194789,2
194791,2
194795,2
194796,2
194798,2
194800,2
194802,2
194804,2
194805,1
194806,1
194807,2
194809,1
194811,1
194812,1
194814,2
194815,2
194816,2
194817,2
194821,2
194822,2
194823,2
194825,1
194827,2
194831,2
194835,2
194837,2
194839,2
194840,1
194841,1
194842,1
194845,2
194847,2
194849,2
194851,2
194853,2
194854,2
194857,3
194859,3
194862,4
194870,4
194871,2
194873,4
194874,3
194875,2
194876,3
194878,3
194882,2
194884,2
194888,2
194889,2
194890,2
194892,2
194894,2
194896,2
194897,2
194899,2
194900,2
194902,2
194904,2
194907,2
194908,2
194909,2
194912,2
194913,2
194918,2
194920,2
194921,2
194924,2
194926,2
194927,3
194928,1
194931,2
194933,3
194936,2
194937,3
194938,2
194939,2
194940,1
194941,1
194942,2
194943,2
194945,2
194949,2
194952,2
194955,3
194957,2
194958,3
194961,2
194962,2
194964,3
194966,2
194968,2
194971,2
194972,3
194973,3
194977,3
194978,2
194980,2
194982,2
194984,2
194985,2
194986,2
194987,2
194988,2
194989,2
194991,2
194992,2
194993,2
194995,2
194997,2
194998,2
194999,2
195003,2
195004,2
195007,2
195008,2
195009,2
195011,2
195012,2
195015,2
195017,2
195018,2
195019,3
195022,3
195023,3
195025,3
195027,2
195028,2
195029,4
195030,2
195031,2
195032,4
195034,3
195036,3
195037,3
195039,3
195040,3
195041,3
195043,3
195045,2
195046,2
195047,2
195048,2
195049,2
195052,2
195054,3
195055,3
195056,3
195057,2
195059,4
195060,2
195061,2
195062,2
195064,2
195065,2
195066,3
195068,2
195070,2
195074,3
195075,3
195078,1
195079,1
195080,1
195082,1
195084,1
195085,2
195086,2
195087,2
195088,2
195092,2
195093,2
195095,2
195097,2
195100,2
195104,3
195105,2
195106,2
195107,3
195110,3
195112,2
195114,2
195115,2
195116,3
195118,3
195119,2
195121,2
195124,2
195125,2
195126,2
195127,2
195129,2
195130,2
195132,2
195133,2
195135,2
195136,2
195138,2
195140,2
195143,2
195144,2
195145,2
195146,2
195147,2
195148,2
195149,2
195152,2
195154,2
195156,2
195160,2
195163,1
195165,2
195167,2
195170,2
195172,2
195174,2
195175,2
195176,2
195177,2
195178,2
195179,2
195181,2
195185,2
195190,2
195192,2
195196,2
195197,2
195198,2
195201,2
195203,3
195204,2
195205,2
195206,2
195207,2
195209,2
195210,2
195212,2
195213,2
195214,2
195216,2
195217,2
195218,3
195220,2
195223,2
195225,2
195226,2
195227,3
195230,3
195231,3
195233,2
195234,2
195235,2
195236,2
195237,3
195238,3
195239,2
195240,1
195241,3
195242,3
195243,3
195245,2
195250,2
195251,2
195253,2
195255,2
195256,2
195257,2
195258,2
195260,1
195261,2
195263,3
195265,3
195266,3
195269,2
195270,2
195273,2
195274,2
195275,2
195276,2
195277,2
195280,2
195281,2
195283,2
195287,2
195288,2
195290,2
195292,2
195295,2
195297,2
195299,2
195301,1
195302,3
195304,2
195305,2
195306,2
195308,2
195309,1
195312,1
195315,1
195316,2
195319,4
195320,4
195322,3
195323,2
195324,4
195327,4
195329,2
195330,2
195331,2
195334,2
195337,2
195339,2
195341,2
195343,2
195344,2
195345,2
195347,2
195349,2
195350,4
195351,4
195356,4
195358,1
195359,4
195361,2
195362,2
195363,2
195365,2
195367,3
195368,2
195371,2
195372,3
195374,2
195375,3
195376,3
195377,3
195379,2
195380,2
195381,2
195383,3
195384,3
195385,3
195387,2
195388,3
195390,3
195392,3
195393,2
195395,2
195396,3
195399,3
195403,2
195404,2
195405,2
195407,2
195408,2
195410,2
195412,2
195413,2
195417,2
195420,1
195422,3
195425,2
195426,3
195427,1
195429,2
195430,2
195432,1
195434,3
195436,1
195437,2
195438,1
195439,1
195441,1
195442,1
195443,1
195445,1
195447,1
195449,2
195455,2
195457,2
195458,2
195459,2
195462,3
195463,3
195464,3
195465,2
195468,3
195470,4
195472,2
195475,2
195476,2
195478,2
195480,4
195483,3
195485,4
195488,2
195489,2
195490,2
195494,2
195495,2
195499,2
195501,2
195504,1
195505,1
195506,1
195508,2
195509,1
195512,2
195513,1
195515,3
195516,1
195519,3
195521,2
195522,3
195524,2
195525,3
195527,2
195528,3
195529,3
195531,3
195532,3
195534,3
195538,2
195539,2
195540,2
195542,1
195543,2
195548,2
195549,2
195552,2
195554,2
195556,2
195557,2
195558,2
195561,2
195562,1
195569,2
195570,1
195571,1
195572,1
195573,2
195574,2
195575,1
195577,1
195578,2
195580,1
195582,1
195583,2
195584,1
195586,2
195587,2
195590,2
195592,2
195594,2
195595,2
195596,2
195598,3
195599,3
195602,3
195604,3
195606,2
195607,2
195608,2
195610,2
195611,2
195613,2
195615,2
195616,2
195618,2
195619,2
195621,2
195623,2
195624,2
195625,2
195626,2
195627,2
195628,1
195629,1
195635,1
195637,1
195638,1
195640,2
195641,2
195643,3
195644,3
195647,3
195648,3
195649,3
195651,2
195653,3
195657,3
195659,3
195661,2
195663,2
195665,2
195666,2
195667,2
195669,2
195670,2
195671,2
195672,2
195674,2
195677,3
195678,2
195680,3
195682,2
195683,2
195685,2
195687,3
195691,2
195692,3
195694,1
195695,1
195697,2
195698,1
195699,2
195701,2
195703,2
195705,3
195708,3
195710,2
195711,2
195713,2
195714,2
195715,2
195717,2
195718,4
195719,4
195720,2
195723,2
195724,2
195725,3
195726,3
195728,2
195731,1
195734,3
195737,3
195738,3
195743,3
195744,2
195745,2
195748,3
195749,3
195752,2
195753,2
195754,2
195755,2
195756,2
195759,2
195760,2
195762,2
195763,2
195764,2
195765,2
195766,2
195767,2
195771,2
195773,2
195774,2
195777,3
195779,2
195782,2
195783,3
195784,2
195786,3
195788,2
195789,2
195791,2
195794,2
195795,2
195796,2
195797,2
195799,2
195801,2
195802,2
195804,2
195808,3
195809,2
195810,2
195812,2
195814,2
195816,2
195817,2
195818,2
195820,2
195822,3
195827,3
195829,3
195831,3
195834,2
195836,2
195837,1
195839,1
195841,1
195844,1
195846,1
195848,2
195850,2
195852,2
195853,2
195854,2
195856,3
195857,2
195859,3
195861,2
195864,4
195866,2
195869,2
195870,2
195871,2
195872,2
195873,2
195874,3
195877,2
195878,2
195882,2
195883,2
195884,2
195885,3
195887,3
195889,3
195893,3
195894,3
195895,3
195896,3
195897,3
195898,2
195899,2
195901,2
195902,2
195903,3
195905,2
195906,2
195907,2
195909,3
195911,2
195912,2
195913,2
195915,3
195917,3
195919,2
195921,3
195923,3
195924,2
195925,3
195929,2
195931,2
195932,2
195933,2
195935,2
195936,2
195937,2
195940,2
195942,2
195944,3
195945,3
195946,2
195949,3
195951,2
195954,2
195955,2
195957,2
195958,3
195959,2
195961,2
195962,2
195963,2
195965,2
195967,1
195968,1
195969,1
195970,1
195974,2
195975,1
195977,1
195978,1
195980,1
195982,2
195984,2
195986,2
195991,2
195993,2
195994,2
195995,2
195996,2
195998,2
195999,1
196000,2
196001,2
196004,1
196006,2
196007,2
196009,2
196010,2
196011,2
196012,2
196013,2
196018,2
196020,2
196022,2
196026,2
196027,2
196028,2
196029,2
196030,2
196031,2
196032,2
196034,2
196036,2
196037,2
196038,2
196039,2
196042,2
196043,2
196044,2
196045,2
196048,2
196051,2
196052,2
196054,2
196055,2
196057,2
196058,2
196059,1
196060,2
196061,2
196062,2
196063,2
196065,2
196067,2
196068,2
196070,2
196071,2
196074,2
196075,2
196076,3
196078,3
196079,2
196081,2
196082,3
196083,1
196084,1
196085,1
196087,1
196088,2
196090,3
196091,3
196094,3
196096,3
196097,3
196098,2
196099,2
196100,2
196101,2
196102,2
196103,2
196105,2
196106,2
196107,2
196108,2
196110,2
196111,2
196113,2
196114,2
196116,2
196117,2
196119,2
196125,1
196126,1
196127,1
196128,2
196129,2
196132,2
196133,2
196134,2
196136,2
196137,2
196140,2
196141,2
196143,3
196144,2
196145,2
196146,2
196148,2
196149,3
196157,3
196158,3
196160,3
196162,2
196163,2
196164,2
196165,2
196166,2
196167,2
196168,2
196171,2
196172,2
196173,2
196174,2
196176,2
196178,2
196179,2
196181,2
196182,2
196183,2
196184,2
196186,2
196187,2
196189,2
196191,3
196192,2
196193,2
196194,2
196195,2
196197,2
196199,2
196201,2
196202,2
196203,2
196204,2
196205,2
196206,3
196208,2
196209,3
196210,2
196213,3
196215,3
196217,2
196219,2
196220,2
196222,2
196223,2
196224,2
196226,2
196227,2
196228,2
196231,2
196232,2
196233,2
196234,2
196235,2
196238,2
196242,0
196245,1
196246,1
196248,0
196250,2
196252,2
196255,2
196258,2
196261,1
196263,2
196264,2
196265,2
196268,2
196270,2
196272,2
196273,3
196274,3
196276,3
196278,2
196280,2
196283,2
196285,2
196286,2
196289,2
196292,2
196293,2
196294,2
196296,2
196297,2
196299,2
196300,2
196302,2
196303,3
196304,3
196307,3
196308,2
196309,1
196311,2
196313,2
196314,2
196315,1
196317,1
196318,1
196319,3
196321,2
196322,2
196325,1
196327,2
196328,2
196329,2
196330,2
196331,2
196332,2
196334,2
196335,2
196336,2
196338,2
196340,2
196343,2
196344,2
196345,2
196346,2
196347,2
196350,2
196351,2
196353,2
196354,2
196355,2
196357,2
196358,2
196360,2
196361,2
196362,2
196363,2
196364,2
196366,2
196369,2
196371,2
196372,2
196373,2
196375,2
196376,2
196378,2
196380,3
196381,3
196383,2
196384,2
196386,2
196387,2
196388,2
196389,2
196390,2
196391,2
196393,2
196396,2
196401,2
196402,2
196403,2
196404,2
196405,2
196406,2
196407,2
196408,2
196409,2
196412,2
196413,2
196414,1
196417,1
196419,2
196422,1
196423,1
196426,1
196427,1
196428,2
196429,2
196430,2
196433,1
196435,0
196436,1
196438,2
196440,2
196441,3
196444,2
196445,2
196447,2
196451,2
196452,2
196454,2
196456,2
196457,2
196458,2
196461,2
196462,2
196464,2
196467,2
196471,2
196472,2
196473,2
196475,2
196477,2
196478,2
196479,2
196480,4
196482,3
196483,3
196486,3
196488,3
196491,2
196492,3
196493,2
196496,2
196497,3
196498,3
196500,3
196501,4
196503,2
196505,4
196507,2
196510,3
196511,3
196514,2
196517,2
196518,2
196519,2
196523,2
196524,2
196526,2
196527,2
196528,2
196530,2
196531,2
196532,2
196534,2
196535,2
196537,2
196540,2
196541,4
196543,4
196544,4
196549,2
196551,2
196554,2
196556,2
196558,2
196560,2
196561,2
196563,2
196566,2
196567,2
196568,2
196569,2
196572,2
196574,2
196575,0
196577,0
196579,2
196581,2
196583,2
196585,2
196589,2
196590,2
196591,2
196592,2
196594,2
196597,1
196598,3
196599,3
196601,1
196602,2
196605,1
196608,1
196609,2
196611,1
196612,2
196614,2
196615,2
196616,2
196617,2
196618,2
196619,2
196621,2
196623,3
196624,3
196626,3
196629,3
196630,2
196631,2
196633,2
196634,2
196635,2
196636,2
196637,2
196638,2
196641,2
196642,2
196643,2
196644,1
196645,1
196647,2
196649,2
196652,1
196653,2
196654,3
196655,2
196658,2
196659,2
196660,3
196661,3
196664,4
196665,3
196667,2
196669,2
196670,2
196671,3
196674,3
196676,3
196677,2
196678,3
196680,2
196681,3
196682,3
196683,2
196684,2
196685,2
196688,2
196689,2
196691,2
196693,2
196694,2
196695,2
196696,1
196699,2
196703,3
196705,3
196708,3
196710,3
196713,3
196715,2
196716,2
196719,2
196720,2
196723,2
196726,3
196729,3
196730,2
196732,3
196734,3
196737,2
196738,2
196741,2
196745,2
196748,2
196749,2
196751,2
196754,2
196756,2
196757,2
196758,2
196759,2
196760,2
196763,2
196764,2
196765,3
196766,3
196769,3
196770,1
196771,2
196773,2
196774,3
196775,1
196776,1
196777,2
196778,1
196781,1
196783,1
196784,2
196787,2
196788,2
196790,2
196791,2
196792,2
196793,2
196795,3
196796,3
196797,2
196799,2
196800,2
196801,2
196803,2
196806,3
196808,1
196811,1
196813,1
196814,3
196816,3
196817,3
196818,3
196821,3
196822,2
196823,3
196826,3
196827,2
196828,3
196830,3
196832,3
196833,3
196835,3
196836,2
196839,3
196840,2
196841,3
196843,3
196844,3
196846,2
196847,2
196850,2
196854,1
196857,2
196858,1
196859,2
196860,2
196862,2
196863,2
196864,2
196865,2
196868,2
196870,2
196872,2
196874,2
196875,1
196877,1
196878,3
196879,3
196880,3
196881,3
196883,3
196886,3
196888,2
196889,2
196890,2
196891,2
196894,2
196898,1
196900,2
196901,2
196904,2
196906,2
196908,2
196910,3
196911,4
196912,4
196913,2
196915,3
196917,2
196918,2
196921,3
196924,3
196926,3
196927,3
196929,2
196930,3
196932,2
196936,2
196938,2
196940,2
196941,0
196943,0
196944,0
196946,2
196947,1
196948,1
196950,2
196953,2
196955,2
196958,2
196963,2
196965,2
196968,2
196972,4
196974,3
196975,2
196979,2
196980,2
196981,2
196982,2
196986,3
196988,3
196989,3
196991,4
196992,3
196993,2
196994,1
196996,1
196997,0
196998,2
196999,0
197003,2
197006,2
197008,3
197011,3
197013,2
197017,2
197018,2
197019,2
197020,2
197023,2
197025,2
197027,2
197030,2
197032,2
197034,2
197036,2
197037,2
197038,2
197039,2
197040,2
197042,2
197044,2
197045,2
197049,2
197050,2
197052,2
197053,2
197056,2
197058,2
197060,2
197063,2
197065,2
197067,2
197068,3
197069,3
197071,3
197075,2
197078,3
197080,3
197081,2
197082,2
197084,2
197085,2
197086,2
197087,2
197088,2
197089,2
197091,2
197092,2
197093,3
197096,3
197097,3
197099,3
197100,2
197103,1
197105,1
197107,1
197108,2
197110,2
197114,2
197115,2
197118,2
197123,3
197125,2
197127,2
197128,2
197130,1
197132,2
197134,2
197135,2
197136,2
197138,2
197141,2
197142,2
197144,2
197145,2
197146,2
197147,0
197149,0
197151,0
197152,2
197154,2
197157,2
197159,2
197160,2
197161,2
197162,2
197163,2
197170,1
197172,1
197175,3
197176,3
197179,3
197186,2
197187,2
197188,2
197189,2
197190,2
197193,2
197196,2
197200,3
197201,3
197204,3
197206,2
197210,2
197213,3
197215,3
197216,3
197217,2
197218,3
197219,2
197220,2
197221,2
197225,2
197227,2
197229,2
197231,2
197232,2
197234,2
197235,2
197236,2
197237,2
197239,2
197240,2
197241,3
197242,3
197247,2
197251,2
197253,2
197254,2
197256,2
197263,2
197268,3
197269,2
197270,2
197271,3
197273,3
197280,3
197282,2
197285,2
197286,2
197287,1
197290,1
197292,2
197293,1
197295,1
197296,2
197297,2
197299,2
197301,2
197302,2
197304,2
197307,1
197308,1
197310,2
197312,2
197313,2
197315,2
197316,2
197317,2
197318,1
197319,1
197321,1
197322,1
197324,2
197326,2
197327,1
197328,2
197332,2
197333,3
197335,3
197337,3
197338,2
197339,3
197341,2
197343,1
197344,1
197346,2
197347,2
197348,2
197352,2
197358,2
197361,2
197362,2
197363,2
197367,2
197370,2
197371,2
197372,2
197373,2
197375,2
197379,2
197381,2
197383,2
197384,2
197387,2
197391,2
197392,2
197393,2
197397,2
197398,2
197399,2
197403,2
197404,2
197406,2
197407,2
197408,2
197409,2
197411,2
197413,2
197416,3
197418,3
197419,3
197420,1
197422,1
197423,3
197424,2
197425,2
197426,2
197427,2
197429,3
197430,2
197432,2
197436,3
197437,3
197439,3
197440,3
197441,2
197444,2
197446,2
197447,3
197448,2
197449,1
197451,1
197455,2
197456,2
197457,2
197458,1
197460,2
197462,2
197463,2
197464,2
197465,2
197466,3
197467,3
197469,3
197473,3
197474,2
197477,3
197479,2
197481,2
197482,3
197484,2
197485,2
197486,2
197488,2
197489,2
197490,2
197492,2
197493,2
197496,2
197498,2
197500,2
197502,2
197503,1
197505,1
197507,3
197510,3
197512,2
197513,1
197514,1
197516,1
197518,2
197521,2
197522,2
197523,1
197524,1
197526,2
197531,1
197533,1
197535,1
197536,2
197541,1
197544,1
197546,1
197548,1
197550,1
197551,2
197554,2
197556,2
197560,2
197561,2
197562,1
197563,1
197566,3
197568,3
197569,1
197571,1
197574,1
197577,1
197578,2
197579,2
197581,2
197582,2
197583,2
197584,2
197586,2
197589,1
197590,3
197592,2
197595,2
197596,2
197597,2
197598,2
197600,2
197601,2
197607,2
197608,2
197609,2
197610,0
197615,3
197616,2
197617,2
197618,2
197619,2
197621,3
197623,3
197624,2
197626,2
197627,2
197629,2
197630,2
197631,2
197632,2
197633,2
197634,2
197636,2
197637,2
197638,2
197640,1
197641,1
197642,2
197644,1
197648,1
197650,1
197652,1
197655,1
197656,2
197657,2
197660,2
197662,2
197663,2
197666,2
197667,2
197668,2
197669,2
197670,2
197672,2
197673,2
197674,3
197675,2
197677,2
197678,2
197680,2
197681,2
197682,2
197683,2
197685,2
197686,2
197687,1
197689,1
197692,2
197693,1
197695,1
197696,2
197697,3
197698,3
197700,2
197701,2
197702,2
197703,2
197706,2
197707,2
197708,2
197709,2
197714,2
197715,2
197716,2
197717,2
197718,2
197719,2
197720,2
197722,2
197724,2
197726,2
197728,2
197729,2
197730,2
197731,2
197732,2
197733,2
197734,2
197735,2
197737,3
197738,2
197739,1
197741,2
197742,2
197743,2
197744,2
197746,2
197747,2
197748,2
197749,2
197750,2
197751,2
197752,2
197753,2
197754,3
197757,3
197759,2
197760,1
197761,1
197762,1
197763,2
197765,1
197768,2
197772,2
197774,3
197775,3
197777,3
197780,3
197781,2
197782,2
197783,2
197784,2
197785,3
197787,3
197789,1
197791,2
197793,2
197794,2
197795,2
197800,3
197801,3
197802,3
197804,2
197807,2
197810,3
197812,2
197813,2
197814,2
197815,3
197816,2
197817,2
197818,2
197819,2
197821,2
197822,1
197825,1
197826,2
197829,2
197830,2
197831,3
197833,2
197835,2
197836,2
197840,3
197841,2
197843,2
197845,2
197848,2
197849,2
197850,2
197852,3
197853,3
197854,2
197855,3
197856,2
197858,2
197861,2
197862,2
197865,3
197867,3
197869,3
197871,2
197873,2
197874,3
197876,3
197877,2
197879,2
197881,2
197882,2
197884,2
197885,2
197887,2
197888,2
197889,2
197890,2
197891,2
197892,2
197893,2
197894,2
197896,2
197898,2
197899,2
197901,2
197903,2
197904,2
197907,2
197909,2
197911,2
197912,2
197914,2
197915,1
197916,2
197917,2
197919,1
197921,2
197924,1
197925,2
197926,2
197927,1
197930,3
197931,3
197932,3
197933,3
197934,3
197937,2
197941,2
197944,2
197945,2
197946,3
197947,2
197948,2
197949,2
197951,2
197954,2
197957,2
197958,2
197960,3
197963,2
197964,3
197966,3
197968,2
197969,2
197970,2
197971,2
197972,2
197973,2
197975,1
197979,2
197980,2
197981,2
197982,2
197985,2
197986,2
197987,2
197988,3
197989,3
197990,3
197991,3
197992,2
197994,2
197995,2
197996,2
197998,2
197999,2
198005,2
198006,2
198007,2
198012,2
198014,2
198017,2
198018,1
198020,1
198021,1
198022,1
198024,2
198025,3
198027,3
198028,2
198029,2
198030,2
198032,2
198035,2
198036,4
198037,3
198039,3
198040,3
198041,3
198042,2
198043,2
198044,2
198045,2
198049,2
198051,2
198053,2
198056,2
198058,2
198059,2
198060,2
198062,2
198063,2
198064,2
198065,2
198067,2
198068,2
198069,2
198071,2
198074,2
198076,3
198078,2
198081,2
198082,2
198085,2
198087,2
198088,2
198089,2
198090,2
198091,2
198092,2
198093,2
198094,2
198096,2
198097,2
198098,3
198099,2
198101,2
198102,2
198104,3
198106,2
198107,2
198109,2
198111,2
198112,2
198113,2
198114,2
198115,2
198117,2
198118,3
198120,3
198124,2
198125,2
198126,2
198127,2
198128,2
198131,2
198133,2
198134,2
198135,2
198137,2
198138,3
198139,4
198140,2
198141,3
198143,3
198147,2
198149,3
198150,2
198155,2
198156,3
198157,3
198160,2
198162,2
198164,2
198166,2
198168,2
198170,2
198171,2
198173,2
198176,2
198177,2
198178,2
198181,2
198183,2
198186,2
198187,2
198189,2
198193,2
198194,2
198197,1
198201,2
198204,3
198207,3
198210,3
198211,2
198213,2
198214,2
198216,2
198220,3
198221,2
198222,3
198226,2
198227,2
198228,2
198229,2
198230,2
198232,2
198237,2
198238,2
198240,2
198243,2
198244,2
198247,2
198249,2
198250,2
198252,2
198256,3
198259,2
198262,2
198264,1
198267,2
198268,2
198269,2
198270,2
198273,2
198275,2
198276,2
198278,1
198279,2
198280,1
198283,3
198285,4
198287,2
198289,2
198290,4
198291,2
198292,2
198293,2
198295,2
198297,2
198299,2
198302,2
198305,2
198306,1
198307,1
198309,2
198310,1
198313,3
198314,2
198315,2
198316,3
198317,2
198320,2
198322,2
198323,2
198326,3
198330,3
198331,4
198332,2
198334,2
198335,2
198337,2
198339,3
198341,2
198342,2
198343,2
198344,2
198345,2
198348,2
198351,2
198352,2
198353,2
198354,2
198357,2
198360,1
198362,1
198363,1
198365,1
198366,1
198368,1
198370,2
198372,2
198373,2
198375,2
198376,1
198377,1
198379,1
198380,1
198384,2
198386,1
198388,1
198389,2
198392,2
198394,0
198395,2
198396,2
198402,2
198404,2
198406,2
198407,2
198408,2
198412,2
198415,2
198418,2
198419,2
198421,2
198422,2
198423,2
198424,2
198425,2
198426,3
198428,3
198431,3
198432,2
198436,2
198437,3
198440,3
198441,3
198442,2
198443,3
198445,3
198446,2
198447,3
198449,0
198450,0
198451,0
198452,2
198453,1
198454,2
198456,3
198458,3
198459,3
198460,2
198462,2
198463,2
198466,2
198467,2
198468,2
198471,2
198472,2
198473,2
198474,2
198476,2
198478,2
198479,2
198481,2
198482,2
198486,2
198487,2
198488,2
198489,2
198490,1
198492,3
198493,3
198496,3
198499,3
198501,3
198503,3
198505,3
198508,3
198509,1
198510,2
198511,0
198512,0
198514,1
198515,2
198516,1
198518,0
198520,1
198521,1
198522,1
198524,1
198530,1
198532,0
198533,2
198534,2
198536,2
198538,2
198539,2
198542,2
198543,2
198544,1
198549,2
198551,3
198552,2
198553,1
198554,2
198555,2
198556,2
198557,2
198558,2
198560,2
198561,2
198562,2
198563,1
198565,1
198567,2
198568,2
198569,1
198570,2
198572,2
198575,2
198577,2
198580,2
198582,3
198584,3
198588,2
198589,3
198590,3
198591,3
198593,2
198594,3
198596,3
198597,3
198599,2
198601,3
198602,2
198603,2
198606,2
198607,2
198609,2
198611,2
198614,2
198617,2
198618,2
198620,2
198621,2
198622,2
198623,2
198625,1
198626,2
198627,2
198629,2
198631,2
198632,2
198634,2
198635,1
198637,2
198638,2
198639,2
198647,2
198648,2
198649,2
198650,2
198652,2
198653,2
198655,2
198656,2
198657,2
198659,2
198660,2
198662,2
198663,2
198665,2
198666,2
198667,2
198668,2
198669,2
198671,2
198674,3
198676,3
198678,3
198681,2
198682,2
198684,2
198685,2
198686,2
198688,2
198692,1
198694,1
198698,2
198702,2
198704,2
198708,2
198709,2
198712,2
198713,2
198716,2
198717,2
198719,2
198723,2
198724,2
198725,2
198727,2
198729,2
198730,2
198731,2
198733,2
198734,2
198738,1
198739,1
198740,1
198742,1
198743,2
198747,4
198749,1
198752,2
198753,2
198754,2
198755,2
198756,2
198760,2
198763,2
198764,2
198766,2
198767,2
198768,2
198770,2
198772,2
198774,2
198777,2
198778,2
198785,4
198786,4
198788,4
198789,2
198791,1
198793,1
198794,2
198796,2
198798,2
198800,1
198801,2
198802,3
198805,2
198808,2
198809,2
198810,2
198812,2
198813,2
198814,2
198815,2
198816,2
198817,2
198818,2
198819,2
198821,2
198822,2
198823,2
198824,2
198826,2
198828,2
198830,2
198831,2
198833,2
198834,2
198837,2
198838,3
198840,3
198842,2
198843,2
198848,2
198850,2
198851,2
198852,3
198853,2
198854,2
198855,2
198856,2
198858,2
198859,2
198860,2
198861,2
198862,2
198864,2
198865,2
198867,3
198869,3
198871,2
198872,2
198873,3
198874,3
198876,4
198878,4
198882,4
198883,4
198884,4
198885,2
198888,2
198892,3
198894,3
198895,3
198898,4
198902,3
198904,3
198906,3
198909,2
198910,2
198911,2
198914,2
198919,2
198921,2
198922,2
198923,2
198931,2
198932,2
198934,2
198937,2
198939,2
198940,2
198942,2
198943,2
198944,2
198947,2
198949,1
198950,1
198952,1
198954,1
198956,4
198958,2
198961,3
198962,4
198964,3
198968,3
198969,3
198971,3
198972,3
198974,2
198975,3
198976,2
198979,3
198982,3
198984,3
198988,4
198990,3
198992,2
198994,1
198995,3
198996,2
198998,3
198999,1
199001,1
199003,1
199004,1
199008,1
199011,2
199014,2
199016,2
199017,2
199018,2
199019,2
199020,3
199021,2
199022,2
199024,3
199026,2
199027,3
199029,2
199031,3
199032,3
199033,4
199034,2
199037,2
199038,2
199042,1
199047,2
199048,1
199050,1
199051,2
199053,1
199054,2
199056,2
199057,2
199059,2
199060,2
199061,2
199063,2
199065,2
199068,2
199069,2
199071,2
199075,2
199080,4
199083,3
199085,2
199086,2
199090,2
199094,2
199095,2
199096,2
199099,2
199100,3
199101,3
199104,3
199105,3
199106,2
199107,2
199109,2
199112,2
199114,2
199115,2
199117,2
199119,2
199120,2
199121,2
199125,2
199126,2
199127,2
199130,2
199133,2
199134,2
199136,2
199137,3
199139,3
199141,2
199142,2
199144,3
199147,1
199150,1
199151,1
199152,1
199153,2
199154,1
199156,2
199157,2
199158,1
199160,0
199162,2
199163,2
199164,1
199165,2
199166,1
199168,1
199171,1
199174,2
199176,1
199180,1
199182,1
199183,2
199184,1
199185,2
199187,2
199189,2
199191,2
199194,2
199195,2
199198,2
199200,2
199201,2
199203,2
199204,2
199205,2
199206,2
199208,2
199210,3
199212,3
199214,2
199215,2
199217,1
199218,1
199219,2
199220,1
199221,1
199225,1
199227,1
199228,1
199229,2
199230,1
199231,2
199236,2
199237,2
199240,2
199244,2
199245,2
199246,2
199249,2
199250,2
199251,2
199252,2
199254,2
199255,2
199256,2
199257,2
199259,2
199261,2
199263,3
199265,2
199268,2
199270,2
199272,2
199273,2
199276,2
199277,2
199279,2
199280,2
199283,2
199284,3
199285,2
199287,2
199289,2
199291,2
199293,3
199296,2
199297,2
199299,2
199300,2
199303,3
199304,2
199305,2
199306,2
199309,2
199310,2
199311,2
199313,2
199315,2
199316,2
199318,2
199319,3
199321,3
199325,2
199327,2
199329,2
199331,3
199332,2
199333,2
199334,2
199336,2
199337,4
199338,3
199340,3
199342,3
199344,3
199345,3
199346,2
199348,2
199349,2
199351,2
199353,2
199355,2
199356,2
199359,2
199360,2
199361,2
199362,2
199363,2
199364,2
199365,2
199366,1
199368,2
199370,2
199371,2
199375,1
199376,2
199377,2
199378,2
199381,1
199383,1
199385,1
199386,2
199387,2
199391,1
199393,2
199396,2
199399,2
199400,2
199401,2
199402,3
199404,3
199405,3
199406,3
199408,2
199410,2
199412,2
199414,2
199415,2
199416,2
199418,2
199419,2
199420,2
199421,2
199426,2
199427,2
199428,2
199429,2
199430,2
199431,2
199432,2
199433,1
199436,2
199439,3
199440,3
199442,3
199443,3
199444,3
199446,2
199448,2
199450,2
199453,2
199455,2
199457,2
199459,2
199460,2
199463,2
199465,2
199467,2
199469,2
199470,2
199471,2
199473,2
199475,2
199476,2
199479,2
199482,2
199487,2
199489,2
199491,2
199492,2
199493,1
199496,2
199499,2
199500,2
199502,2
199503,2
199505,2
199507,2
199509,2
199511,2
199512,2
199514,2
199515,2
199516,2
199517,2
199518,2
199519,2
199520,2
199521,3
199522,2
199523,2
199524,3
199526,3
199528,3
199530,3
199532,3
199534,3
199535,2
199536,3
199537,3
199540,2
199542,3
199543,2
199544,3
199545,3
199546,3
199547,3
199548,2
199549,1
199550,1
199552,2
199553,1
199555,4
199557,4
199560,2
199563,4
199567,1
199570,2
199572,1
199574,1
199575,2
199576,1
199577,2
199578,1
199579,2
199580,2
199583,2
199586,2
199588,1
199591,1
199592,1
199594,2
199597,2
199599,2
199601,2
199605,2
199606,2
199609,2
199610,2
199613,2
199614,3
199615,2
199617,2
199619,3
199621,2
199623,2
199626,3
199627,2
199629,2
199631,2
199632,2
199633,2
199634,2
199635,2
199637,2
199638,2
199639,2
199640,2
199642,3
199644,2
199645,3
199646,3
199648,3
199650,2
199651,3
199653,2
199655,3
199656,2
199657,3
199658,2
199659,2
199660,2
199661,3
199663,3
199664,2
199665,2
199666,2
199667,2
199668,2
199669,2
199671,2
199672,2
199673,2
199674,2
199676,2
199681,2
199683,2
199685,2
199686,0
199687,0
199688,0
199689,0
199690,0
199692,0
199694,2
199697,2
199698,2
199699,2
199700,2
199701,2
199702,2
199703,2
199704,2
199706,2
199707,2
199708,0
199709,2
199710,2
199711,0
199716,2
199717,0
199719,2
199720,2
199721,2
199723,1
199725,1
199726,1
199727,2
199728,1
199729,1
199731,1
199732,3
199733,1
199734,1
199736,1
199737,2
199738,2
199740,2
199742,2
199743,2
199745,2
199747,2
199749,2
199750,2
199753,2
199754,2
199757,2
199759,2
199761,2
199763,2
199765,2
199766,3
199768,1
199769,2
199770,2
199772,1
199774,2
199775,2
199777,2
199778,2
199779,2
199780,2
199781,2
199783,2
199784,2
199786,2
199787,1
199788,1
199790,1
199791,4
199793,3
199794,2
199796,2
199797,1
199799,2
199801,2
199802,2
199805,2
199806,2
199807,2
199808,3
199810,2
199813,2
199814,2
199815,2
199818,2
199822,2
199825,2
199830,3
199833,3
199835,2
199836,3
199838,3
199841,3
199842,2
199843,3
199844,3
199845,2
199846,3
199850,2
199852,4
199854,4
199857,3
199858,3
199861,2
199862,2
199863,2
199865,2
199866,2
199868,2
199870,2
199872,2
199873,2
199876,2
199877,2
199879,2
199881,2
199882,2
199883,2
199884,2
199885,2
199889,3
199891,4
199893,3
199894,3
199895,2
199896,4
199897,4
199898,2
199899,3
199900,2
199901,2
199903,2
199905,2
199906,2
199908,2
199909,2
199910,2
199911,2
199912,2
199915,2
199917,2
199918,1
199919,2
199920,2
199921,2
199922,0
199923,0
199925,0
199926,0
199927,0
199929,2
199930,2
199933,1
199934,2
199936,2
199937,2
199939,2
199940,2
199943,2
199944,2
199947,2
199948,2
199949,2
199950,2
199951,2
199952,2
199953,2
199954,2
199955,2
199957,2
199960,2
199961,2
199963,2
199965,2
199966,2
199969,2
199970,2
199971,2
199972,2
199973,2
199974,2
199976,2
199981,2
199982,2
199983,2
199985,2
199986,2
199987,2
199989,2
199995,3
199996,3
199998,3
199999,3
200000,2
200003,3
200004,2
200006,3
200008,3
200009,3
200010,2
200011,2
200012,3
200014,3
200016,2
200020,2
200021,2
200025,2
200028,2
200031,2
200033,2
200038,2
200039,2
200040,2
200042,2
200043,2
200044,2
200046,2
200048,2
200050,2
200052,2
200053,2
200054,2
200056,2
200058,2
200060,2
200061,2
200063,2
200064,1
200066,1
200068,2
200069,2
200071,2
200073,2
200075,2
200076,2
200079,1
200080,1
200083,2
200086,2
200088,2
200089,2
200091,2
200092,2
200096,2
200098,3
200099,3
200102,2
200103,2
200105,2
200107,2
200108,2
200111,3
200112,3
200113,3
200115,3
200116,3
200117,2
200119,2
200120,2
200126,1
200127,3
200129,1
200133,2
200134,2
200136,3
200140,3
200141,3
200142,2
200143,3
200144,2
200145,2
200146,3
200148,3
200149,3
200152,2
200153,2
200155,2
200157,2
200158,2
200159,2
200161,2
200163,2
200164,2
200165,2
200166,2
200168,2
200169,2
200172,2
200173,2
200174,2
200175,2
200177,2
200179,2
200180,3
200183,2
200186,2
200187,2
200189,2
200190,2
200191,1
200192,2
200193,2
200195,2
200197,2
200198,2
200199,2
200200,1
200202,1
200204,1
200206,1
200207,2
200209,1
200211,1
200213,2
200217,1
200219,4
200220,3
200221,3
200223,2
200225,2
200228,2
200229,2
200233,3
200235,3
200238,2
200239,2
200240,2
200241,2
200242,2
200243,2
200244,3
200245,3
200247,1
200251,1
200253,1
200254,1
200255,2
200256,2
200258,2
200260,2
200261,2
200263,2
200264,2
200266,2
200268,2
200269,2
200270,3
200271,3
200273,3
200275,3
200277,3
200278,3
200279,2
200281,3
200284,3
200285,4
200286,3
200287,3
200288,3
200289,3
200290,3
200293,3
200295,4
200298,3
200299,2
200300,2
200301,2
200303,2
200304,2
200305,2
200308,4
200312,4
200313,4
200315,4
200317,2
200320,1
200322,1
200325,1
200326,1
200327,2
200330,2
200331,2
200334,2
200338,2
200342,2
200344,2
200346,2
200350,2
200351,2
200352,2
200354,2
200355,2
200357,4
200358,4
200361,4
200362,4
200363,4
200365,2
200367,4
200369,4
200370,2
200371,3
200374,3
200376,3
200377,3
200380,2
200381,2
200383,2
200384,2
200386,2
200387,2
200388,1
200390,2
200392,2
200393,2
200395,1
200396,1
200398,1
200399,2
200400,1
200402,1
200406,2
200408,2
200410,2
200411,2
200413,2
200414,2
200415,2
200419,1
200421,3
200425,3
200426,2
200427,3
200429,3
200430,3
200431,3
200434,3
200435,3
200440,3
200441,3
200443,3
200445,3
200447,2
200449,0
200451,1
200452,2
200453,2
200454,1
200456,2
200457,2
200458,2
200460,2
200461,2
200463,2
200464,2
200465,1
200467,1
200468,1
200471,2
200473,1
200474,2
200475,2
200476,2
200478,2
200479,2
200481,2
200483,2
200484,2
200488,2
200489,2
200491,2
200493,2
200494,3
200496,3
200497,3
200499,3
200502,2
200505,3
200506,2
200507,2
200508,2
200509,3
200511,3
200513,2
200514,2
200516,2
200517,2
200519,2
200522,3
200523,3
200524,2
200526,2
200527,2
200529,2
200530,2
200531,2
200535,3
200538,2
200540,3
200542,4
200545,4
200547,4
200549,4
200551,4
200552,4
200555,3
200556,3
200557,3
200558,3
200560,1
200562,1
200563,4
200565,2
200569,3
200570,2
200571,2
200573,2
200574,3
200576,2
200577,2
200578,3
200580,2
200581,3
200583,2
200585,2
200586,3
200588,2
200589,2
200591,2
200592,2
200593,2
200595,2
200597,2
200599,2
200602,3
200604,3
200607,2
200609,3
200611,3
200612,3
200613,3
200616,1
200617,3
200618,2
200619,3
200621,2
200623,2
200625,2
200626,2
200627,2
200628,2
200629,3
200630,3
200631,2
200633,2
200634,2
200635,2
200636,2
200638,2
200639,2
200640,2
200643,2
200644,2
200646,2
200647,2
200648,2
200650,2
200653,2
200655,2
200656,2
200658,2
200660,2
200661,2
200663,2
200665,2
200666,1
200667,2
200671,2
200672,2
200673,2
200674,2
200676,2
200677,2
200679,2
200680,2
200681,2
200682,2
200683,2
200685,2
200686,2
200691,4
200693,3
200696,3
200698,2
200699,2
200701,1
200702,1
200705,1
200707,2
200709,2
200710,2
200713,3
200717,3
200719,3
200720,3
200721,3
200722,3
200725,3
200726,2
200728,3
200729,2
200735,3
200737,3
200738,3
200740,2
200743,2
200744,3
200745,2
200746,3
200748,3
200750,4
200751,3
200752,3
200754,3
200756,2
200759,2
200761,2
200763,2
200765,2
200767,2
200769,2
200770,2
200771,2
200772,2
200779,2
200780,2
200781,2
200782,2
200783,2
200784,2
200786,2
200787,2
200788,2
200790,2
200792,2
200793,2
200796,2
200797,3
200799,2
200801,2
200802,3
200803,3
200805,2
200807,2
200810,2
200811,1
200813,2
200816,2
200818,2
200819,2
200821,2
200822,4
200823,2
200824,2
200826,2
200828,4
200832,2
200834,3
200837,2
200838,1
200839,2
200840,2
200843,2
200845,2
200846,2
200848,2
200849,1
200855,1
200857,3
200858,2
200862,3
200864,1
200865,2
200867,1
200869,3
200871,2
200872,2
200873,2
200875,1
200877,1
200878,3
200879,2
200881,2
200884,3
200886,3
200887,3
200890,2
200893,3
200895,2
200898,2
200900,2
200902,2
200904,4
200907,4
200908,3
200909,3
200911,3
200912,2
200915,2
200916,1
200917,1
200918,2
200919,2
200921,2
200922,2
200925,2
200927,2
200930,2
200932,2
200933,2
200936,1
200939,1
200941,1
200942,3
200944,2
200947,2
200948,3
200949,3
200954,2
200956,1
200957,2
200959,2
200960,2
200961,2
200962,2
200964,2
200966,2
200968,2
200969,2
200970,2
200972,2
200974,2
200978,1
200980,1
200984,1
200988,1
200993,2
200995,2
200999,2
201000,2
201001,2
201002,2
201004,2
201006,2
201010,1
201014,1
201018,2
201020,2
201021,2
201023,2
201024,3
201025,2
201026,2
201027,2
201028,3
201031,4
201033,3
201035,2
201037,2
201038,2
201039,2
201041,2
201042,2
201043,1
201046,2
201048,2
201050,2
201054,3
201056,3
201059,2
201061,2
201064,3
201066,3
201068,2
201069,2
201070,2
201073,3
201076,2
201077,2
201078,2
201080,2
201082,2
201083,2
201085,2
201088,2
201089,1
201091,2
201092,1
201107,3
201109,3
201110,2
201111,2
201114,2
201115,2
201116,2
201117,2
201119,2
201120,2
201121,2
201122,2
201124,2
201125,2
201129,2
201130,2
201132,2
201134,2
201135,2
201136,2
201137,2
201139,2
201143,2
201144,2
201145,2
201147,2
201148,2
201149,2
201151,2
201152,2
201155,2
201156,2
201157,2
201160,2
201161,2
201162,2
201166,3
201167,2
201168,2
201171,2
201172,2
201176,3
201179,3
201181,3
201184,3
201185,2
201186,2
201189,2
201190,2
201191,2
201192,2
201195,2
201196,3
201201,3
201202,3
201204,3
201206,2
201208,3
201210,1
201211,2
201212,2
201213,2
201217,2
201219,2
201221,2
201223,2
201224,2
201226,2
201229,2
201230,2
201231,2
201232,2
201234,2
201236,2
201239,3
201240,3
201243,4
201245,3
201247,3
201248,2
201249,2
201251,2
201253,2
201254,2
201256,2
201257,2
201258,2
201260,2
201264,1
201265,1
201266,1
201267,1
201270,1
201272,1
201274,1
201277,2
201278,2
201279,1
201280,2
201281,2
201282,2
201285,2
201288,2
201291,2
201292,2
201293,2
201294,2
201295,2
201297,2
201300,2
201301,2
201302,2
201303,2
201305,2
201306,2
201308,3
201310,2
201311,2
201312,2
201313,2
201314,2
201316,2
201318,2
201320,2
201323,2
201324,2
201325,3
201326,3
201327,2
201328,2
201329,2
201330,2
201331,2
201332,2
201335,4
201338,2
201344,2
201345,2
201347,2
201352,2
201353,2
201355,2
201356,2
201357,2
201360,3
201362,2
201365,2
201367,2
201370,3
201371,2
201374,2
201375,2
201377,3
201379,3
201380,3
201382,2
201383,3
201385,2
201387,2
201389,2
201392,2
201394,2
201396,2
201398,1
201401,2
201402,1
201403,2
201405,1
201407,1
201408,2
201409,2
201411,2
201412,3
201417,2
201419,3
201420,3
201422,3
201425,2
201426,3
201427,2
201428,2
201429,2
201430,2
201432,2
201433,2
201435,0
201437,2
201439,2
201440,2
201441,2
201443,2
201445,2
201446,2
201447,2
201448,2
201449,2
201450,2
201452,2
201454,2
201457,0
201458,0
201459,0
201461,0
201463,0
201464,0
201466,2
201467,2
201469,2
201470,2
201471,2
201472,2
201474,2
201475,2
201476,3
201477,3
201479,3
201482,3
201483,3
201485,3
201487,3
201489,3
201490,2
201492,1
201494,1
201495,3
201496,2
201499,3
201500,2
201501,3
201504,2
201505,3
201506,3
201509,3
201510,2
201511,2
201512,1
201513,4
201515,2
201516,2
201518,2
201522,3
201524,3
201527,1
201528,2
201529,2
201531,2
201532,1
201541,1
201542,2
201543,2
201546,1
201548,1
201550,2
201551,2
201553,1
201555,1
201556,2
201558,2
201562,2
201565,2
201566,2
201568,2
201574,2
201575,2
201579,1
201580,2
201581,1
201583,2
201585,2
201588,2
201589,1
201590,2
201593,2
201595,2
201596,1
201598,1
201601,3
201603,3
201605,2
201606,3
201610,2
201612,3
201615,2
201618,2
201620,2
201621,2
201623,2
201625,2
201629,2
201633,1
201634,1
201635,2
201636,2
201637,2
201640,2
201641,1
201643,1
201645,2
201646,2
201651,3
201652,3
201654,2
201655,2
201656,2
201657,2
201658,4
201662,4
201663,4
201665,2
201666,2
201667,2
201668,2
201669,3
201671,1
201673,2
201674,2
201675,2
201676,2
201678,2
201679,2
201680,2
201681,2
201682,2
201683,2
201685,2
201686,2
201689,2
201690,2
201691,2
201692,2
201695,2
201696,2
201697,2
201699,2
201701,2
201703,2
201704,2
201705,2
201706,2
201709,2
201711,2
201713,2
201716,2
201717,2
201718,2
201719,2
201720,2
201722,2
201725,1
201726,2
201727,2
201728,2
201731,2
201733,2
201735,2
201741,1
201742,2
201744,2
201748,2
201749,2
201750,3
201751,3
201752,3
201753,2
201756,2
201758,2
201761,2
201764,2
201766,2
201767,2
201771,2
201772,2
201773,1
201774,1
201775,1
201777,2
201779,2
201780,1
201781,2
201782,2
201784,2
201785,2
201786,2
201787,2
201789,2
201792,2
201793,2
201794,2
201796,2
201797,2
201799,2
201802,2
201803,2
201808,2
201809,2
201810,2
201813,2
201815,2
201817,2
201818,2
201820,2
201824,2
201825,2
201826,2
201827,2
201828,2
201829,2
201830,2
201832,2
201833,2
201834,2
201836,1
201839,1
201842,2
201843,3
201844,3
201845,3
201847,2
201851,2
201856,1
201857,2
201858,2
201859,2
201860,2
201862,2
201864,2
201865,2
201867,2
201870,2
201871,2
201872,2
201875,2
201877,2
201878,2
201879,2
201881,1
201882,3
201883,4
201884,3
201886,3
201887,2
201888,3
201889,1
201890,3
201892,3
201895,2
201897,2
201901,2
201904,2
201906,4
201908,4
201910,3
201912,3
201913,2
201915,2
201918,2
201920,2
201921,2
201923,2
201927,2
201930,2
201932,2
201934,2
201935,2
201936,2
201937,2
201939,2
201940,2
201941,2
201943,2
201945,2
201947,2
201950,2
201952,2
201953,2
201955,2
201956,2
201958,3
201960,3
201962,3
201963,3
201965,2
201967,2
201968,2
201970,2
201971,2
201973,3
201976,3
201977,3
201978,2
201980,2
201982,4
201983,2
201988,1
201990,1
201993,3
201995,1
201998,1
202001,1
202002,2
202003,2
202004,3
202006,2
202007,2
202010,2
202011,2
202012,2
202013,2
202014,1
202015,2
202016,2
202018,2
202020,2
202022,2
202023,2
202024,2
202025,1
202026,1
202029,1
202030,1
202032,1
202034,1
202035,2
202037,2
202039,2
202043,1
202044,2
202045,2
202046,2
202049,2
202051,2
202053,2
202054,2
202055,2
202056,2
202057,2
202058,2
202059,1
202062,2
202064,2
202065,2
202066,2
202067,2
202068,2
202074,2
202076,2
202078,2
202079,2
202080,2
202081,2
202083,2
202085,2
202086,2
202089,2
202095,3
202096,2
202097,2
202099,2
202100,2
202102,1
202104,1
202105,1
202108,2
202111,2
202112,2
202113,2
202114,3
202115,3
202116,3
202117,3
202118,3
202120,3
202121,3
202122,2
202124,2
202126,2
202127,2
202128,2
202129,2
202133,2
202134,2
202135,2
202138,2
202139,2
202141,2
202145,2
202146,2
202148,2
202150,2
202151,2
202152,2
202156,2
202158,2
202159,2
202160,2
202161,2
202163,2
202165,2
202166,2
202167,2
202168,2
202171,4
202172,4
202178,4
202180,2
202182,2
202183,2
202184,2
202187,2
202188,2
202190,2
202191,2
202195,2
202197,2
202203,1
202204,1
202206,1
202207,2
202210,2
202212,2
202216,1
202218,1
202221,1
202222,2
202223,2
202225,2
202227,2
202230,0
202231,0
202232,2
202233,0
202235,0
202236,1
202239,3
202240,3
202241,3
202243,3
202244,3
202246,3
202247,2
202248,2
202251,2
202252,2
202253,2
202255,2
202256,2
202258,2
202259,2
202261,2
202264,2
202265,2
202267,2
202273,2
202275,2
202278,2
202279,2
202284,1
202287,2
202288,2
202290,2
202291,2
202292,2
202295,2
202301,4
202302,4
202305,4
202308,2
202311,2
202313,2
202314,1
202317,2
202318,2
202319,2
202321,2
202323,2
202324,2
202326,2
202327,2
202328,2
202329,1
202330,1
202337,1
202339,2
202340,2
202343,2
202345,2
202347,2
202348,2
202349,3
202350,3
202351,3
202354,2
202356,2
202357,3
202358,2
202359,2
202360,3
202363,3
202365,3
202367,1
202368,2
202369,2
202371,1
202372,2
202374,2
202375,2
202380,3
202381,3
202382,0
202385,0
202386,2
202390,2
202392,0
202393,3
202395,3
202396,3
202398,2
202400,2
202401,2
202402,2
202403,2
202405,1
202407,1
202411,1
202412,1
202415,2
202416,1
202418,1
202421,1
202422,2
202423,2
202424,2
202426,2
202427,2
202429,2
202430,2
202431,1
202433,2
202435,1
202436,1
202438,2
202440,2
202441,2
202442,2
202443,1
202445,2
202448,2
202451,2
202452,4
202453,3
202457,3
202458,3
202461,3
202463,3
202464,2
202465,3
202466,2
202468,3
202469,3
202470,3
202475,3
202477,2
202478,3
202481,3
202483,3
202484,4
202486,3
202488,3
202491,2
202492,3
202493,3
202495,1
202496,3
202498,2
202499,2
202505,2
202507,2
202511,3
202512,3
202513,3
202514,1
202515,3
202517,2
202521,2
202523,2
202526,2
202528,2
202531,1
202533,1
202534,2
202535,1
202537,2
202538,3
202540,3
202542,2
202547,3
202549,3
202552,2
202554,2
202555,2
202556,2
202557,2
202560,2
202562,2
202563,2
202564,2
202565,2
202567,2
202570,2
202571,2
202573,2
202574,2
202579,2
202580,2
202581,2
202582,2
202584,2
202586,3
202588,3
202591,3
202593,3
202595,1
202597,3
202598,2
202599,2
202600,2
202602,2
202603,2
202606,2
202607,2
202608,2
202616,4
202617,3
202618,2
202620,2
202621,2
202624,2
202625,2
202626,2
202627,2
202630,2
202633,3
202634,2
202636,3
202639,3
202641,2
202642,2
202643,2
202644,2
202646,2
202648,2
202650,2
202652,2
202653,2
202656,3
202657,2
202658,3
202659,2
202660,3
202662,3
202666,2
202667,2
202668,2
202669,2
202672,2
202673,2
202674,3
202675,3
202676,4
202677,2
202678,2
202680,2
202681,4
202683,4
202684,2
202685,2
202688,1
202689,1
202691,4
202692,2
202693,2
202694,4
202698,4
202699,4
202702,4
202703,2
202704,2
202705,2
202706,2
202707,1
202708,1
202709,1
202712,1
202713,1
202715,3
202719,2
202725,2
202726,2
202727,2
202728,2
202731,2
202733,2
202734,3
202735,3
202736,3
202737,3
202739,1
202742,2
202743,1
202746,1
202749,1
202750,2
202752,2
202753,1
202754,2
202756,2
202757,2
202758,2
202760,1
202762,1
202764,1
202766,2
202767,1
202769,1
202771,2
202773,2
202774,2
202777,3
202778,2
202779,3
202782,3
202783,3
202786,3
202787,3
202788,2
202791,3
202795,2
202801,3
202802,3
202805,2
202809,3
202810,3
202813,3
202816,2
202819,2
202821,2
202822,2
202823,2
202824,3
202827,3
202828,2
202829,2
202830,2
202831,2
202832,2
202834,3
202840,3
202841,3
202843,2
202846,2
202847,2
202850,2
202852,2
202855,2
202856,2
202859,3
202860,2
202861,3
202862,3
202864,2
202865,3
202867,3
202869,2
202872,2
202874,3
202876,3
202879,2
202880,2
202882,3
202883,2
202884,2
202885,3
202888,2
202889,2
202890,2
202891,3
202893,2
202894,3
202896,2
202898,3
202899,2
202901,2
202902,3
202904,2
202905,2
202906,2
202907,3
202910,2
202913,2
202915,2
202917,2
202918,2
202921,3
202922,2
202923,2
202924,2
202926,2
202927,2
202928,2
202929,3
202930,3
202932,2
202933,2
202934,1
202936,3
202938,3
202940,2
202941,1
202942,2
202943,2
202944,2
202945,2
202947,1
202948,1
202949,2
202950,2
202953,2
202954,2
202956,2
202958,2
202959,2
202962,1
202963,1
202966,4
202967,2
202968,4
202970,4
202973,2
202974,4
202976,3
202978,2
202979,3
202980,3
202982,2
202985,1
202987,1
202989,1
202990,1
202992,2
202993,2
202994,0
202995,2
202997,2
202998,2
203000,2
203001,2
203002,0
203003,2
203005,2
203006,2
203007,0
203010,2
203011,2
203013,2
203014,2
203016,2
203017,1
203018,1
203021,2
203022,4
203024,1
203027,2
203029,1
203031,2
203033,1
203034,2
203035,2
203036,1
203039,1
203041,1
203043,2
203045,1
203046,1
203048,1
203050,1
203051,2
203052,2
203053,2
203055,2
203056,2
203058,2
203059,2
203060,2
203063,1
203064,4
203067,4
203069,2
203071,4
203075,2
203076,4
203080,2
203082,2
203085,2
203086,2
203088,2
203090,2
203094,3
203095,2
203096,2
203099,3
203101,2
203102,4
203104,4
203105,4
203108,2
203109,3
203110,3
203111,3
203112,2
203113,2
203114,2
203115,2
203116,2
203118,3
203119,3
203120,3
203121,3
203122,2
203123,2
203125,3
203127,2
203130,2
203131,2
203132,3
203133,2
203134,3
203138,2
203140,2
203141,2
203143,2
203145,2
203147,2
203149,2
203150,4
203151,4
203152,4
203154,2
203155,2
203156,4
203158,4
203160,3
203161,4
203164,4
203166,3
203168,3
203172,2
203173,2
203174,2
203176,2
203177,2
203178,3
203180,2
203183,2
203184,2
203185,2
203188,2
203191,2
203192,2
203193,3
203196,3
203198,2
203199,2
203201,2
203203,2
203205,2
203207,2
203208,2
203211,2
203212,2
203213,2
203214,2
203217,2
203220,2
203223,2
203224,2
203225,2
203226,2
203227,3
203229,4
203231,2
203232,1
203234,3
203237,1
203240,1
203241,3
203242,3
203247,3
203249,2
203251,2
203253,2
203254,2
203256,2
203257,3
203258,3
203259,3
203261,2
203262,2
203267,2
203268,2
203272,2
203273,2
203274,2
203275,2
203276,2
203280,3
203281,3
203282,3
203283,3
203285,3
203287,3
203289,3
203290,2
203292,3
203295,3
203297,2
203298,2
203299,3
203301,2
203304,2
203309,1
203310,2
203313,2
203314,1
203317,2
203318,2
203319,2
203320,2
203321,3
203322,2
203325,2
203326,2
203327,1
203330,2
203334,2
203335,1
203338,2
203339,2
203340,2
203341,2
203342,2
203343,2
203344,2
203346,2
203349,2
203352,3
203354,3
203357,1
203358,3
203361,2
203362,1
203363,3
203365,1
203369,2
203371,2
203373,2
203374,2
203378,2
203379,2
203381,2
203382,2
203385,2
203386,2
203387,2
203388,2
203390,2
203391,1
203393,2
203394,2
203395,1
203396,2
203397,2
203399,1
203402,2
203403,2
203404,2
203405,2
203406,2
203408,2
203409,2
203410,2
203412,2
203413,2
203415,3
203417,3
203418,3
203419,2
203420,2
203421,3
203423,3
203424,2
203426,2
203430,4
203432,4
203433,4
203435,4
203436,4
203437,4
203439,4
203440,3
203442,3
203444,2
203447,2
203448,3
203449,3
203451,2
203453,2
203454,2
203455,2
203458,2
203461,2
203462,2
203463,2
203465,2
203467,2
203468,2
203471,2
203472,2
203473,2
203474,2
203475,2
203476,4
203478,3
203479,2
203483,3
203485,3
203489,3
203493,3
203496,3
203497,2
203500,2
203504,4
203505,4
203506,4
203507,4
203510,2
203512,2
203514,2
203515,2
203516,2
203517,2
203518,3
203519,2
203521,2
203522,2
203523,1
203524,2
203526,2
203527,1
203529,2
203531,2
203534,1
203535,1
203536,1
203538,2
203539,1
203540,1
203541,1
203542,1
203546,1
203547,2
203548,2
203552,3
203558,3
203560,2
203561,2
203562,2
203563,2
203564,2
203565,2
203567,2
203569,2
203570,2
203571,2
203576,1
203578,2
203580,3
203582,3
203583,1
203585,2
203587,2
203589,2
203590,2
203591,2
203595,2
203596,2
203597,2
203599,2
203602,2
203604,2
203605,2
203606,2
203608,2
203612,2
203613,2
203614,2
203615,2
203616,2
203618,2
203619,3
203622,2
203624,2
203626,3
203627,3
203628,2
203630,2
203631,2
203632,2
203636,2
203645,1
203647,1
203649,3
203651,3
203653,2
203655,2
203656,3
203659,3
203660,2
203661,2
203662,2
203664,2
203665,3
203668,3
203670,2
203673,2
203674,2
203675,2
203676,2
203677,2
203679,2
203682,2
203685,2
203692,2
203694,2
203697,3
203698,2
203699,2
203700,2
203704,3
203706,3
203708,3
203709,2
203710,2
203711,2
203714,2
203715,2
203717,2
203720,1
203721,2
203723,2
203725,2
203727,2
203729,1
203731,1
203732,2
203734,2
203735,2
203736,2
203737,1
203739,1
203741,1
203744,1
203746,1
203748,1
203749,2
203750,2
203751,2
203754,2
203755,2
203756,3
203757,3
203761,3
203763,3
203765,2
203767,2
203769,2
203770,2
203772,2
203775,2
203776,2
203777,2
203780,2
203781,2
203782,2
203783,2
203785,2
203786,2
203788,2
203789,1
203790,2
203791,2
203793,1
203795,1
203799,2
203801,2
203803,2
203805,2
203806,2
203807,2
203809,3
203810,3
203813,3
203814,3
203815,3
203818,3
203820,2
203821,3
203822,3
203824,2
203826,2
203828,2
203829,1
203830,1
203832,2
203835,1
203837,2
203838,2
203842,2
203843,2
203844,2
203846,2
203848,2
203849,2
203851,2
203852,2
203859,2
203860,2
203861,2
203863,2
203864,2
203867,2
203868,2
203871,2
203874,3
203877,3
203878,3
203879,2
203880,1
203881,2
203882,1
203883,2
203884,2
203888,2
203891,2
203893,2
203895,2
203896,1
203897,2
203898,2
203901,2
203903,2
203904,2
203907,2
203908,2
203909,0
203910,1
203912,2
203915,2
203916,1
203918,2
203919,3
203921,1
203922,1
203925,1
203928,2
203932,3
203933,3
203934,3
203935,3
203937,2
203939,2
203943,3
203947,3
203949,4
203950,4
203951,4
203953,2
203955,2
203956,2
203958,2
203960,2
203961,2
203963,2
203965,2
203966,2
203968,2
203969,2
203971,2
203972,2
203973,2
203975,2
203976,3
203977,3
203978,2
203979,2
203980,2
203981,2
203982,3
203983,2
203985,2
203986,2
203988,2
203990,2
203991,2
203993,2
203994,2
203996,2
203998,2
204000,2
204002,2
204003,2
204006,2
204007,2
204009,2
204010,3
204012,1
204015,1
204016,3
204017,3
204018,2
204022,3
204023,1
204024,1
204027,2
204030,3
204031,2
204032,2
204036,3
204041,2
204042,2
204045,3
204047,2
204050,3
204053,3
204055,3
204056,3
204058,2
204060,2
204063,3
204065,3
204069,3
204071,2
204073,2
204074,3
204076,3
204077,2
204079,2
204081,2
204082,2
204083,2
204084,3
204085,3
204088,3
204089,2
204091,2
204092,2
204093,2
204094,2
204096,2
204097,2
204099,2
204101,2
204102,2
204105,2
204107,2
204108,2
204109,2
204110,2
204112,2
204113,2
204114,2
204119,2
204121,3
204123,2
204125,2
204126,2
204128,2
204130,2
204131,3
204132,3
204133,2
204135,2
204137,2
204138,2
204141,2
204142,2
204145,2
204147,2
204148,2
204150,3
204152,1
204154,1
204156,1
204158,1
204159,3
204160,3
204161,3
204162,2
204164,3
204166,2
204169,2
204172,2
204173,2
204176,2
204177,2
204180,2
204181,3
204183,3
204185,3
204186,2
204187,2
204188,2
204189,2
204192,3
204194,2
204195,3
204197,3
204198,2
204199,3
204200,3
204201,2
204202,2
204203,2
204205,2
204206,2
204207,2
204209,2
204210,2
204211,2
204214,2
204215,2
204216,1
204219,2
204221,2
204222,2
204223,2
204225,2
204227,2
204229,2
204230,2
204231,2
204233,3
204234,3
204235,2
204236,3
204240,3
204241,2
204242,3
204243,3
204245,2
204246,2
204248,2
204249,2
204250,2
204252,2
204255,3
204257,3
204258,1
204259,3
204262,2
204265,2
204266,2
204267,2
204268,2
204269,1
204270,3
204271,2
204272,1
204275,1
204276,1
204277,1
204280,1
204281,1
204282,1
204283,1
204284,2
204287,2
204288,2
204291,3
204295,3
204296,2
204298,2
204299,3
204302,3
204305,2
204306,2
204309,2
204312,2
204313,4
204314,4
204315,4
204317,2
204318,4
204320,2
204321,4
204322,2
204323,4
204324,2
204326,4
204327,1
204330,1
204332,2
204334,2
204335,4
204337,4
204339,2
204340,2
204341,2
204343,2
204346,2
204347,2
204349,2
204350,2
204351,2
204356,1
204357,3
204358,3
204359,3
204360,2
204362,2
204363,2
204367,2
204369,2
204371,2
204374,2
204376,2
204378,2
204380,2
204381,2
204382,2
204384,2
204385,1
204386,4
204387,4
204389,2
204391,3
204392,3
204393,2
204394,1
204396,2
204397,2
204398,2
204399,2
204402,2
204405,2
204406,2
204407,2
204408,2
204411,2
204412,2
204413,2
204417,3
204418,3
204421,3
204423,3
204426,3
204427,3
204428,2
204430,3
204431,3
204432,3
204433,3
204434,2
204435,2
204436,2
204437,2
204439,3
204441,1
204442,2
204444,2
204446,2
204448,2
204449,2
204452,2
204453,2
204456,2
204458,2
204460,2
204461,3
204464,2
204466,2
204469,2
204471,2
204472,2
204475,2
204476,2
204479,2
204480,2
204484,2
204485,2
204486,2
204487,2
204489,2
204490,2
204491,2
204493,1
204495,2
204498,1
204500,2
204501,2
204503,2
204504,2
204506,2
204507,2
204508,2
204509,2
204510,2
204511,2
204512,2
204513,2
204515,2
204518,3
204522,2
204525,3
204528,3
204529,2
204531,2
204533,2
204535,2
204536,2
204537,2
204540,2
204543,3
204545,2
204547,2
204548,2
204549,2
204550,2
204551,2
204552,2
204554,2
204556,2
204558,3
204559,3
204561,3
204563,3
204564,3
204566,2
204572,3
204573,3
204574,2
204576,2
204577,2
204579,2
204580,2
204581,2
204584,2
204586,2
204587,2
204588,2
204590,2
204592,3
204594,3
204596,4
204597,2
204598,2
204601,4
204605,4
204606,2
204607,2
204608,3
204610,3
204611,2
204613,2
204614,2
204615,4
204617,2
204618,2
204619,1
204621,1
204622,1
204623,1
204624,1
204627,2
204628,2
204630,2
204631,2
204632,1
204636,2
204638,2
204639,2
204643,2
204646,2
204649,2
204650,2
204657,2
204660,2
204663,2
204668,2
204669,2
204671,2
204672,2
204673,2
204675,3
204677,2
204678,2
204680,2
204682,2
204683,2
204684,2
204686,2
204688,2
204689,2
204691,2
204692,0
204693,2
204694,2
204697,2
204700,4
204701,4
204702,3
204703,3
204704,3
204706,4
204708,1
204710,2
204712,2
204714,2
204715,2
204716,2
204717,2
204718,2
204719,2
204720,2
204721,1
204724,1
204725,2
204726,3
204727,3
204728,3
204729,3
204731,2
204733,2
204734,2
204735,2
204737,1
204738,2
204740,2
204742,2
204743,2
204744,2
204745,2
204746,2
204747,2
204750,2
204751,2
204752,2
204753,2
204754,2
204755,2
204756,2
204758,2
204759,2
204762,2
204763,2
204765,3
204766,2
204767,2
204770,2
204771,2
204776,2
204777,2
204780,2
204783,2
204784,3
204785,3
204788,3
204790,2
204791,2
204793,2
204794,2
204795,2
204796,2
204797,2
204798,2
204801,2
204802,2
204803,2
204804,2
204808,2
204810,2
204813,2
204815,2
204816,2
204817,2
204818,2
204821,2
204822,2
204823,2
204824,2
204825,2
204827,2
204828,2
204830,2
204833,2
204836,2
204837,1
204838,1
204842,1
204844,1
204845,1
204847,2
204848,2
204849,2
204850,2
204852,2
204857,2
204859,2
204861,2
204862,2
204864,2
204866,2
204868,2
204869,2
204870,2
204871,3
204873,2
204874,2
204876,1
204877,1
204879,1
204882,1
204883,2
204884,2
204886,2
204889,2
204890,2
204892,3
204894,2
204895,2
204901,2
204902,2
204903,3
204904,3
204907,1
204908,4
204910,2
204912,4
204914,4
204915,2
204916,1
204918,3
204927,3
204929,2
204933,2
204934,2
204936,2
204938,2
204941,2
204947,3
204948,3
204949,3
204951,3
204953,2
204955,2
204957,1
204960,2
204961,2
204962,2
204964,1
204965,1
204966,1
204969,2
204970,2
204972,2
204973,2
204974,2
204976,2
204978,2
204980,2
204981,1
204983,1
204985,1
204986,1
204987,1
204989,1
204990,1
204991,1
204992,1
204994,1
204995,2
204997,2
204998,3
204999,3
205000,3
205003,3
205004,3
205005,3
205006,2
205007,3
205008,4
205009,2
205012,2
205013,2
205015,2
205016,3
205017,2
205018,2
205019,2
205021,2
205022,2
205023,2
205024,2
205026,2
205027,2
205029,2
205032,3
205035,3
205036,3
205038,3
205040,2
205047,2
205048,2
205050,1
205052,2
205055,2
205056,2
205057,2
205058,2
205059,1
205060,2
205062,1
205064,1
205066,0
205067,0
205068,3
205069,3
205070,3
205071,2
205074,2
205077,2
205079,2
205080,2
205081,2
205083,2
205086,2
205087,2
205090,2
205092,2
205093,2
205095,1
205096,1
205097,1
205100,2
205102,2
205104,2
205106,2
205108,2
205110,2
205111,2
205112,2
205114,2
205119,2
205120,0
205121,2
205123,2
205124,2
205125,2
205126,2
205129,2
205131,2
205133,2
205134,2
205135,2
205136,2
205138,3
205139,1
205141,3
205145,2
205146,3
205148,3
205151,2
205152,3
205154,2
205155,2
205156,2
205157,2
205161,1
205162,2
205164,1
205166,1
205167,1
205169,1
205170,2
205173,2
205175,2
205177,2
205178,1
205179,2
205180,1
205182,3
205183,2
205184,3
205185,3
205187,3
205188,3
205191,1
205193,1
205195,2
205197,2
205199,2
205200,2
205203,2
205204,2
205205,2
205206,2
205207,2
205209,2
205210,2
205214,2
205215,2
205219,2
205220,2
205221,1
205222,1
205223,1
205224,1
205225,1
205226,1
205228,1
205230,0
205232,1
205233,2
205234,2
205236,2
205237,2
205239,2
205243,3
205244,3
205245,3
205246,2
205248,2
205249,3
205250,3
205251,3
205252,2
205254,1
205255,2
205256,2
205257,1
205260,2
205262,2
205264,2
205266,2
205267,2
205268,2
205269,2
205270,2
205272,2
205273,2
205275,2
205276,2
205277,2
205278,2
205279,3
205282,3
205285,2
205286,3
205291,2
205296,0
205297,0
205298,0
205300,2
205301,2
205304,2
205306,2
205308,2
205310,2
205312,2
205313,1
205314,2
205315,2
205317,2
205318,2
205319,2
205321,2
205322,2
205325,2
205326,1
205328,1
205331,2
205334,2
205335,2
205336,1
205342,2
205344,2
205345,2
205346,2
205348,2
205350,2
205351,2
205352,2
205355,2
205356,2
205362,2
205363,2
205364,2
205366,2
205368,2
205369,2
205370,2
205371,2
205372,2
205374,2
205376,2
205378,2
205379,2
205380,2
205381,2
205382,2
205383,2
205384,2
205385,2
205386,2
205387,2
205388,1
205391,1
205393,1
205394,2
205395,2
205397,2
205398,2
205399,2
205400,2
205401,2
205404,2
205405,2
205406,2
205408,2
205410,2
205411,2
205412,2
205413,2
205414,2
205417,2
205418,2
205421,2
205423,2
205427,2
205428,2
205430,2
205432,2
205433,2
205435,2
205437,2
205441,2
205443,2
205445,2
205446,2
205447,2
205448,2
205449,2
205450,2
205451,2
205457,3
205459,2
205460,3
205462,2
205465,2
205467,2
205469,2
205470,1
205471,1
205474,2
205477,2
205478,2
205480,2
205483,2
205486,1
205487,2
205489,2
205492,2
205493,2
205495,2
205497,2
205498,2
205501,2
205502,2
205503,2
205506,2
205507,2
205508,2
205509,0
205510,0
205515,2
205517,2
205518,2
205519,2
205520,2
205522,2
205525,2
205526,2
205530,2
205534,2
205537,2
205540,2
205544,2
205547,2
205548,2
205549,2
205550,2
205551,2
205554,2
205556,2
205558,2
205559,2
205562,1
205565,2
205570,2
205571,2
205573,2
205575,2
205576,2
205578,2
205579,2
205581,4
205582,2
205583,2
205585,2
205588,4
205590,2
205592,2
205594,2
205596,2
205598,2
205600,2
205601,2
205603,2
205606,2
205608,2
205612,3
205614,3
205616,3
205618,3
205622,3
205624,2
205628,2
205629,2
205634,3
205635,3
205640,3
205641,3
205643,3
205645,3
205648,2
205649,3
205650,3
205651,2
205652,3
205653,2
205655,3
205657,3
205660,3
205661,3
205662,2
205663,3
205665,2
205666,2
205667,3
205668,2
205669,2
205670,3
205676,2
205678,2
205680,4
205681,3
205683,2
205684,2
205685,2
205687,2
205689,2
205690,3
205691,2
205693,2
205695,2
205696,2
205697,2
205699,2
205700,2
205701,2
205702,2
205709,3
205710,3
205712,3
205713,2
205715,3
205717,2
205724,2
205726,2
205727,3
205732,3
205735,3
205736,3
205737,3
205738,1
205740,2
205741,1
205743,1
205745,3
205746,1
205747,2
205748,2
205749,2
205752,2
205753,1
205755,2
205756,2
205757,1
205759,1
205760,2
205762,2
205763,2
205765,2
205766,2
205768,2
205772,2
205775,2
205776,2
205777,2
205778,2
205779,2
205780,2
205781,2
205784,4
205785,4
205790,2
205794,2
205796,2
205797,2
205798,2
205801,2
205802,3
205803,3
205804,2
205806,2
205807,2
205811,1
205812,1
205813,1
205815,1
205817,2
205819,2
205821,2
205822,2
205824,2
205825,2
205827,2
205828,1
205830,3
205833,2
205834,2
205836,3
205838,2
205839,3
205841,3
205842,3
205843,1
205844,2
205845,2
205847,1
205849,2
205851,2
205852,1
205854,1
205855,1
205858,1
205860,1
205863,2
205864,2
205865,2
205866,1
205867,2
205868,2
205869,2
205870,1
205873,1
205875,2
205877,2
205878,1
205880,1
205882,2
205883,2
205884,2
205888,2
205889,2
205891,1
205894,1
205896,2
205898,1
205900,2
205901,1
205902,2
205907,2
205909,2
205912,2
205913,2
205914,2
205915,2
205916,3
205917,2
205918,2
205919,2
205921,2
205923,2
205926,2
205928,3
205933,3
205934,3
205935,2
205938,2
205940,3
205941,3
205943,1
205945,3
205946,3
205947,2
205951,2
205954,3
205956,2
205959,3
205962,3
205968,1
205969,2
205970,2
205971,1
205973,2
205975,2
205976,2
205978,2
205980,2
205983,2
205985,1
205987,3
205990,2
205991,2
205992,2
205994,1
205995,2
205997,1
205998,1
206001,1
206003,2
206004,1
206005,1
206007,1
206010,1
206012,2
206013,1
206017,1
206018,3
206020,3
206022,3
206024,2
206025,2
206026,3
206028,3
206029,3
206031,3
206032,2
206034,2
206036,2
206038,2
206042,2
206045,2
206047,4
206048,3
206049,3
206050,2
206052,2
206054,2
206055,4
206057,4
206059,2
206061,2
206062,2
206064,2
206066,2
206068,2
206069,2
206072,4
206073,3
206074,3
206077,2
206082,1
206087,3
206088,3
206089,3
206091,3
206096,3
206098,2
206099,3
206101,3
206104,3
206106,2
206107,2
206108,2
206110,3
206111,3
206113,3
206114,2
206115,2
206116,2
206118,2
206119,2
206120,2
206122,2
206124,2
206125,2
206126,3
206128,3
206131,2
206132,2
206133,2
206135,2
206136,2
206137,2
206140,1
206142,3
206143,2
206149,3
206151,1
206154,2
206156,1
206158,2
206160,2
206161,3
206162,2
206163,2
206165,2
206167,2
206168,2
206170,2
206171,2
206172,3
206173,3
206174,3
206177,2
206181,3
206183,3
206184,3
206186,1
206187,1
206189,1
206190,2
206192,2
206194,2
206196,2
206197,2
206198,2
206201,2
206202,2
206203,2
206204,2
206207,2
206211,2
206213,3
206215,2
206217,3
206219,4
206220,4
206223,2
206224,1
206225,2
206227,2
206229,2
206230,1
206232,1
206234,2
206235,2
206236,2
206238,2
206239,1
206240,2
206241,2
206244,2
206245,2
206246,2
206247,1
206251,1
206252,1
206254,1
206255,1
206260,2
206261,2
206262,2
206267,2
206269,2
206270,2
206271,1
206272,2
206273,2
206274,2
206275,2
206277,2
206278,2
206280,2
206284,2
206291,2
206292,2
206293,2
206294,2
206295,1
206298,2
206299,1
206301,2
206305,1
206306,1
206309,2
206310,2
206312,2
206314,2
206315,2
206316,2
206318,2
206319,2
206320,2
206321,2
206322,2
206323,2
206325,2
206326,2
206328,2
206329,2
206330,2
206331,3
206333,3
206335,3
206337,3
206339,3
206341,2
206344,2
206346,2
206348,3
206349,2
206350,2
206351,2
206354,3
206355,3
206356,3
206357,3
206358,2
206360,2
206362,2
206363,2
206365,4
206366,4
206367,2
206369,2
206371,4
206372,2
206373,2
206374,2
206376,2
206378,2
206380,2
206381,2
206384,2
206385,2
206390,3
206393,3
206398,3
206401,3
206404,2
206412,2
206413,2
206415,2
206418,2
206420,2
206426,2
206427,2
206431,2
206432,2
206436,3
206438,3
206440,3
206442,3
206444,1
206446,2
206448,2
206450,2
206453,2
206454,2
206455,2
206459,2
206460,1
206465,2
206469,2
206471,2
206473,2
206474,2
206475,1
206476,2
206478,2
206479,2
206480,2
206481,2
206483,2
206484,2
206486,2
206487,2
206488,2
206489,2
206492,2
206493,2
206494,2
206497,2
206498,2
206499,1
206500,1
206503,4
206504,2
206506,3
206507,2
206508,1
206510,2
206511,2
206514,1
206515,1
206516,1
206518,2
206519,2
206521,2
206522,3
206524,2
206525,1
206527,1
206529,2
206530,2
206531,2
206532,2
206534,2
206535,2
206536,2
206537,2
206538,2
206540,2
206541,2
206542,2
206543,2
206548,3
206549,3
206551,3
206553,3
206554,3
206555,3
206557,2
206566,1
206567,3
206568,3
206569,2
206571,2
206574,2
206578,2
206580,2
206581,3
206582,1
206584,3
206587,2
206588,3
206589,2
206591,2
206592,2
206595,1
206596,1
206597,2
206600,2
206601,2
206603,2
206605,2
206608,2
206609,2
206611,2
206613,2
206614,4
206616,3
206619,2
206620,2
206621,2
206624,3
206628,4
206631,2
206634,4
206635,2
206636,2
206637,2
206638,3
206640,3
206643,3
206644,2
206646,3
206648,3
206649,2
206651,0
206652,3
206653,2
206654,2
206655,2
206658,2
206660,2
206662,2
206667,3
206669,3
206671,3
206672,3
206673,3
206676,2
206678,2
206679,2
206682,2
206683,2
206684,2
206688,3
206689,3
206692,3
206696,2
206697,3
206698,3
206700,3
206702,3
206704,2
206706,2
206707,2
206709,2
206711,2
206713,1
206714,1
206718,3
206720,1
206721,3
206723,0
206724,1
206726,2
206728,2
206729,2
206730,2
206732,2
206735,2
206740,2
206741,2
206744,2
206746,2
206747,1
206754,2
206757,2
206759,2
206761,2
206763,2
206768,2
206769,2
206770,2
206771,2
206773,2
206776,2
206780,2
206781,2
206783,2
206785,2
206786,2
206790,2
206793,2
206794,2
206798,3
206800,3
206802,2
206804,2
206806,2
206808,2
206809,2
206811,3
206813,2
206815,2
206816,2
206817,2
206818,2
206819,2
206821,2
206822,2
206824,2
206825,1
206827,1
206829,1
206831,1
206833,2
206834,1
206835,1
206837,1
206842,1
206845,1
206847,1
206848,1
206849,1
206850,1
206852,1
206853,2
206855,2
206856,2
206857,2
206859,2
206860,2
206861,2
206863,2
206865,2
206869,2
206870,2
206873,2
206874,2
206875,1
206876,3
206877,3
206878,2
206881,3
206883,3
206884,1
206886,1
206888,2
206890,2
206892,2
206894,2
206895,3
206896,3
206898,2
206900,3
206902,2
206903,2
206904,2
206906,2
206907,2
206908,2
206910,2
206912,2
206913,2
206914,2
206915,2
206918,2
206919,2
206923,0
206925,2
206926,2
206927,2
206930,2
206932,2
206933,2
206937,1
206938,1
206941,1
206943,1
206944,2
206946,1
206947,3
206949,3
206951,3
206952,2
206954,2
206959,2
206960,1
206961,2
206962,2
206963,1
206965,1
206967,3
206969,2
206972,2
206973,2
206974,2
206976,2
206978,2
206980,2
206981,2
206982,2
206984,2
206985,2
206986,2
206988,3
206990,4
206993,4
206995,4
206996,3
207000,2
207001,2
207003,2
207005,2
207007,2
207008,2
207010,2
207012,2
207013,2
207014,2
207015,3
207016,2
207017,2
207018,2
207019,3
207020,3
207024,2
207025,3
207027,3
207028,2
207030,3
207032,2
207034,2
207036,2
207040,3
207041,1
207043,1
207044,2
207045,2
207046,2
207048,3
207049,3
207051,3
207052,2
207053,2
207056,2
207058,3
207062,3
207063,2
207064,1
207066,2
207068,2
207069,2
207070,2
207072,2
207073,2
207074,2
207077,2
207078,2
207080,2
207081,3
207082,3
207084,3
207085,3
207086,2
207088,2
207090,2
207091,2
207093,2
207095,2
207096,2
207097,2
207100,2
207101,2
207103,3
207105,2
207106,2
207109,2
207110,1
207111,1
207113,1
207114,1
207116,4
207117,4
207119,3
207120,3
207122,2
207124,2
207126,2
207128,2
207129,2
207132,4
207136,2
207137,1
207138,1
207141,2
207142,2
207143,2
207145,2
207146,2
207147,2
207149,2
207150,2
207151,2
207152,2
207155,2
207158,2
207164,2
207165,2
207167,1
207168,2
207169,2
207171,2
207173,2
207174,2
207176,2
207177,2
207178,2
207179,2
207182,3
207184,2
207187,2
207188,2
207189,2
207192,2
207194,2
207196,2
207197,2
207199,3
207200,2
207202,2
207204,2
207206,3
207208,2
207209,3
207212,3
207213,2
207214,3
207217,3
207220,3
207225,2
207231,2
207232,2
207233,2
207235,2
207241,2
207244,2
207246,2
207248,2
207250,2
207251,2
207253,2
207254,2
207256,2
207258,2
207259,2
207260,2
207261,2
207262,2
207263,2
207266,2
207267,2
207268,1
207269,1
207271,1
207272,1
207274,2
207276,2
207277,2
207280,2
207282,2
207283,2
207284,2
207286,2
207288,2
207289,2
207290,2
207291,2
207294,2
207296,2
207298,2
207300,2
207301,2
207303,2
207304,2
207308,2
207309,2
207310,2
207311,2
207312,2
207313,2
207314,2
207316,2
207317,2
207319,3
207321,2
207324,2
207326,2
207328,2
207329,1
207330,1
207332,2
207333,2
207334,2
207335,2
207336,2
207337,2
207338,2
207341,2
207342,2
207344,2
207346,2
207347,2
207348,2
207350,2
207355,2
207356,2
207358,2
207360,2
207362,1
207363,1
207365,0
207369,1
207370,2
207372,2
207375,2
207376,2
207379,2
207381,2
207382,2
207384,2
207385,2
207386,2
207387,2
207388,2
207389,2
207390,2
207393,2
207395,2
207396,2
207397,2
207398,2
207399,2
207400,2
207402,2
207405,2
207406,2
207411,2
207412,2
207413,2
207414,2
207416,2
207418,2
207423,2
207427,2
207430,2
207431,2
207434,1
207435,2
207437,2
207439,2
207440,2
207441,2
207443,2
207444,2
207445,2
207446,2
207449,2
207450,2
207452,2
207454,2
207455,2
207456,2
207457,2
207459,2
207460,2
207462,2
207463,2
207465,2
207467,1
207468,2
207470,1
207471,1
207472,2
207475,2
207479,2
207482,2
207483,3
207484,3
207486,2
207487,3
207489,3
207490,3
207491,2
207494,3
207496,3
207497,3
207499,1
207500,1
207504,2
207505,2
207506,2
207507,2
207509,2
207510,2
207512,2
207513,2
207516,2
207522,2
207523,2
207528,2
207530,2
207533,2
207535,2
207538,2
207539,2
207540,2
207541,2
207542,2
207543,2
207545,0
207547,2
207548,2
207549,3
207550,2
207551,2
207553,2
207554,2
207557,1
207559,2
207560,3
207563,3
207565,2
207567,2
207568,2
207570,2
207571,2
207573,2
207574,2
207575,2
207576,2
207578,2
207580,2
207581,2
207582,2
207584,2
207585,3
207586,2
207587,2
207588,2
207589,2
207590,2
207591,3
207593,3
207597,1
207599,1
207601,0
207603,0
207604,2
207606,1
207608,1
207609,2
207610,2
207611,2
207615,2
207616,2
207620,2
207622,2
207626,3
207627,2
207629,2
207631,2
207633,2
207636,3
207639,3
207640,3
207642,2
207644,2
207649,3
207650,2
207651,2
207652,2
207654,2
207656,2
207658,2
207660,2
207661,2
207663,2
207664,3
207667,0
207668,1
207669,2
207670,2
207674,2
207676,2
207677,2
207678,2
207681,2
207682,0
207684,2
207685,2
207686,2
207688,2
207689,2
207691,2
207692,0
207696,2
207697,0
207698,2
207699,2
207701,2
207703,2
207704,2
207705,2
207706,2
207708,2
207709,2
207713,2
207714,2
207717,2
207720,2
207722,1
207723,2
207724,1
207726,1
207729,2
207730,1
207731,3
207733,1
207736,1
207737,2
207741,1
207742,1
207743,2
207744,2
207746,2
207749,2
207750,2
207752,2
207754,2
207755,2
207757,2
207758,2
207759,2
207762,2
207763,2
207764,3
207765,3
207766,2
207767,2
207768,3
207770,3
207772,3
207773,3
207775,2
207776,2
207777,2
207779,2
207780,3
207783,3
207785,3
207789,2
207790,2
207792,2
207793,2
207794,2
207796,2
207797,2
207798,2
207799,2
207801,2
207802,3
207804,2
207805,3
207807,2
207809,2
207810,2
207811,2
207813,2
207814,2
207817,2
207818,2
207822,2
207823,2
207825,2
207827,2
207829,2
207831,2
207834,2
207837,2
207838,3
207840,3
207843,2
207844,2
207845,2
207846,2
207850,2
207851,2
207853,2
207855,2
207856,2
207858,2
207859,2
207860,2
207863,2
207866,1
207867,2
207868,2
207869,2
207872,2
207873,2
207874,2
207875,2
207877,2
207878,2
207879,2
207881,2
207882,2
207883,1
207885,1
207888,2
207891,2
207892,1
207893,1
207894,1
207895,2
207896,2
207897,2
207899,2
207900,3
207902,3
207904,2
207905,2
207907,2
207916,2
207919,2
207922,2
207923,2
207924,2
207925,2
207926,2
207929,2
207931,2
207932,2
207933,2
207934,2
207937,2
207938,2
207939,2
207940,2
207944,1
207945,1
207946,1
207947,1
207949,2
207950,2
207951,1
207956,2
207957,0
207959,0
207960,0
207961,1
207962,0
207966,2
207968,2
207970,2
207972,2
207975,2
207976,2
207978,2
207979,2
207981,2
207985,3
207987,3
207990,3
207993,2
207994,3
207995,2
207996,2
208000,2
208001,2
208002,3
208003,3
208007,3
208008,3
208009,2
208012,2
208014,2
208016,2
208017,2
208019,2
208020,2
208024,3
208025,3
208026,2
208029,2
208032,2
208034,2
208037,2
208038,0
208041,2
208043,2
208044,2
208046,3
208047,2
208048,2
208049,2
208050,2
208051,3
208052,2
208055,2
208059,3
208060,2
208061,3
208063,3
208064,3
208066,2
208068,2
208072,2
208074,1
208076,1
208079,1
208082,1
208083,2
208084,2
208086,2
208089,1
208090,2
208091,2
208092,2
208093,2
208095,2
208096,2
208097,2
208098,3
208101,1
208104,3
208106,2
208107,3
208108,3
208110,3
208114,1
208117,1
208118,1
208119,2
208122,1
208124,1
208125,2
208127,2
208129,2
208131,2
208133,2
208134,2
208135,2
208136,2
208138,2
208139,2
208140,2
208141,2
208143,2
208144,2
208146,2
208147,2
208148,2
208151,2
208152,2
208153,2
208155,2
208157,2
208158,3
208159,2
208162,3
208166,3
208169,4
208171,2
208174,2
208175,2
208177,2
208180,2
208181,2
208183,0
208184,0
208186,2
208187,0
208189,0
208190,0
208192,2
208194,2
208197,2
208198,2
208200,2
208202,2
208203,2
208207,1
208209,2
208210,1
208213,3
208215,3
208218,2
208219,3
208222,2
208225,3
208226,3
208228,3
208230,2
208231,3
208232,2
208233,2
208234,2
208235,2
208238,2
208239,2
208241,2
208244,2
208245,2
208247,2
208248,2
208250,3
208251,2
208252,2
208253,2
208254,2
208256,2
208257,3
208260,3
208262,2
208266,1
208267,2
208268,2
208269,2
208272,2
208277,1
208281,2
208282,2
208284,2
208286,1
208287,1
208288,1
208292,1
208294,2
208298,1
208299,2
208300,2
208302,2
208303,2
208305,2
208306,2
208307,2
208309,2
208311,3
208312,3
208313,3
208314,3
208316,3
208319,2
208324,2
208325,2
208327,2
208331,3
208333,3
208336,2
208337,2
208339,3
208341,3
208343,3
208344,3
208346,2
208348,3
208350,2
208351,1
208353,1
208356,3
208357,2
208358,2
208360,3
208365,2
208367,2
208370,3
208371,3
208374,3
208376,3
208377,2
208379,2
208380,2
208382,2
208383,2
208385,2
208386,2
208388,2
208389,3
208390,3
208392,3
208393,3
208394,3
208396,3
208398,2
208399,2
208401,2
208403,2
208404,2
208406,2
208407,2
208408,2
208409,2
208410,3
208412,3
208414,3
208415,3
208418,2
208420,2
208421,2
208423,3
208425,3
208426,3
208428,3
208430,3
208433,2
208435,1
208436,1
208439,2
208440,3
208442,1
208443,2
208445,3
208447,2
208448,3
208449,3
208451,2
208452,2
208455,3
208457,3
208458,3
208459,3
208461,2
208463,2
208464,2
208466,2
208467,2
208468,2
208470,2
208471,2
208475,2
208478,2
208479,2
208481,2
208483,2
208484,2
208485,2
208486,2
208487,2
208488,2
208490,2
208491,2
208492,2
208493,2
208494,3
208496,3
208499,3
208501,2
208502,2
208503,2
208505,1
208506,2
208507,2
208508,1
208509,2
208510,1
208511,2
208512,2
208514,2
208516,2
208517,2
208520,1
208522,1
208524,1
208525,1
208527,1
208529,1
208532,2
208536,3
208537,2
208540,2
208542,3
208545,2
208547,2
208550,2
208553,2
208557,1
208558,1
208560,2
208562,2
208564,2
208566,3
208569,2
208570,2
208572,2
208575,2
208578,2
208579,2
208581,2
208582,2
208583,2
208584,2
208587,2
208588,0
208589,2
208590,3
208592,1
208596,1
208599,1
208600,2
208601,2
208602,2
208604,2
208607,2
208608,2
208609,2
208610,2
208611,2
208612,2
208613,2
208614,2
208615,2
208617,2
208618,2
208621,2
208622,1
208623,2
208624,2
208627,2
208628,2
208629,1
208634,1
208636,1
208638,2
208640,2
208642,2
208645,2
208646,3
208648,4
208651,3
208652,2
208653,2
208655,2
208656,2
208658,2
208659,2
208661,2
208663,2
208665,2
208666,2
208668,2
208670,1
208672,2
208674,3
208677,2
208679,2
208682,2
208683,2
208686,2
208687,2
208688,3
208689,3
208690,3
208692,3
208693,2
208694,2
208696,3
208698,2
208699,2
208700,2
208701,1
208702,2
208703,2
208704,2
208705,1
208708,2
208710,2
208711,2
208714,2
208716,2
208719,2
208720,2
208721,2
208723,2
208724,2
208726,2
208729,3
208730,3
208732,2
208733,3
208735,2
208737,2
208738,4
208740,4
208743,1
208746,2
208748,2
208749,2
208750,2
208753,1
208754,2
208755,1
208757,1
208758,1
208759,1
208761,2
208762,1
208763,2
208765,2
208766,2
208767,2
208769,2
208770,2
208771,2
208772,2
208773,2
208774,2
208775,1
208776,1
208778,1
208780,1
208782,2
208784,2
208785,1
208786,1
208788,2
208789,2
208790,2
208792,3
208793,3
208797,2
208798,2
208800,2
208801,2
208802,2
208803,2
208804,2
208805,2
208808,2
208810,2
208811,2
208812,2
208814,2
208817,1
208818,2
208819,2
208821,2
208822,2
208823,1
208826,1
208828,2
208829,2
208832,1
208833,1
208835,1
208838,2
208839,2
208841,2
208842,3
208844,2
208847,2
208848,2
208852,2
208853,2
208854,2
208856,3
208859,2
208860,2
208861,2
208863,2
208864,2
208867,3
208868,3
208870,3
208873,4
208875,2
208876,2
208879,2
208881,2
208883,2
208884,2
208886,2
208887,2
208889,2
208891,2
208894,2
208896,2
208897,2
208899,2
208902,2
208907,2
208908,2
208910,2
208911,1
208912,1
208914,1
208918,2
208920,2
208922,2
208924,2
208925,2
208927,2
208928,2
208929,2
208932,2
208934,2
208936,2
208937,2
208938,2
208939,2
208940,2
208941,1
208942,1
208943,1
208946,3
208947,3
208949,2
208952,3
208955,2
208957,0
208959,2
208962,2
208963,2
208964,0
208965,3
208966,3
208968,2
208970,2
208972,2
208973,2
208976,1
208978,2
208979,1
208980,1
208982,3
208983,2
208984,3
208985,2
208987,2
208988,3
208990,2
208992,3
208994,2
208995,2
208996,2
208998,3
208999,3
209000,2
209002,2
209005,2
209007,1
209008,1
209010,1
209012,2
209013,1
209014,2
209015,1
209016,1
209019,3
209020,2
209022,3
209025,4
209026,4
209031,2
209033,3
209035,2
209037,2
209039,2
209043,2
209044,2
209045,2
209047,2
209049,2
209050,2
209051,2
209053,2
209055,2
209057,2
209058,2
209061,3
209065,2
209069,3
209070,2
209071,2
209074,2
209075,2
209076,3
209080,2
209082,2
209083,2
209085,2
209090,2
209092,2
209095,2
209096,2
209099,2
209101,2
209105,2
209107,2
209109,2
209111,1
209114,0
209116,4
209117,4
209120,4
209122,4
209124,2
209125,3
209127,3
209128,2
209129,2
209130,2
209133,2
209135,2
209136,2
209137,1
209138,1
209145,2
209147,2
209149,2
209152,2
209153,2
209154,2
209155,2
209157,2
209158,2
209161,2
209164,2
209165,2
209166,2
209169,2
209170,2
209171,2
209173,2
209175,2
209176,2
209178,2
209179,2
209181,3
209183,3
209185,3
209186,2
209188,2
209189,2
209190,2
209191,2
209192,2
209193,2
209196,2
209197,2
209198,2
209199,2
209201,2
209202,2
209203,2
209204,2
209205,2
209206,2
209207,2
209208,2
209209,3
209210,3
209212,2
209214,2
209215,2
209218,2
209220,2
209221,2
209222,2
209224,2
209226,2
209227,1
209228,1
209232,2
209233,2
209234,2
209235,2
209236,2
209241,2
209243,2
209246,2
209248,2
209249,1
209250,2
209251,2
209252,2
209253,2
209256,2
209259,2
209260,2
209261,2
209262,1
209266,2
209267,1
209268,2
209269,2
209270,2
209271,2
209272,2
209273,2
209274,2
209275,3
209277,2
209279,2
209280,3
209283,2
209288,2
209292,3
209293,4
209294,2
209295,4
209297,4
209299,2
209300,2
209302,4
209305,4
209306,3
209308,2
209309,3
209311,2
209312,3
209313,1
209315,2
209316,2
209318,3
209319,3
209320,2
209322,2
209324,1
209327,2
209328,2
209330,2
209331,2
209332,1
209333,2
209334,2
209335,2
209336,2
209337,2
209340,2
209342,1
209345,1
209354,1
209356,2
209357,2
209358,2
209360,2
209361,2
209362,2
209363,2
209364,2
209365,2
209366,2
209369,2
209371,2
209373,2
209374,2
209375,2
209377,1
209378,2
209380,2
209384,2
209386,2
209387,2
209391,2
209397,2
209399,2
209401,2
209403,2
209404,2
209405,2
209406,2
209408,2
209410,2
209412,2
209413,2
209414,2
209416,2
209419,2
209422,2
209426,2
209427,2
209428,0
209429,2
209430,4
209432,2
209433,2
209434,4
209436,4
209438,0
209440,0
209441,0
209442,2
209443,0
209446,2
209447,0
209448,2
209449,2
209450,2
209451,2
209452,2
209455,2
209457,2
209461,2
209462,2
209465,2
209467,2
209468,2
209469,2
209471,2
209473,2
209477,2
209478,2
209480,2
209481,2
209482,2
209483,2
209484,2
209485,2
209486,1
209488,1
209489,2
209490,2
209493,2
209496,2
209498,2
209499,2
209500,2
209503,2
209504,2
209507,2
209508,2
209510,2
209513,2
209520,2
209521,2
209527,2
209529,2
209530,2
209531,2
209533,2
209534,2
209536,2
209537,3
209539,3
209540,2
209542,2
209544,2
209545,2
209546,2
209547,2
209549,2
209554,2
209555,2
209558,2
209560,2
209561,2
209564,2
209566,2
209568,2
209569,2
209572,2
209575,2
209577,2
209580,3
209581,1
209583,3
209584,3
209585,3
209588,3
209589,3
209590,1
209591,1
209593,1
209594,1
209595,1
209596,2
209597,3
209600,4
209601,2
209602,3
209603,3
209604,2
209607,2
209608,4
209609,2
209613,4
209614,2
209616,2
209617,2
209618,2
209619,3
209624,2
209625,3
209627,4
209629,3
209631,2
209632,1
209634,2
209636,2
209638,2
209640,2
209643,2
209646,2
209648,2
209649,2
209652,2
209653,1
209654,1
209656,2
209658,2
209659,2
209660,0
209661,0
209664,0
209666,0
209668,0
209669,2
209670,2
209671,2
209672,2
209674,2
209675,2
209678,2
209681,2
209682,2
209684,2
209686,2
209687,2
209688,2
209691,2
209692,2
209693,2
209694,2
209697,2
209698,2
209699,2
209700,2
209701,2
209704,3
209705,3
209706,3
209708,2
209710,2
209712,3
209714,3
209715,3
209716,2
209720,2
209721,2
209723,2
209725,2
209728,3
209730,3
209731,3
209732,2
209733,3
209734,3
209737,3
209738,3
209740,2
209742,2
209744,2
209746,2
209748,2
209749,2
209751,2
209754,2
209756,2
209757,2
209760,3
209762,1
209765,1
209766,3
209767,1
209768,1
209772,3
209779,3
209782,3
209784,3
209787,1
209788,1
209789,3
209790,4
209791,4
209792,4
209793,2
209795,1
209796,1
209798,3
209800,2
209802,2
209806,2
209808,2
209809,2
209810,2
209812,3
209813,3
209816,2
209820,3
209821,3
209823,2
209824,1
209825,2
209826,2
209827,2
209828,2
209830,2
209831,2
209833,2
209834,1
209837,2
209838,1
209840,2
209842,1
209843,2
209844,1
209845,2
209846,1
209847,2
209849,2
209850,2
209851,2
209852,2
209857,2
209859,2
209860,3
209861,3
209864,3
209866,2
209869,2
209871,2
209872,2
209873,2
209875,2
209878,2
209880,2
209882,2
209884,2
209885,2
209886,2
209887,2
209888,2
209891,2
209892,3
209893,2
209894,3
209895,2
209896,2
209898,2
209899,2
209900,2
209903,2
209904,2
209905,2
209906,2
209909,2
209910,2
209911,3
209912,2
209913,2
209914,3
209916,2
209917,2
209920,2
209925,2
209926,2
209927,2
209928,2
209930,2
209931,2
209933,2
209934,2
209935,2
209936,2
209937,2
209938,2
209943,2
209944,2
209945,2
209947,2
209949,2
209951,2
209955,2
209958,2
209959,2
209960,1
209961,2
209964,2
209965,2
209967,2
209969,2
209971,2
209972,2
209974,2
209975,2
209976,1
209979,2
209980,2
209982,2
209984,2
209985,2
209987,2
209989,4
209991,4
209992,4
209994,4
209996,2
209997,2
209999,2
210000,2
210002,3
210005,2
210006,2
210007,2
210008,2
210009,2
210011,3
210012,3
210013,2
210014,3
210020,2
210023,2
210024,2
210025,2
210027,2
210029,2
210032,1
210033,1
210036,1
210039,2
210040,2
210043,2
210046,2
210050,3
210052,2
210053,2
210054,2
210055,2
210056,1
210057,2
210058,2
210059,2
210061,2
210063,2
210065,2
210067,2
210068,2
210069,2
210070,2
210071,2
210073,2
210075,2
210076,2
210077,2
210079,1
210081,2
210083,2
210084,2
210085,2
210087,2
210089,2
210090,2
210091,2
210092,2
210093,2
210094,2
210096,4
210097,2
210102,2
210103,2
210104,2
210105,2
210106,2
210107,2
210109,2
210112,1
210113,2
210114,2
210117,2
210118,2
210119,2
210124,1
210128,1
210132,1
210133,2
210134,2
210136,2
210137,3
210139,2
210140,1
210141,3
210143,1
210146,2
210148,1
210149,3
210153,2
210155,2
210156,2
210158,2
210161,3
210162,2
210163,3
210164,3
210166,2
210168,2
210169,3
210173,4
210174,4
210177,4
210179,2
210180,2
210182,2
210183,2
210185,1
210187,1
210189,1
210191,3
210192,1
210193,0
210196,1
210198,2
210199,3
210200,2
210201,1
210202,2
210203,2
210204,1
210206,1
210208,2
210209,2
210212,1
210215,2
210227,2
210228,2
210229,2
210231,2
210232,3
210233,3
210234,3
210235,3
210238,3
210240,2
210242,2
210243,2
210244,2
210248,2
210250,2
210253,2
210254,2
210256,2
210257,2
210262,3
210263,3
210265,3
210267,4
210270,4
210272,2
210273,2
210274,3
210275,3
210277,3
210280,3
210282,2
210285,2
210286,2
210287,3
210290,2
210296,2
210301,2
210306,4
210308,4
210311,2
210312,2
210313,2
210314,2
210317,2
210320,2
210321,2
210324,2
210325,2
210331,2
210332,2
210333,2
210335,2
210336,2
210337,2
210338,2
210339,2
210340,2
210341,2
210344,2
210345,2
210349,3
210350,2
210354,2
210355,2
210359,2
210361,2
210362,2
210363,2
210364,2
210365,2
210366,2
210367,2
210369,2
210373,2
210374,2
210375,2
210376,2
210377,2
210378,2
210379,2
210380,2
210383,2
210384,2
210386,2
210389,2
210390,2
210393,3
210394,2
210395,2
210396,3
210397,2
210398,2
210401,3
210405,3
210406,3
210408,3
210410,2
210411,2
210412,2
210415,2
210416,2
210417,2
210418,2
210420,2
210421,2
210422,2
210423,2
210426,2
210427,2
210429,2
210432,2
210434,2
210436,2
210440,4
210441,2
210442,2
210443,2
210445,2
210446,2
210450,4
210452,2
210453,2
210455,2
210458,4
210461,2
210462,4
210464,3
210467,4
210468,3
210470,2
210472,4
210473,4
210474,3
210475,2
210476,2
210478,3
210482,2
210483,2
210484,2
210486,2
210487,2
210489,2
210491,2
210492,2
210494,2
210495,2
210496,1
210497,1
210498,2
210501,2
210502,2
210503,2
210506,2
210507,1
210509,3
210511,3
210513,2
210514,1
210516,1
210518,2
210519,2
210524,2
210528,2
210529,2
210530,2
210532,2
210533,2
210535,2
210537,2
210538,2
210539,2
210540,2
210542,3
210544,3
210545,3
210547,2
210548,2
210550,2
210553,2
210555,2
210557,2
210558,3
210560,3
210562,3
210563,2
210564,2
210565,2
210566,2
210568,2
210569,3
210570,2
210571,3
210572,3
210573,2
210575,1
210577,1
210578,1
210579,2
210580,2
210581,1
210583,2
210586,2
210587,2
210588,2
210589,2
210590,4
210592,4
210594,4
210595,2
210596,1
210597,1
210598,1
210600,2
210601,2
210603,2
210604,2
210609,2
210610,2
210611,2
210613,2
210614,2
210616,2
210618,3
210619,3
210620,3
210621,2
210622,2
210623,2
210624,2
210625,2
210627,2
210628,2
210629,2
210633,1
210634,1
210635,1
210636,1
210637,2
210639,2
210641,2
210643,2
210646,2
210647,2
210649,2
210650,1
210651,1
210654,1
210655,1
210657,1
210661,2
210662,1
210664,1
210666,0
210668,3
210670,1
210671,1
210672,2
210673,3
210674,2
210677,2
210678,2
210680,3
210684,2
210686,2
210687,3
210688,2
210689,2
210690,2
210692,2
210693,3
210697,2
210698,2
210700,2
210702,1
210706,1
210708,1
210709,2
210711,2
210713,2
210714,2
210720,2
210721,2
210724,2
210725,2
210727,2
210729,2
210730,2
210732,2
210733,2
210735,2
210736,2
210737,2
210739,2
210741,2
210742,2
210744,3
210745,2
210746,3
210747,2
210748,3
210750,2
210754,2
210755,2
210757,3
210760,2
210762,2
210763,2
210764,2
210767,2
210768,2
210770,2
210771,2
210772,2
210774,2
210777,2
210778,2
210780,2
210781,2
210782,2
210785,2
210787,2
210789,2
210791,2
210792,2
210793,2
210794,2
210797,2
210798,2
210801,1
210802,1
210803,1
210804,2
210805,2
210806,2
210807,2
210809,1
210811,2
210813,2
210815,2
210817,2
210819,2
210821,2
210822,2
210825,2
210828,2
210833,2
210842,2
210843,2
210844,2
210845,2
210848,2
210851,2
210853,2
210857,2
210858,2
210860,2
210862,2
210864,2
210865,2
210866,2
210868,2
210869,3
210870,3
210871,3
210873,3
210875,2
210877,2
210879,2
210880,2
210882,2
210883,2
210885,2
210891,3
210894,3
210896,3
210898,3
210900,3
210901,3
210906,3
210907,3
210908,2
210909,2
210910,3
210912,3
210914,3
210916,2
210919,2
210921,2
210922,2
210923,2
210924,2
210926,2
210928,2
210929,2
210930,2
210931,2
210933,2
210934,2
210937,2
210939,3
210941,3
210944,3
210945,3
210946,3
210947,2
210948,2
210951,2
210953,2
210955,2
210956,2
210958,2
210960,2
210962,4
210963,3
210965,4
210967,2
210968,2
210969,2
210971,2
210973,2
210975,3
210981,2
210982,2
210985,2
210986,2
210987,2
210988,2
210989,2
210992,3
210993,1
210994,3
210995,3
210998,2
210999,2
211000,2
211002,2
211003,2
211005,2
211006,2
211010,2
211011,2
211014,4
211016,2
211018,2
211019,2
211020,2
211023,1
211024,1
211027,2
211030,1
211031,0
211032,2
211033,2
211036,2
211037,2
211038,2
211040,1
211042,2
211043,2
211045,2
211047,2
211050,1
211051,2
211052,1
211053,2
211057,3
211058,3
211059,3
211061,3
211062,2
211063,3
211065,3
211068,2
211070,2
211071,2
211073,2
211074,2
211075,2
211077,2
211078,2
211080,2
211081,2
211083,2
211084,1
211086,2
211087,2
211088,2
211089,2
211090,2
211092,2
211096,2
211101,2
211103,2
211104,3
211107,3
211108,3
211110,3
211111,3
211112,3
211113,3
211117,3
211119,2
211123,3
211124,3
211125,2
211126,3
211127,3
211130,2
211133,2
211135,3
211138,4
211140,4
211141,3
211143,2
211144,2
211145,2
211146,3
211147,2
211149,2
211151,2
211152,2
211153,4
211154,4
211155,2
211157,2
211158,2
211160,2
211161,2
211163,2
211165,2
211168,3
211169,2
211170,2
211171,2
211174,3
211176,2
211179,2
211183,2
211184,2
211185,3
211186,2
211187,2
211188,2
211190,3
211192,4
211194,2
211197,2
211198,2
211199,2
211200,2
211201,2
211203,2
211204,2
211205,2
211206,2
211208,2
211209,2
211210,2
211211,2
211213,2
211214,2
211215,2
211216,2
211217,2
211219,2
211220,2
211221,2
211222,2
211226,2
211228,2
211230,2
211232,2
211234,2
211236,2
211238,2
211240,2
211241,2
211242,2
211243,2
211246,2
211251,1
211252,2
211255,2
211256,1
211259,2
211260,2
211261,2
211262,2
211264,2
211265,2
211266,1
211267,1
211268,1
211269,1
211271,4
211272,2
211273,2
211275,2
211276,4
211278,2
211279,4
211282,3
211286,3
211287,2
211288,2
211291,2
211292,2
211295,2
211296,2
211297,2
211298,2
211300,2
211301,2
211302,2
211304,2
211305,1
211307,1
211311,1
211313,1
211315,2
211317,2
211318,3
211319,2
211320,2
211322,2
211324,2
211325,2
211327,1
211329,0
211330,2
211332,2
211333,0
211336,2
211339,2
211340,2
211342,2
211344,2
211345,2
211348,2
211349,2
211350,2
211354,2
211355,2
211356,1
211357,2
211358,2
211359,2
211360,2
211361,2
211363,2
211364,3
211365,2
211366,2
211367,3
211370,3
211372,2
211374,2
211375,2
211377,2
211378,2
211380,2
211383,2
211385,3
211388,4
211390,3
211393,3
211394,3
211396,2
211398,2
211401,2
211402,3
211403,2
211405,2
211406,2
211407,2
211409,2
211410,2
211411,2
211413,2
211414,2
211415,2
211417,2
211419,2
211421,2
211424,3
211425,3
211426,3
211429,3
211431,3
211433,3
211434,3
211436,1
211438,2
211439,2
211441,3
211444,3
211447,3
211448,3
211451,3
211453,3
211454,2
211455,2
211457,2
211460,2
211461,2
211462,2
211464,2
211467,2
211469,2
211470,2
211471,2
211472,2
211474,2
211476,2
211477,2
211478,2
211480,4
211481,4
211482,4
211484,3
211485,3
211487,2
211488,2
211500,3
211501,3
211505,3
211507,2
211508,3
211509,3
211511,3
211512,3
211514,3
211515,2
211516,2
211517,2
211518,2
211519,2
211520,2
211522,2
211525,2
211527,2
211529,2
211530,2
211531,2
211534,1
211536,2
211537,2
211539,2
211540,2
211542,2
211544,2
211546,2
211547,2
211548,3
211549,2
211550,3
211551,1
211552,2
211553,2
211554,4
211555,4
211556,3
211558,1
211560,2
211562,2
211563,1
211565,1
211568,2
211570,2
211572,2
211574,2
211577,2
211578,2
211579,1
211580,1
211581,1
211583,2
211586,2
211587,2
211589,1
211590,1
211592,2
211596,2
211597,2
211598,2
211599,2
211602,2
211603,2
211604,3
211606,3
211607,3
211608,3
211609,2
211611,2
211613,2
211616,2
211617,2
211621,1
211623,2
211625,2
211626,2
211629,2
211631,2
211633,2
211634,2
211636,3
211638,3
211640,3
211642,3
211644,3
211647,3
211648,2
211649,2
211651,2
211652,3
211654,3
211655,3
211656,2
211658,2
211659,2
211661,2
211662,2
211664,2
211665,2
211668,3
211669,3
211674,2
211676,2
211679,2
211680,2
211681,2
211682,2
211684,2
211686,2
211687,2
211688,2
211691,2
211693,2
211694,2
211696,1
211698,1
211700,1
211702,2
211704,2
211705,2
211707,2
211708,2
211709,2
211711,2
211712,2
211714,0
211716,0
211718,0
211720,0
211722,0
211725,1
211726,3
211727,2
211730,2
211734,3
211736,2
211738,2
211739,2
211741,2
211742,2
211743,2
211744,2
211746,3
211747,2
211751,3
211753,3
211755,3
211756,2
211757,3
211758,3
211760,3
211761,2
211764,2
211767,0
211768,0
211770,2
211772,2
211773,2
211775,3
211776,1
211780,1
211782,2
211783,3
211784,3
211786,2
211789,2
211794,3
211795,3
211798,3
211800,1
211801,1
211802,1
211804,2
211806,2
211808,2
211809,2
211812,2
211814,4
211815,3
211817,3
211822,2
211823,3
211824,2
211825,4
211832,2
211834,1
211835,1
211837,1
211840,2
211843,2
211844,2
211845,2
211846,4
211847,1
211849,4
211854,3
211855,3
211857,2
211858,3
211861,1
211862,2
211863,2
211864,1
211866,1
211868,2
211870,2
211871,2
211872,2
211873,2
211875,2
211876,3
211877,1
211879,2
211880,2
211882,2
211883,2
211889,3
211892,3
211893,3
211895,3
211898,3
211899,3
211900,3
211902,3
211903,3
211905,2
211906,2
211909,2
211910,2
211911,2
211912,2
211914,2
211916,2
211917,2
211919,2
211920,2
211921,2
211922,2
211924,2
211925,2
211927,2
211929,2
211931,2
211932,2
211935,2
211938,3
211939,3
211942,2
211944,3
211945,2
211946,3
211950,3
211952,3
211953,2
211956,3
211957,3
211961,3
211962,3
211964,3
211968,3
211969,2
211973,2
211975,3
211976,2
211979,3
211981,3
211982,3
211986,3
211989,2
211991,2
211992,2
211995,2
211996,2
211997,2
212000,2
212001,2
212003,2
212007,2
212009,2
212011,2
212012,2
212014,2
212017,2
212018,2
212019,3
212020,2
212021,2
212023,2
212026,2
212027,2
212029,2
212031,2
212033,2
212034,4
212035,4
212037,1
212038,1
212039,1
212040,4
212041,4
212042,2
212043,4
212044,2
212045,2
212046,4
212048,4
212049,4
212050,2
212051,2
212053,2
212055,4
212056,2
212057,2
212060,2
212062,2
212063,2
212064,2
212065,2
212066,3
212067,4
212068,4
212070,3
212072,3
212073,2
212075,2
212077,2
212080,2
212082,2
212085,2
212086,2
212087,4
212089,3
212091,3
212092,2
212093,4
212095,2
212097,2
212098,2
212099,2
212101,3
212102,2
212103,3
212105,2
212108,2
212109,2
212110,2
212112,3
212113,2
212114,1
212116,1
212119,1
212120,2
212121,2
212122,2
212123,2
212125,2
212128,1
212129,2
212130,2
212132,2
212133,2
212134,4
212137,2
212139,2
212140,2
212142,2
212144,2
212148,2
212149,2
212152,2
212155,3
212157,2
212162,3
212163,3
212164,2
212165,3
212166,2
212171,2
212172,3
212174,2
212176,2
212178,1
212179,2
212180,2
212182,2
212184,4
212185,2
212186,4
212187,4
212190,4
212192,2
212193,2
212195,2
212197,2
212198,2
212200,2
212203,2
212204,2
212205,2
212207,2
212210,2
212211,2
212212,2
212213,3
212215,2
212217,3
212218,2
212220,2
212223,4
212224,2
212227,4
212228,4
212229,4
212231,3
212232,4
212235,2
212237,2
212240,2
212242,2
212243,2
212246,2
212247,3
212248,2
212250,2
212253,2
212256,2
212257,2
212258,3
212261,2
212262,2
212263,2
212264,3
212266,3
212268,2
212270,2
212271,3
212273,3
212275,3
212277,4
212278,3
212279,3
212281,2
212283,3
212286,2
212288,2
212290,2
212292,2
212293,2
212295,2
212297,2
212298,4
212300,1
212301,1
212302,1
212304,1
212306,1
212308,2
212309,2
212311,2
212313,3
212314,2
212315,2
212316,2
212317,2
212319,2
212320,2
212321,2
212323,2
212326,3
212327,3
212328,3
212332,3
212333,3
212335,2
212338,2
212343,2
212344,2
212346,2
212347,2
212348,2
212349,2
212351,2
212352,2
212354,2
212357,2
212358,2
212361,2
212363,2
212364,2
212365,2
212367,2
212370,2
212371,3
212372,3
212374,2
212375,2
212377,2
212379,2
212380,2
212383,2
212384,2
212389,2
212391,2
212393,2
212395,2
212397,1
212398,1
212399,2
212400,2
212401,3
212403,1
212406,3
212407,2
212408,2
212409,2
212410,2
212413,3
212414,3
212417,2
212418,2
212421,2
212423,2
212424,2
212426,2
212430,2
212433,2
212435,2
212436,2
212437,2
212439,2
212440,2
212441,2
212442,2
212444,2
212445,3
212447,2
212450,2
212451,3
212452,2
212454,2
212457,2
212459,3
212460,2
212461,3
212462,2
212463,2
212466,2
212467,2
212469,2
212470,2
212472,2
212476,1
212477,2
212478,2
212479,2
212481,1
212484,1
212486,2
212487,1
212489,2
212490,1
212491,2
212493,1
212494,1
212496,1
212497,1
212500,3
212501,2
212508,2
212509,2
212512,2
212515,2
212519,2
212522,2
212523,2
212526,2
212527,3
212528,3
212529,3
212530,3
212534,3
212538,3
212540,1
212541,1
212545,1
212546,1
212549,3
212551,2
212553,2
212556,2
212557,2
212558,2
212559,2
212560,2
212561,2
212565,2
212566,2
212568,2
212569,2
212570,2
212571,2
212575,3
212578,2
212579,3
212581,4
212584,3
212585,2
212586,3
212589,3
212592,3
212593,3
212594,3
212595,3
212597,2
212598,3
212603,2
212604,2
212605,2
212609,2
212617,3
212618,3
212620,1
212622,3
212626,3
212629,4
212630,4
212632,0
212634,2
212636,2
212639,3
212642,2
212647,2
212649,2
212650,2
212651,2
212652,2
212657,2
212658,2
212661,2
212662,2
212663,2
212664,2
212665,2
212666,2
212667,2
212670,2
212671,3
212673,2
212675,2
212676,2
212677,2
212679,1
212681,2
212682,1
212683,1
212684,2
212685,2
212686,2
212687,2
212688,2
212689,2
212691,2
212692,2
212693,3
212695,3
212697,3
212700,3
212702,3
212704,2
212705,2
212708,2
212710,2
212711,2
212712,2
212717,3
212719,2
212721,2
212722,3
212724,3
212726,2
212727,4
212728,4
212731,3
212732,3
212734,3
212735,3
212736,3
212738,2
212740,3
212742,3
212744,2
212746,2
212751,3
212754,3
212756,3
212758,3
212760,3
212767,2
212768,2
212769,2
212771,2
212772,2
212774,2
212775,2
212776,2
212778,2
212779,2
212782,3
212784,2
212785,2
212786,2
212787,2
212788,3
212790,2
212793,2
212795,2
212799,2
212800,2
212801,2
212802,2
212805,3
212807,2
212810,2
212811,2
212814,3
212815,2
212817,3
212821,2
212823,2
212826,1
212827,0
212828,2
212829,2
212830,2
212831,1
212834,1
212836,1
212839,4
212840,4
212842,4
212844,2
212845,2
212846,3
212848,3
212850,3
212852,3
212854,2
212858,4
212860,4
212862,2
212863,4
212866,3
212868,3
212869,3
212870,3
212871,2
212875,3
212876,3
212877,3
212878,3
212882,3
212883,2
212885,2
212888,2
212890,2
212892,3
212893,2
212896,1
212897,2
212898,2
212900,2
212901,2
212902,2
212903,2
212905,1
212909,3
212911,2
212912,2
212914,2
212915,3
212916,3
212917,2
212918,2
212920,2
212922,3
212923,3
212925,3
212928,3
212930,3
212931,2
212932,3
212934,3
212936,2
212937,2
212938,2
212942,3
212946,2
212949,2
212950,2
212951,3
212952,3
212953,3
212954,3
212957,3
212960,1
212962,3
212963,2
212966,1
212969,2
212971,1
212974,3
212976,3
212979,1
212981,1
212984,1
212987,1
212989,1
212990,2
212991,2
212993,3
212995,3
212999,3
213000,3
213003,3
213008,1
213009,1
213015,2
213020,3
213022,2
213025,2
213026,2
213027,2
213028,2
213030,2
213031,2
213032,2
213033,2
213034,2
213035,2
213036,2
213037,3
213040,3
213041,2
213043,3
213044,2
213045,2
213047,2
213050,2
213051,2
213052,2
213054,3
213056,2
213058,2
213059,3
213061,3
213062,3
213063,2
213064,1
213065,1
213068,1
213070,1
213072,2
213073,2
213075,2
213080,2
213081,2
213082,2
213083,2
213084,2
213085,2
213086,2
213088,2
213090,2
213092,2
213093,2
213098,2
213099,2
213101,2
213102,2
213104,2
213108,2
213112,2
213113,2
213118,3
213119,3
213120,3
213122,2
213126,2
213127,3
213132,2
213135,3
213136,3
213138,3
213139,3
213140,4
213141,3
213143,3
213149,2
213150,2
213151,2
213153,2
213155,2
213156,2
213159,2
213164,3
213167,3
213169,2
213170,2
213171,2
213172,2
213174,2
213176,3
213179,2
213180,3
213182,3
213184,3
213185,3
213188,1
213190,1
213191,3
213193,3
213194,3
213195,2
213196,2
213197,2
213198,2
213200,3
213202,2
213203,2
213205,3
213206,3
213207,2
213209,2
213211,2
213212,2
213213,0
213214,0
213217,2
213218,2
213219,0
213220,2
213222,2
213223,1
213225,0
213227,2
213228,2
213230,2
213232,2
213234,2
213235,3
213236,3
213237,3
213240,2
213242,2
213245,2
213248,2
213249,2
213252,2
213253,2
213254,3
213257,3
213258,2
213260,2
213261,2
213264,2
213265,2
213267,3
213268,3
213269,3
213271,3
213272,3
213274,2
213277,3
213278,2
213280,3
213282,2
213284,3
213286,3
213289,2
213290,2
213291,2
213292,2
213294,2
213295,2
213296,4
213297,2
213298,2
213299,2
213300,2
213301,2
213304,2
213305,2
213306,4
213308,4
213310,4
213311,2
213313,2
213315,3
213316,3
213317,3
213318,3
213320,3
213321,2
213323,2
213324,2
213325,2
213326,2
213328,0
213330,2
213331,2
213333,2
213334,2
213337,3
213341,3
213342,2
213343,2
213345,2
213346,3
213349,1
213351,1
213354,2
213355,1
213356,1
213357,2
213359,2
213360,2
213363,2
213365,2
213366,2
213367,2
213370,2
213371,2
213373,2
213376,2
213377,2
213381,2
213382,2
213383,2
213384,2
213385,2
213386,2
213387,2
213388,2
213389,2
213391,1
213392,2
213394,2
213395,2
213396,2
213399,2
213402,2
213403,2
213405,2
213407,2
213410,2
213412,2
213414,2
213416,2
213418,2
213421,2
213422,2
213423,2
213426,2
213427,3
213431,1
213433,1
213436,2
213437,3
213440,2
213441,2
213442,2
213443,2
213445,3
213446,2
213448,2
213449,2
213452,2
213454,2
213455,2
213458,2
213459,2
213461,2
213462,2
213463,2
213466,2
213468,2
213469,2
213471,2
213473,2
213474,2
213475,2
213476,2
213482,2
213483,2
213484,2
213485,2
213486,2
213488,2
213492,2
213495,3
213496,3
213497,3
213499,3
213500,3
213501,2
213506,2
213507,2
213509,1
213511,3
213512,3
213513,3
213516,3
213517,3
213519,2
213520,2
213521,2
213525,2
213526,2
213532,3
213534,3
213536,3
213538,2
213539,2
213541,2
213542,1
213543,1
213545,1
213546,1
213549,1
213550,1
213551,1
213552,2
213553,2
213555,2
213557,1
213559,2
213561,1
213562,2
213564,1
213566,2
213567,1
213568,1
213571,1
213572,2
213573,1
213574,1
213575,1
213577,1
213578,2
213579,2
213580,3
213582,3
213583,3
213585,3
213589,1
213590,2
213591,2
213592,2
213596,0
213598,0
213599,0
213600,0
213601,2
213602,1
213605,1
213607,1
213611,3
213612,3
213615,3
213618,3
213619,3
213621,3
213624,3
213625,2
213626,2
213629,1
213630,1
213633,3
213635,3
213638,3
213640,2
213641,2
213647,1
213649,1
213651,1
213653,1
213655,2
213657,2
213659,2
213660,1
213661,2
213662,3
213664,2
213667,1
213670,1
213672,2
213673,2
213675,2
213677,3
213678,2
213679,1
213680,1
213681,1
213683,1
213684,1
213685,1
213687,2
213688,2
213689,2
213691,2
213692,2
213694,2
213695,2
213698,2
213701,1
213703,2
213706,2
213707,2
213708,2
213710,3
213711,3
213714,3
213715,3
213718,3
213719,2
213721,2
213722,2
213723,2
213724,2
213725,2
213726,2
213727,2
213729,2
213730,2
213731,2
213734,2
213736,2
213738,2
213740,2
213741,2
213742,2
213744,2
213745,2
213748,2
213749,2
213751,2
213753,2
213754,2
213755,2
213757,1
213759,2
213761,2
213763,2
213766,0
213768,0
213771,1
213772,2
213773,1
213778,4
213779,4
213780,2
213783,2
213784,2
213786,2
213787,2
213789,2
213790,2
213797,1
213798,3
213799,3
213800,2
213803,3
213804,3
213806,3
213808,2
213810,2
213811,1
213813,1
213816,2
213817,1
213819,3
213820,2
213821,2
213829,3
213831,2
213838,1
213839,1
213841,2
213842,2
213844,2
213846,2
213847,2
213849,2
213850,2
213851,2
213854,2
213856,2
213858,3
213859,3
213860,3
213861,3
213862,2
213864,2
213865,2
213866,2
213869,2
213870,2
213871,3
213872,3
213874,3
213879,3
213881,2
213883,3
213888,3
213890,2
213891,2
213894,2
213895,2
213896,2
213898,2
213899,2
213900,2
213902,2
213903,1
213905,2
213908,2
213909,2
213911,2
213912,2
213915,2
213916,3
213918,3
213919,3
213921,3
213924,3
213925,3
213926,3
213928,3
213930,2
213932,3
213933,3
213934,3
213935,2
213936,3
213938,3
213941,3
213944,2
213946,1
213947,1
213952,2
213953,2
213954,2
213956,2
213957,2
213959,2
213962,2
213966,2
213967,2
213969,3
213970,3
213971,3
213973,3
213974,2
213975,2
213977,2
213978,2
213981,2
213983,2
213984,2
213988,2
213990,2
213991,2
213992,0
213993,2
213994,2
213995,2
213999,1
214001,1
214002,2
214004,2
214006,2
214008,1
214010,2
214011,2
214012,2
214013,2
214015,2
214016,2
214017,3
214019,2
214021,3
214023,3
214024,3
214025,3
214026,2
214028,2
214029,2
214030,3
214031,2
214032,2
214033,2
214037,2
214039,2
214041,2
214043,2
214044,2
214045,2
214047,1
214049,3
214052,3
214053,2
214055,2
214056,2
214057,2
214060,2
214062,2
214064,2
214066,2
214067,2
214069,2
214070,2
214072,2
214073,2
214074,2
214076,2
214077,2
214079,2
214081,2
214083,2
214087,2
214090,4
214091,2
214097,4
214100,4
214102,3
214105,2
214107,2
214109,2
214111,2
214112,3
214113,2
214115,3
214117,2
214118,2
214119,2
214120,2
214124,2
214126,2
214127,2
214128,1
214129,1
214131,1
214133,3
214135,2
214136,2
214140,3
214141,2
214145,2
214148,2
214149,2
214150,2
214153,1
214154,1
214156,3
214158,3
214160,1
214161,2
214162,2
214163,2
214164,2
214166,2
214167,2
214169,2
214171,2
214172,2
214174,2
214178,2
214180,2
214181,2
214183,2
214185,2
214186,2
214187,2
214188,2
214189,2
214190,2
214191,2
214192,2
214194,2
214195,2
214196,2
214197,3
214200,2
214202,2
214204,2
214205,2
214207,2
214210,2
214213,2
214215,2
214218,1
214221,1
214222,3
214224,3
214225,3
214226,3
214229,3
214230,2
214232,2
214236,2
214238,3
214240,2
214242,2
214243,2
214245,3
214246,3
214247,3
214250,3
214253,3
214255,2
214257,2
214260,2
214261,2
214262,2
214263,2
214264,2
214265,2
214268,2
214270,2
214273,2
214275,2
214277,2
214278,2
214279,2
214280,2
214282,2
214284,3
214286,3
214287,2
214288,2
214289,2
214291,2
214292,2
214293,2
214295,2
214298,2
214299,2
214306,1
214307,1
214308,2
214310,1
214314,2
214317,2
214318,2
214319,2
214321,2
214324,2
214325,2
214327,2
214329,2
214330,0
214332,1
214335,1
214337,1
214339,1
214340,2
214341,2
214342,2
214343,2
214344,2
214345,2
214347,2
214348,1
214350,2
214352,3
214354,3
214357,3
214359,2
214361,3
214362,3
214364,2
214367,2
214371,3
214372,3
214374,2
214375,2
214379,2
214380,3
214381,3
214385,2
214388,2
214390,2
214391,2
214394,2
214395,2
214396,1
214397,2
214398,2
214400,2
214401,2
214403,2
214404,2
214406,3
214407,3
214411,2
214414,2
214415,3
214417,1
214418,1
214422,2
214423,2
214424,2
214425,1
214426,1
214427,3
214428,2
214431,2
214433,2
214436,2
214439,2
214441,2
214443,3
214445,3
214447,4
214448,2
214449,4
214450,2
214452,2
214453,2
214455,2
214458,2
214460,2
214462,2
214463,2
214466,2
214468,3
214469,3
214471,2
214472,2
214473,3
214475,3
214479,2
214482,1
214484,2
214486,2
214489,2
214490,2
214492,2
214495,2
214499,3
214500,3
214501,2
214502,3
214503,3
214505,2
214507,2
214508,3
214511,3
214512,3
214513,2
214515,2
214518,2
214519,2
214521,2
214522,2
214523,2
214526,2
214527,2
214528,2
214529,2
214531,2
214533,2
214535,2
214537,2
214538,2
214539,2
214540,2
214542,2
214545,2
214546,2
214547,2
214548,3
214549,3
214550,2
214551,3
214552,2
214556,2
214557,2
214561,3
214562,2
214563,2
214565,2
214568,2
214569,2
214570,3
214572,3
214574,2
214576,2
214577,2
214578,2
214580,2
214581,2
214582,2
214583,2
214586,2
214588,3
214591,3
214592,2
214593,2
214595,2
214596,1
214598,1
214599,1
214600,2
214601,1
214603,1
214604,2
214606,2
214607,1
214609,1
214611,1
214614,1
214615,2
214616,1
214617,3
214618,2
214619,3
214622,2
214624,2
214626,2
214627,2
214628,2
214630,2
214632,3
214634,2
214635,2
214638,3
214639,2
214640,2
214643,2
214646,3
214647,3
214651,2
214652,2
214656,2
214657,2
214659,2
214661,2
214663,2
214666,2
214668,2
214669,2
214670,2
214671,2
214673,3
214674,3
214677,3
214679,2
214683,3
214684,3
214686,2
214690,3
214692,3
214693,3
214694,2
214695,2
214696,2
214697,2
214698,2
214699,2
214701,2
214704,2
214705,3
214706,3
214707,3
214708,2
214710,2
214711,3
214713,3
214715,3
214717,3
214718,2
214719,2
214720,2
214721,2
214722,3
214724,3
214726,2
214729,3
214730,3
214731,3
214732,4
214733,2
214734,4
214736,4
214737,4
214739,2
214741,2
214742,2
214743,2
214745,2
214747,2
214749,2
214750,2
214753,2
214754,2
214756,2
214758,2
214759,2
214762,1
214764,1
214766,2
214770,3
214771,3
214773,3
214775,1
214776,2
214777,1
214779,1
214783,3
214785,1
214786,3
214788,3
214789,3
214791,2
214792,1
214793,2
214794,2
214796,1
214798,1
214799,1
214800,1
214802,2
214803,2
214805,2
214807,2
214808,2
214810,1
214812,2
214815,1
214817,2
214822,2
214824,2
214826,2
214827,2
214828,2
214829,2
214830,2
214832,2
214835,1
214836,2
214837,2
214838,2
214841,2
214843,2
214845,2
214847,2
214848,2
214849,2
214851,3
214853,3
214855,3
214856,3
214857,2
214858,2
214861,2
214863,2
214866,2
214868,2
214870,2
214871,2
214874,2
214875,1
214880,1
214882,2
214883,2
214885,2
214887,2
214888,2
214889,3
214890,3
214891,2
214893,3
214896,2
214900,2
214902,3
214905,2
214910,1
214911,1
214912,1
214914,2
214915,2
214917,2
214918,2
214919,2
214921,2
214922,2
214923,2
214924,2
214925,2
214926,2
214927,2
214929,2
214931,3
214933,3
214934,3
214936,2
214938,2
214939,2
214940,2
214941,2
214945,3
214946,3
214947,3
214950,2
214953,2
214954,2
214957,2
214959,2
214960,2
214962,2
214964,2
214965,2
214966,2
214968,2
214970,2
214973,2
214974,2
214975,2
214979,2
214984,2
214985,2
214989,1
214990,1
214992,1
214993,2
214994,2
214995,1
214998,1
215000,1
215002,1
215003,4
215004,4
215009,4
215012,4
215014,4
215016,4
215019,4
215022,1
215024,3
215026,3
215029,3
215030,3
215031,3
215033,2
215035,2
215037,2
215038,1
215039,1
215042,2
215044,2
215046,2
215047,2
215048,2
215049,2
215051,2
215055,2
215056,2
215058,2
215059,2
215060,2
215061,1
215062,1
215063,2
215064,1
215065,2
215068,1
215073,1
215075,1
215076,1
215078,2
215080,2
215081,2
215082,3
215084,3
215085,3
215086,2
215088,3
215089,3
215090,2
215091,2
215092,2
215094,2
215095,1
215096,1
215098,3
215099,2
215100,3
215103,3
215104,2
215107,2
215108,2
215109,3
215110,2
215112,3
215116,1
215117,1
215119,2
215121,0
215123,0
215125,1
215126,2
215128,1
215129,1
215131,0
215132,2
215133,1
215135,1
215137,2
215139,2
215141,2
215142,3
215143,2
215145,2
215146,2
215148,2
215151,2
215154,3
215157,2
215158,2
215162,2
215163,2
215165,3
215167,2
215168,2
215170,2
215171,2
215172,2
215174,3
215177,3
215179,3
215180,2
215182,3
215184,3
215186,3
215188,2
215189,2
215191,2
215192,2
215193,1
215194,2
215195,3
215197,2
215198,2
215200,3
215204,2
215205,2
215207,2
215210,2
215211,2
215212,2
215213,2
215214,2
215215,2
215217,2
215222,2
215223,2
215224,2
215225,2
215226,2
215229,2
215230,2
215231,2
215232,2
215234,2
215235,1
215237,3
215240,2
215241,3
215242,3
215244,2
215247,2
215248,2
215249,1
215250,2
215251,2
215252,2
215255,2
215257,2
215258,2
215259,2
215260,2
215261,2
215262,3
215263,2
215265,2
215266,3
215269,2
215270,2
215271,2
215274,2
215275,2
215278,1
215279,0
215280,0
215281,0
215282,0
215284,0
215286,0
215291,2
215292,0
215294,2
215295,2
215296,2
215297,2
215298,2
215299,2
215300,2
215302,2
215303,2
215304,2
215307,2
215309,2
215311,3
215313,3
215316,3
215318,2
215319,2
215321,2
215324,2
215327,2
215328,3
215330,3
215332,2
215333,2
215335,2
215338,3
215341,2
215343,2
215345,2
215347,2
215348,2
215350,3
215351,3
215356,2
215357,2
215360,3
215362,2
215363,3
215366,3
215367,2
215368,3
215370,3
215372,3
215373,2
215374,2
215375,2
215377,2
215378,1
215380,2
215385,1
215387,1
215390,1
215393,1
215398,2
215401,2
215402,2
215403,2
215405,2
215407,2
215410,2
215411,2
215414,2
215417,1
215419,1
215420,1
215422,1
215424,1
215426,3
215427,2
215431,2
215434,2
215437,2
215439,2
215440,2
215444,3
215446,2
215449,2
215450,2
215451,2
215452,2
215454,2
215456,2
215457,2
215458,2
215459,2
215460,2
215461,2
215462,2
215463,2
215466,3
215467,2
215468,2
215469,3
215470,3
215471,2
215472,3
215474,3
215476,2
215477,2
215478,2
215479,2
215480,2
215484,2
215489,2
215492,2
215494,2
215495,2
215496,2
215498,2
215499,2
215501,2
215505,2
215507,2
215508,2
215511,2
215513,2
215514,2
215515,3
215517,2
215520,2
215521,2
215524,1
215525,2
215526,2
215527,2
215532,1
215534,1
215535,1
215537,2
215538,2
215540,2
215543,2
215544,2
215545,2
215549,1
215550,2
215551,2
215552,2
215555,0
215557,2
215560,0
215564,1
215565,2
215566,1
215570,2
215571,2
215572,2
215575,2
215579,3
215580,3
215581,2
215584,3
215593,1
215595,1
215598,3
215599,3
215602,2
215604,2
215605,2
215608,2
215611,2
215615,2
215616,2
215619,2
215620,2
215622,2
215623,2
215624,2
215625,2
215626,2
215627,2
215628,2
215630,2
215631,2
215633,2
215636,2
215639,2
215640,2
215641,2
215642,2
215643,2
215644,2
215647,2
215649,2
215651,2
215652,2
215655,3
215657,2
215658,2
215659,2
215660,3
215662,2
215663,2
215665,2
215668,2
215670,2
215671,2
215672,2
215673,2
215676,2
215677,2
215678,2
215679,2
215680,2
215681,2
215682,2
215684,2
215685,2
215686,2
215689,2
215690,2
215692,2
215694,2
215696,2
215699,2
215700,2
215702,2
215703,2
215704,2
215705,2
215706,2
215708,2
215710,2
215711,2
215712,2
215713,2
215716,2
215718,2
215719,2
215723,2
215724,2
215725,2
215726,2
215727,2
215729,2
215730,2
215732,2
215735,2
215738,2
215739,2
215741,2
215742,2
215743,2
215744,2
215745,2
215746,2
215747,2
215748,2
215749,2
215750,2
215751,2
215754,2
215756,2
215761,2
215762,2
215764,3
215765,3
215768,3
215769,1
215770,3
215772,1
215773,3
215775,3
215776,3
215779,2
215782,2
215783,2
215785,3
215786,3
215789,2
215790,2
215791,3
215792,3
215795,2
215796,2
215797,2
215798,2
215799,2
215801,2
215802,2
215804,2
215806,2
215808,2
215810,2
215811,2
215812,2
215815,2
215816,2
215818,3
215820,3
215823,2
215824,3
215826,3
215828,3
215830,3
215832,3
215834,3
215835,2
215839,2
215841,2
215844,2
215845,2
215847,2
215848,1
215849,2
215850,2
215851,2
215852,2
215855,2
215856,2
215857,2
215859,1
215861,1
215864,1
215866,1
215868,2
215869,2
215871,3
215872,3
215873,2
215874,2
215875,2
215878,2
215881,2
215882,2
215885,2
215888,2
215890,2
215891,2
215893,2
215895,2
215896,2
215897,2
215898,2
215899,2
215902,2
215903,2
215904,2
215905,2
215907,2
215909,2
215910,2
215911,2
215913,2
215914,2
215915,2
215917,2
215918,2
215919,2
215920,2
215921,2
215922,2
215923,2
215924,2
215926,2
215927,2
215930,2
215931,3
215933,2
215936,2
215938,2
215940,2
215942,2
215945,2
215946,2
215951,3
215952,3
215953,3
215957,2
215959,2
215960,1
215961,1
215962,1
215965,1
215967,2
215969,2
215971,2
215972,2
215974,2
215977,1
215979,1
215982,2
215983,2
215984,2
215985,1
215986,1
215989,2
215992,2
215995,2
215996,2
215997,2
216000,2
216001,2
216002,2
216003,2
216004,2
216006,2
216007,2
216008,2
216009,2
216011,2
216014,2
216016,2
216017,2
216018,2
216019,2
216020,2
216024,2
216025,2
216026,2
216027,2
216031,2
216033,2
216035,2
216036,2
216041,2
216044,2
216047,1
216048,1
216051,2
216053,2
216054,2
216056,1
216058,2
216059,2
216063,3
216064,3
216065,3
216067,3
216070,1
216072,2
216074,2
216075,2
216079,2
216081,2
216082,2
216083,2
216084,2
216086,2
216087,2
216088,3
216089,3
216090,3
216091,2
216093,3
216095,2
216097,2
216099,2
216101,2
216102,2
216104,2
216107,2
216108,2
216110,2
216111,2
216115,3
216116,2
216117,3
216120,2
216121,1
216122,0
216123,0
216124,2
216125,1
216128,2
216129,2
216131,2
216132,2
216133,2
216134,2
216135,2
216136,2
216138,3
216139,2
216141,2
216144,2
216145,2
216146,2
216148,2
216149,1
216150,3
216151,3
216152,3
216155,3
216156,1
216158,2
216159,1
216162,1
216163,1
216166,1
216167,2
216169,2
216170,2
216173,2
216174,2
216175,2
216176,2
216180,2
216183,2
216184,3
216186,2
216187,2
216189,2
216192,2
216195,1
216196,2
216199,2
216200,2
216201,2
216203,2
216204,2
216206,2
216208,3
216209,2
216210,3
216212,3
216217,3
216218,3
216219,2
216220,2
216222,3
216224,2
216227,2
216228,3
216232,3
216234,3
216235,2
216236,2
216239,1
216240,1
216242,3
216245,2
216251,2
216253,2
216255,2
216256,2
216257,2
216259,2
216261,1
216262,1
216263,1
216265,1
216267,1
216269,1
216270,1
216271,3
216272,2
216277,1
216278,1
216280,1
216281,2
216282,1
216283,2
216286,1
216287,1
216290,2
216291,2
216292,2
216293,2
216294,2
216295,2
216296,2
216301,2
216304,1
216305,1
216307,2
216312,1
216313,2
216314,2
216316,2
216318,1
216320,2
216322,1
216324,2
216326,1
216327,1
216329,2
216330,2
216331,2
216332,2
216334,2
216335,2
216337,2
216339,2
216340,2
216341,2
216343,2
216344,2
216352,2
216355,2
216356,2
216358,2
216359,2
216360,2
216361,2
216364,2
216365,2
216367,3
216370,2
216371,3
216374,2
216376,3
216377,3
216378,3
216380,3
216383,3
216384,4
216386,2
216388,1
216390,1
216394,1
216395,1
216396,2
216397,2
216400,1
216402,1
216404,2
216405,2
216406,2
216410,3
216412,3
216415,2
216417,2
216418,2
216419,3
216420,2
216421,2
216423,2
216425,2
216427,2
216429,2
216430,2
216431,2
216433,2
216434,2
216437,3
216438,1
216439,1
216440,1
216441,2
216443,3
216446,2
216450,3
216452,2
216453,3
216454,3
216456,2
216457,2
216458,2
216460,2
216462,3
216463,3
216465,3
216467,3
216469,2
216471,2
216472,2
216474,1
216476,1
216478,1
216481,3
216482,3
216485,2
216486,2
216487,2
216489,2
216490,2
216495,4
216496,4
216499,4
216501,2
216502,3
216504,2
216506,1
216507,2
216510,2
216512,2
216513,2
216515,2
216516,2
216517,2
216525,3
216526,2
216527,3
216531,4
216533,4
216534,3
216536,2
216537,2
216539,2
216540,2
216542,2
216544,2
216545,2
216548,2
216553,2
216556,2
216559,2
216561,2
216562,2
216565,2
216566,1
216571,2
216573,2
216575,2
216577,2
216578,2
216579,2
216580,2
216581,2
216582,2
216584,2
216585,2
216586,2
216587,2
216588,2
216589,2
216590,2
216592,2
216593,2
216594,3
216595,3
216598,2
216600,2
216602,2
216603,2
216605,2
216607,2
216608,2
216609,2
216611,2
216612,2
216613,2
216614,2
216617,2
216618,2
216619,2
216621,3
216622,3
216623,2
216624,3
216625,2
216627,2
216629,2
216631,2
216632,0
216633,2
216635,2
216637,2
216640,1
216641,3
216642,1
216644,2
216645,2
216647,2
216648,2
216649,2
216650,2
216653,2
216654,2
216655,2
216656,0
216657,2
216658,2
216659,2
216660,2
216662,2
216665,2
216666,1
216669,1
216671,1
216672,1
216673,1
216675,2
216678,2
216679,2
216681,2
216682,2
216685,0
216687,2
216689,2
216691,2
216692,2
216693,2
216695,2
216696,2
216698,2
216699,2
216703,2
216705,2
216706,2
216708,2
216710,2
216711,2
216712,2
216713,1
216715,1
216716,1
216717,2
216722,2
216723,2
216725,2
216727,3
216729,3
216731,3
216733,2
216736,2
216737,2
216738,2
216740,2
216743,2
216744,3
216745,2
216746,2
216748,3
216750,3
216753,2
216754,2
216757,3
216759,3
216761,3
216762,2
216765,3
216766,3
216768,2
216771,2
216773,2
216774,2
216776,2
216778,2
216780,2
216783,3
216784,4
216785,1
216786,2
216787,1
216789,2
216795,2
216796,2
216797,2
216799,2
216802,2
216804,2
216805,2
216807,2
216808,2
216809,2
216810,2
216811,2
216812,2
216813,2
216815,2
216816,2
216818,2
216821,2
216822,2
216823,2
216824,2
216826,2
216827,2
216828,2
216829,2
216831,2
216834,3
216835,2
216837,2
216838,1
216840,1
216843,1
216844,1
216846,2
216847,2
216848,1
216850,3
216851,3
216854,3
216856,2
216858,2
216860,2
216861,2
216862,2
216864,2
216867,3
216868,3
216869,2
216870,1
216871,1
216873,2
216874,1
216875,2
216876,3
216880,3
216881,2
216882,3
216884,3
216885,3
216887,2
216888,2
216890,2
216891,2
216892,2
216893,2
216896,3
216899,2
216903,2
216905,2
216906,2
216908,2
216909,2
216912,2
216913,2
216914,2
216917,2
216920,2
216921,2
216925,2
216928,3
216929,3
216931,2
216932,2
216933,2
216934,2
216937,2
216938,2
216939,2
216944,2
216948,2
216949,2
216952,2
216953,2
216957,2
216958,2
216959,2
216962,1
216963,2
216965,3
216966,1
216968,1
216969,2
216971,2
216972,2
216973,2
216974,2
216976,2
216979,2
216982,1
216983,1
216984,2
216985,2
216987,2
216989,2
216991,2
216994,2
216995,2
216999,2
217006,4
217008,3
217009,3
217010,3
217011,3
217013,2
217014,2
217017,2
217020,2
217022,2
217024,2
217025,2
217026,2
217027,2
217029,2
217030,1
217032,2
217035,2
217036,2
217037,2
217038,2
217040,2
217042,2
217044,2
217048,1
217049,2
217051,1
217053,1
217055,1
217058,3
217059,3
217060,3
217062,2
217064,2
217065,3
217068,3
217069,2
217071,2
217074,2
217075,3
217077,3
217078,2
217083,3
217085,2
217086,2
217087,2
217088,2
217089,2
217090,2
217091,2
217094,2
217096,2
217098,2
217100,2
217103,1
217104,2
217105,1
217107,2
217109,2
217110,1
217112,2
217114,1
217116,2
217118,2
217119,1
217121,1
217123,3
217124,2
217126,3
217130,0
217131,2
217132,2
217134,2
217135,2
217137,2
217140,3
217143,3
217144,2
217146,3
217147,2
217148,3
217149,3
217152,3
217154,3
217155,3
217158,3
217159,3
217161,3
217162,2
217163,3
217167,2
217169,2
217170,2
217172,1
217174,2
217175,2
217176,2
217177,1
217178,1
217180,1
217181,2
217183,1
217186,1
217188,2
217190,1
217191,2
217192,2
217193,2
217195,2
217197,2
217199,2
217201,2
217203,2
217205,2
217207,2
217208,2
217210,2
217212,1
217214,1
217217,1
217218,1
217219,1
217220,1
217221,2
217223,2
217224,2
217225,2
217228,2
217229,2
217230,1
217232,2
217239,1
217240,3
217241,2
217246,0
217247,3
217249,3
217251,3
217253,4
217254,2
217255,2
217256,2
217257,1
217259,2
217262,2
217263,2
217264,2
217267,1
217268,1
217269,1
217271,1
217273,0
217275,0
217276,0
217278,2
217279,3
217282,3
217283,3
217285,2
217287,2
217288,2
217291,3
217294,3
217296,3
217298,3
217299,0
217300,0
217302,0
217303,2
217304,2
217306,2
217308,0
217310,2
217311,2
217312,2
217314,2
217317,2
217319,2
217321,2
217322,2
217323,2
217324,2
217325,2
217326,2
217327,2
217328,2
217331,1
217332,1
217335,2
217337,1
217339,1
217342,2
217344,2
217346,2
217349,2
217350,1
217351,1
217353,1
217355,1
217358,1
217361,3
217362,3
217363,3
217365,3
217366,2
217367,2
217368,3
217372,3
217375,3
217376,3
217377,2
217378,2
217380,2
217385,3
217386,3
217387,3
217388,3
217389,3
217391,2
217393,2
217395,2
217397,2
217399,2
217402,2
217403,2
217404,2
217406,2
217407,2
217410,2
217413,2
217415,1
217417,2
217419,2
217420,2
217421,3
217423,2
217425,2
217426,1
217429,2
217432,3
217433,2
217436,3
217440,2
217442,2
217443,2
217447,3
217448,3
217450,2
217451,2
217452,2
217455,3
217457,3
217460,3
217463,2
217464,2
217466,2
217468,2
217470,2
217471,2
217472,2
217474,2
217475,2
217476,2
217479,2
217480,2
217483,3
217486,2
217488,2
217489,2
217490,2
217491,2
217492,2
217495,2
217496,2
217497,2
217500,2
217502,2
217503,2
217507,3
217508,3
217510,2
217513,2
217514,2
217515,2
217517,2
217523,2
217524,2
217528,2
217530,2
217534,2
217535,2
217536,2
217538,2
217539,1
217541,2
217542,2
217543,3
217544,3
217546,2
217548,2
217549,2
217550,2
217551,2
217552,2
217554,2
217556,2
217557,2
217558,2
217560,2
217561,2
217563,2
217564,3
217565,3
217568,3
217569,3
217570,3
217573,3
217574,0
217576,1
217577,2
217578,2
217579,1
217581,2
217584,1
217586,1
217587,1
217588,1
217591,1
217593,2
217594,2
217596,0
217597,0
217599,0
217602,2
217604,2
217606,3
217608,2
217609,2
217612,2
217613,2
217615,2
217616,2
217618,2
217620,2
217621,3
217622,3
217626,3
217628,2
217629,1
217631,3
217636,3
217637,2
217639,1
217641,2
217642,1
217645,1
217648,2
217649,2
217650,2
217652,2
217653,2
217654,2
217656,3
217657,2
217658,2
217659,2
217660,2
217662,2
217663,2
217664,2
217665,2
217666,2
217670,1
217674,3
217675,2
217677,2
217681,2
217683,2
217684,2
217688,2
217691,2
217693,2
217694,2
217695,2
217697,3
217698,2
217699,2
217700,2
217701,3
217702,3
217703,2
217704,3
217705,3
217706,3
217707,3
217710,3
217712,3
217713,1
217715,2
217717,2
217719,1
217720,1
217722,2
217723,2
217725,2
217726,2
217727,3
217728,2
217730,2
217732,2
217734,2
217735,2
217736,3
217737,2
217739,2
217741,2
217743,2
217744,2
217745,2
217747,2
217750,2
217753,1
217754,1
217757,1
217759,2
217760,1
217761,2
217762,2
217764,2
217766,2
217769,2
217772,2
217774,2
217775,2
217778,2
217779,2
217780,2
217781,2
217783,2
217786,2
217787,2
217788,2
217789,3
217791,3
217793,3
217794,2
217795,3
217797,3
217799,2
217800,2
217803,2
217805,2
217806,2
217807,2
217809,3
217811,1
217812,1
217813,2
217814,1
217816,2
217817,3
217819,3
217820,3
217822,1
217823,2
217825,2
217830,2
217831,1
217832,1
217834,2
217835,2
217836,2
217838,2
217840,2
217841,2
217842,2
217843,2
217846,2
217848,2
217850,2
217851,2
217853,3
217854,2
217855,2
217858,2
217859,2
217860,2
217861,2
217862,2
217863,3
217868,3
217870,3
217871,3
217873,2
217874,2
217875,2
217876,2
217878,2
217880,2
217881,2
217882,2
217883,2
217885,1
217886,2
217887,1
217888,2
217889,2
217891,2
217892,2
217894,2
217895,2
217898,2
217899,2
217900,2
217902,2
217903,2
217905,3
217908,3
217910,2
217911,2
217912,2
217914,2
217915,2
217918,2
217919,2
217921,2
217922,2
217923,2
217926,2
217930,2
217931,3
217934,3
217935,2
217936,2
217938,3
217940,3
217944,4
217946,4
217948,4
217949,4
217952,2
217953,2
217954,3
217955,3
217956,3
217957,3
217958,3
217959,3
217962,3
217964,2
217965,2
217967,2
217969,2
217972,2
217973,2
217975,2
217977,2
217983,2
217985,2
217986,2
217987,2
217988,2
217989,2
217991,2
217993,2
217995,2
217996,2
217997,2
217998,2
217999,2
218000,2
218001,1
218003,1
218004,1
218005,2
218007,2
218009,2
218011,2
218013,2
218015,2
218017,2
218018,2
218019,0
218020,1
218021,1
218023,1
218024,0
218027,0
218029,3
218032,2
218036,2
218038,2
218041,3
218042,2
218043,2
218044,2
218045,2
218047,2
218048,2
218049,2
218051,2
218053,2
218054,2
218056,2
218057,2
218058,2
218060,2
218061,3
218063,3
218064,2
218065,2
218066,3
218068,3
218069,2
218070,2
218072,2
218073,0
218074,2
218075,2
218079,3
218087,0
218089,0
218090,2
218092,2
218094,2
218095,2
218096,2
218097,2
218098,2
218099,2
218100,2
218104,3
218105,3
218106,1
218108,3
218110,3
218111,3
218112,2
218114,2
218115,2
218119,2
218120,2
218121,2
218122,2
218123,2
218125,2
218126,2
218128,3
218130,4
218133,4
218135,3
218137,2
218138,2
218140,2
218142,2
218144,2
218145,2
218147,2
218149,2
218152,2
218154,2
218155,2
218157,2
218158,2
218160,2
218161,2
218162,2
218165,3
218166,2
218167,3
218169,3
218171,3
218172,1
218173,2
218174,1
218176,3
218178,2
218182,3
218183,3
218185,3
218187,3
218190,3
218191,3
218193,3
218195,2
218197,2
218198,2
218200,3
218201,2
218203,2
218205,3
218206,2
218207,3
218208,3
218210,3
218211,2
218214,3
218215,2
218216,2
218217,2
218219,2
218221,2
218224,3
218226,3
218229,3
218231,3
218232,2
218234,2
218235,2
218236,2
218238,2
218239,2
218240,2
218243,2
218244,2
218245,0
218247,2
218249,0
218251,3
218253,3
218255,2
218256,0
218258,3
218260,0
218261,0
218262,4
218266,2
218267,0
218269,0
218272,0
218273,2
218274,3
218275,3
218277,2
218279,2
218280,2
218283,2
218284,2
218285,3
218287,3
218288,2
218289,3
218290,4
218291,2
218292,2
218293,2
218294,2
218295,2
218297,2
218299,3
218300,3
218302,2
218307,1
218308,1
218310,2
218314,2
218315,2
218317,2
218319,2
218321,2
218325,3
218327,2
218330,2
218332,2
218334,2
218335,2
218336,2
218339,3
218340,4
218343,3
218344,2
218346,2
218348,2
218349,2
218352,2
218353,3
218357,3
218358,3
218359,3
218361,2
218364,2
218365,2
218367,2
218369,2
218371,3
218373,3
218375,3
218376,2
218381,3
218383,2
218385,2
218388,2
218390,2
218392,2
218396,2
218397,2
218400,3
218402,3
218403,3
218404,2
218406,2
218408,2
218410,2
218412,2
218413,2
218414,2
218418,2
218420,2
218423,3
218425,2
218428,2
218430,2
218432,2
218434,3
218439,3
218442,3
218444,3
218446,0
218447,1
218448,1
218449,3
218451,3
218453,2
218454,2
218456,2
218459,0
218463,0
218464,2
218465,1
218466,2
218467,2
218468,2
218471,2
218472,2
218473,2
218475,2
218477,2
218480,2
218482,1
218484,2
218491,2
218495,1
218496,1
218497,2
218499,3
218501,2
218504,2
218505,2
218506,3
218507,3
218509,3
218511,2
218513,2
218514,2
218516,2
218518,2
218520,2
218522,2
218525,3
218527,3
218528,2
218531,2
218533,2
218534,2
218537,2
218538,2
218540,2
218541,2
218542,2
218543,3
218546,2
218548,2
218550,1
218552,1
218554,2
218556,2
218557,2
218558,1
218562,2
218565,2
218566,2
218570,1
218571,1
218572,2
218574,2
218579,2
218580,2
218583,1
218584,2
218587,2
218588,2
218590,1
218591,1
218592,2
218595,2
218596,1
218598,1
218599,2
218600,1
218601,2
218604,2
218605,2
218606,2
218609,2
218610,2
218611,2
218612,2
218613,2
218615,2
218617,2
218618,2
218620,2
218623,2
218625,2
218626,2
218627,2
218629,2
218630,2
218631,2
218632,2
218634,2
218636,2
218639,2
218644,2
218645,2
218646,2
218648,2
218651,2
218653,2
218660,2
218662,2
218664,2
218667,2
218670,2
218672,2
218673,2
218675,2
218676,2
218677,2
218681,2
218683,2
218684,2
218685,2
218686,2
218687,3
218690,3
218693,2
218695,2
218698,2
218700,2
218701,2
218705,3
218706,3
218707,3
218708,3
218709,3
218710,3
218712,2
218714,2
218715,2
218718,2
218720,2
218721,2
218723,2
218725,3
218726,2
218728,2
218730,2
218731,2
218733,3
218735,3
218737,3
218739,3
218741,3
218742,2
218744,3
218745,3
218746,3
218748,2
218749,2
218752,2
218753,2
218754,2
218755,2
218757,2
218758,3
218759,3
218761,3
218762,3
218766,1
218768,2
218771,2
218774,1
218775,1
218778,2
218779,1
218780,1
218782,1
218783,1
218785,1
218788,2
218790,2
218792,2
218794,2
218798,2
218799,2
218800,3
218801,3
218804,2
218808,3
218810,3
218811,3
218812,3
218815,2
218818,3
218819,3
218820,3
218821,3
218823,4
218826,4
218831,4
218832,4
218833,2
218835,2
218836,2
218839,2
218840,2
218841,2
218843,2
218846,3
218848,2
218851,2
218855,3
218856,3
218859,2
218861,3
218864,2
218865,3
218866,2
218869,1
218871,1
218872,2
218874,2
218876,2
218877,2
218878,3
218880,2
218883,2
218884,2
218886,2
218888,2
218889,2
218890,2
218892,2
218894,2
218896,3
218897,4
218898,2
218899,4
218900,3
218901,2
218903,3
218904,2
218905,2
218907,2
218912,3
218914,3
218917,2
218918,2
218919,2
218920,2
218921,3
218922,3
218924,3
218926,3
218928,1
218929,3
218930,3
218931,2
218933,2
218937,2
218938,2
218940,1
218941,2
218942,2
218943,2
218944,2
218945,2
218948,3
218949,2
218951,2
218953,2
218955,3
218956,2
218958,2
218961,2
218964,2
218966,0
218967,0
218970,0
218973,0
218974,0
218975,2
218977,0
218985,2
218986,2
218988,2
218989,3
218990,3
218992,3
218994,3
218995,2
218999,2
219001,2
219002,2
219004,2
219005,2
219007,2
219010,2
219013,2
219014,2
219018,2
219021,1
219022,3
219023,2
219024,2
219025,2
219027,2
219029,2
219030,2
219031,3
219032,3
219033,1
219035,2
219036,2
219037,2
219039,2
219041,2
219042,2
219043,2
219045,2
219046,2
219048,2
219050,2
219051,1
219053,1
219055,1
219056,1
219057,2
219060,2
219061,2
219062,1
219064,2
219065,1
219066,2
219067,1
219069,2
219071,2
219073,2
219075,1
219076,2
219081,2
219082,2
219085,2
219087,2
219089,2
219090,2
219091,3
219092,3
219093,3
219095,3
219098,3
219099,3
219101,2
219103,2
219105,2
219107,2
219111,3
219112,2
219115,4
219117,2
219119,2
219120,4
219121,1
219123,2
219125,2
219126,2
219128,3
219129,2
219131,2
219132,4
219133,4
219137,2
219138,2
219139,2
219142,2
219145,2
219147,2
219153,1
219154,2
219155,2
219156,2
219158,1
219159,1
219161,1
219164,3
219166,1
219167,1
219168,2
219170,2
219171,2
219172,2
219174,2
219175,2
219178,2
219179,2
219182,2
219184,2
219186,2
219187,2
219189,2
219192,2
219194,2
219197,1
219200,1
219202,1
219204,1
219205,2
219206,2
219209,2
219212,2
219214,2
219216,2
219220,2
219221,3
219223,2
219228,3
219229,2
219230,2
219233,2
219235,2
219237,2
219239,2
219241,2
219242,2
219243,2
219244,2
219245,1
219246,0
219247,0
219248,1
219254,1
219256,1
219257,1
219259,1
219261,1
219263,1
219264,1
219267,1
219268,1
219270,3
219272,3
219273,2
219275,4
219276,2
219277,2
219278,2
219280,2
219282,2
219283,2
219287,2
219290,2
219291,2
219293,2
219294,2
219295,2
219296,2
219297,2
219298,4
219301,4
219303,4
219305,4
219307,3
219310,2
219311,2
219314,2
219315,2
219316,2
219318,2
219319,2
219320,2
219322,4
219323,2
219324,2
219325,2
219327,2
219329,4
219330,1
219331,2
219335,2
219337,2
219339,2
219342,2
219343,2
219344,2
219346,1
219348,1
219349,1
219351,2
219352,1
219355,2
219356,2
219357,2
219358,2
219359,2
219363,2
219367,2
219368,2
219369,2
219372,2
219373,2
219374,2
219376,2
219377,1
219378,1
219381,1
219382,1
219383,1
219385,2
219387,2
219390,3
219391,3
219392,3
219393,2
219395,3
219396,2
219397,3
219399,3
219400,2
219404,2
219406,2
219409,3
219411,3
219412,3
219413,2
219414,2
219417,2
219418,2
219419,2
219422,2
219423,2
219424,2
219427,2
219429,2
219430,2
219432,2
219433,2
219435,2
219438,2
219439,3
219440,3
219441,3
219442,2
219444,2
219446,2
219449,2
219450,2
219452,3
219455,3
219456,3
219457,2
219458,2
219459,3
219461,3
219462,3
219463,2
219464,2
219468,2
219470,2
219471,2
219472,2
219473,2
219475,2
219476,2
219478,2
219479,2
219480,2
219481,2
219482,2
219485,2
219487,2
219488,2
219489,2
219490,2
219493,3
219494,3
219497,3
219499,2
219501,2
219502,3
219505,3
219506,3
219508,3
219509,3
219514,2
219515,4
219516,4
219518,4
219519,4
219521,3
219523,4
219525,4
219527,2
219528,2
219529,3
219530,2
219531,3
219533,2
219534,2
219538,2
219539,2
219540,2
219542,2
219544,2
219546,2
219548,2
219550,2
219551,2
219553,2
219556,2
219557,2
219559,2
219561,3
219562,3
219564,3
219567,2
219572,3
219573,3
219576,3
219579,2
219580,3
219582,3
219583,2
219586,2
219587,2
219589,2
219590,2
219592,2
219593,2
219595,2
219598,2
219599,2
219601,2
219602,2
219603,2
219604,2
219605,2
219606,2
219608,2
219610,2
219612,2
219613,2
219616,2
219617,2
219618,2
219621,2
219624,2
219625,2
219627,2
219628,2
219631,2
219632,2
219633,2
219634,2
219635,2
219638,2
219640,2
219641,2
219644,2
219646,2
219647,2
219648,2
219651,1
219652,2
219654,1
219658,1
219660,1
219661,1
219662,2
219665,1
219671,2
219673,2
219674,2
219675,3
219677,2
219678,1
219679,2
219680,2
219682,2
219683,1
219685,2
219687,1
219689,1
219691,2
219692,2
219694,2
219695,2
219697,2
219699,2
219700,2
219701,2
219703,2
219704,2
219706,2
219708,2
219711,2
219713,2
219714,2
219715,1
219717,1
219719,2
219720,2
219722,2
219725,1
219726,2
219728,2
219730,2
219731,2
219733,2
219734,2
219737,2
219741,2
219742,2
219744,2
219745,2
219747,2
219748,2
219749,2
219752,2
219753,2
219754,2
219755,2
219757,2
219763,2
219764,4
219765,4
219766,4
219767,2
219769,2
219770,2
219772,2
219773,2
219778,4
219779,3
219780,2
219781,2
219782,2
219784,3
219787,1
219789,2
219790,2
219791,2
219793,2
219794,2
219796,2
219801,2
219803,2
219804,2
219805,2
219806,2
219810,3
219811,2
219812,3
219815,2
219817,2
219819,2
219820,2
219821,2
219824,2
219825,2
219828,2
219829,2
219833,2
219834,2
219835,2
219837,2
219838,2
219840,2
219841,2
219842,2
219844,2
219845,2
219846,2
219852,3
219853,3
219856,3
219858,2
219860,2
219862,2
219863,2
219864,2
219871,1
219872,3
219873,2
219874,3
219876,2
219878,3
219880,3
219882,4
219883,2
219884,3
219885,2
219888,2
219890,2
219892,0
219894,1
219896,0
219897,0
219899,2
219900,2
219902,2
219905,2
219908,2
219910,2
219911,2
219912,1
219914,2
219915,2
219916,2
219917,2
219918,2
219920,1
219921,1
219923,2
219926,2
219927,2
219928,2
219933,3
219935,3
219938,2
219940,2
219942,2
219944,2
219948,2
219951,2
219953,2
219955,2
219956,4
219957,2
219958,3
219959,3
219962,2
219964,2
219965,2
219967,2
219969,2
219970,4
219972,2
219973,2
219974,2
219975,4
219976,3
219978,3
219980,2
219981,2
219983,3
219985,3
219988,3
219989,2
219992,2
219993,2
219994,2
219995,2
219997,2
219999,2
220000,2
220002,2
220005,2
220007,2
220009,2
220010,2
220012,2
220013,2
220014,2
220016,2
220019,2
220020,2
220022,2
220024,2
220025,2
220027,2
220031,2
220036,1
220037,1
220040,2
220041,2
220045,2
220046,0
220049,2
220050,2
220051,1
220052,1
220053,2
220055,2
220056,2
220057,2
220059,2
220060,2
220061,2
220062,2
220064,2
220065,2
220066,2
220067,2
220068,2
220072,3
220073,2
220074,2
220075,3
220078,3
220080,2
220082,2
220083,3
220085,3
220086,1
220087,1
220089,2
220090,2
220091,2
220093,2
220094,2
220096,2
220097,2
220100,1
220102,2
220105,3
220109,2
220112,2
220114,1
220115,1
220116,2
220117,1
220119,1
220121,1
220122,1
220123,1
220125,1
220129,3
220130,2
220131,3
220135,1
220136,2
220137,2
220138,2
220139,2
220140,2
220142,1
220144,2
220146,2
220147,1
220150,2
220152,1
220154,2
220158,3
220159,2
220160,2
220161,3
220163,3
220164,4
220165,2
220166,2
220167,3
220169,2
220171,2
220174,2
220175,2
220176,2
220179,2
220180,2
220181,2
220182,2
220185,1
220186,2
220187,2
220188,2
220191,3
220194,3
220196,2
220197,2
220198,2
220199,2
220201,2
220203,2
220204,2
220205,2
220206,3
220208,2
220211,3
220212,2
220213,2
220214,3
220216,2
220218,2
220219,2
220222,2
220223,2
220225,2
220226,2
220229,2
220231,2
220232,2
220233,2
220236,2
220239,3
220240,2
220242,3
220245,2
220246,2
220247,2
220249,2
220250,2
220251,2
220252,2
220254,2
220256,2
220257,2
220258,2
220259,3
220261,3
220264,2
220265,3
220266,3
220268,3
220271,3
220273,3
220274,3
220275,3
220276,3
220277,2
220279,2
220282,2
220284,2
220286,3
220287,2
220289,3
220290,2
220292,2
220294,2
220297,2
220299,2
220306,2
220309,2
220313,2
220314,3
220316,3
220318,3
220321,2
220322,2
220324,2
220325,2
220326,2
220327,2
220330,3
220332,2
220340,3
220341,3
220343,1
220347,1
220348,2
220349,2
220350,2
220351,1
220353,2
220354,2
220355,2
220357,2
220358,2
220359,2
220360,1
220363,1
220364,1
220365,1
220367,1
220368,1
220369,2
220371,2
220372,2
220373,1
220375,1
220379,3
220381,2
220382,3
220384,2
220386,2
220387,3
220389,3
220391,4
220392,2
220393,2
220396,4
220399,3
220401,3
220403,3
220405,3
220407,2
220410,2
220411,2
220415,3
220417,3
220418,3
220420,3
220421,3
220423,3
220424,3
220427,3
220428,3
220432,2
220433,1
220436,0
220437,2
220441,2
220444,2
220445,2
220446,2
220448,2
220451,2
220452,2
220453,2
220454,2
220456,2
220459,2
220460,2
220461,2
220462,2
220464,2
220465,2
220470,2
220471,2
220473,2
220478,3
220481,3
220483,3
220484,3
220486,4
220489,2
220490,3
220493,1
220494,2
220495,2
220496,2
220499,2
220501,2
220503,2
220507,2
220510,2
220511,2
220512,2
220516,2
220518,1
220520,2
220524,2
220526,2
220529,3
220531,2
220532,3
220535,2
220536,3
220538,3
220539,3
220543,2
220545,2
220547,2
220549,2
220550,2
220551,2
220552,2
220553,2
220556,2
220559,3
220560,3
220562,2
220565,2
220570,2
220571,2
220572,4
220574,2
220575,2
220576,2
220578,2
220579,1
220581,2
220583,2
220586,1
220588,2
220590,2
220591,2
220592,1
220593,2
220594,2
220595,2
220596,2
220597,2
220598,2
220600,2
220603,2
220605,2
220607,2
220609,2
220613,2
220615,2
220616,2
220618,2
220620,2
220621,2
220623,2
220625,2
220627,2
220628,2
220629,2
220631,2
220634,2
220635,2
220638,2
220640,2
220641,2
220643,2
220647,2
220650,2
220653,3
220655,3
220658,2
220661,3
220664,3
220665,3
220667,3
220668,3
220670,3
220673,3
220674,2
220675,3
220677,3
220679,3
220682,3
220684,2
220686,1
220687,1
220690,1
220691,1
220692,1
220694,2
220695,1
220698,4
220700,2
220701,1
220703,1
220706,1
220708,1
220713,1
220714,1
220715,2
220716,2
220718,3
220720,3
220722,2
220724,4
220726,3
220730,2
220732,2
220734,2
220735,2
220736,2
220737,2
220739,2
220740,2
220741,2
220746,1
220748,3
220750,3
220753,1
220754,2
220755,2
220756,1
220758,2
220759,2
220760,1
220762,1
220763,1
220764,1
220766,2
220768,2
220769,1
220770,1
220771,3
220772,3
220775,3
220778,3
220782,3
220785,3
220787,3
220789,4
220790,4
220791,4
220792,3
220796,3
220797,2
220798,4
220799,2
220801,2
220807,1
220809,1
220812,2
220816,1
220817,2
220818,1
220821,2
220822,2
220824,2
220826,2
220828,2
220831,2
220832,2
220834,2
220836,2
220837,2
220838,2
220840,2
220841,2
220843,2
220844,2
220846,2
220847,2
220849,2
220850,2
220852,4
220854,4
220857,2
220858,4
220859,4
220861,2
220863,4
220865,2
220866,2
220868,2
220869,4
220870,2
220872,2
220873,2
220874,2
220875,2
220876,2
220879,2
220881,3
220882,3
220883,2
220885,2
220886,2
220891,0
220892,2
220893,0
220894,0
220897,0
220898,2
220901,2
220902,2
220903,1
220905,2
220906,2
220908,2
220909,2
220910,2
220912,2
220913,2
220914,3
220915,3
220917,3
220918,3
220919,3
220920,2
220921,2
220922,2
220923,2
220924,2
220925,2
220926,2
220929,2
220930,2
220931,2
220933,2
220936,2
220938,2
220939,2
220942,2
220945,0
220946,2
220947,2
220948,2
220949,2
220950,2
220952,2
220953,2
220954,2
220955,2
220956,3
220958,3
220960,3
220962,3
220965,3
220966,2
220967,2
220968,2
220970,1
220971,2
220972,2
220974,2
220975,2
220977,2
220979,2
220981,2
220982,2
220983,2
220984,2
220985,2
220988,1
220990,1
220991,1
220994,2
220995,2
220996,2
220997,2
220999,2
221000,2
221002,2
221003,2
221004,2
221006,2
221007,2
221009,2
221010,2
221013,2
221014,2
221016,2
221017,2
221019,2
221021,2
221023,3
221025,2
221027,2
221029,2
221030,2
221032,2
221034,2
221036,2
221037,2
221039,2
221040,2
221041,2
221043,2
221046,2
221047,3
221048,3
221051,2
221052,2
221055,3
221057,2
221058,2
221060,2
221063,2
221064,2
221065,2
221067,2
221070,3
221072,2
221073,1
221075,1
221078,2
221079,2
221080,2
221081,2
221082,1
221083,2
221086,1
221087,2
221090,2
221091,2
221096,3
221097,4
221099,4
221101,2
221103,2
221105,2
221107,3
221108,2
221109,3
221111,2
221112,2
221113,2
221114,2
221115,2
221116,2
221117,2
221118,2
221119,2
221122,2
221123,2
221124,3
221127,2
221130,2
221132,1
221133,1
221134,1
221135,1
221138,2
221142,2
221143,2
221147,2
221150,2
221151,2
221152,2
221153,2
221154,2
221155,2
221156,2
221157,3
221158,2
221159,2
221160,3
221166,1
221167,1
221168,1
221169,1
221171,2
221172,2
221174,2
221175,2
221176,2
221180,3
221181,2
221183,2
221186,2
221187,3
221188,3
221190,3
221192,2
221193,2
221195,2
221197,2
221199,2
221200,2
221202,2
221205,0
221207,0
221208,2
221209,2
221210,0
221212,2
221213,2
221215,2
221217,2
221218,2
221220,2
221222,2
221225,2
221226,2
221228,2
221229,2
221230,2
221231,2
221232,3
221233,2
221234,2
221235,2
221236,2
221238,2
221239,3
221241,3
221243,2
221245,2
221246,2
221247,3
221250,3
221252,3
221253,1
221254,2
221255,1
221258,2
221259,1
221261,2
221263,2
221265,2
221267,2
221268,2
221272,2
221275,2
221276,2
221278,2
221279,2
221281,3
221282,3
221283,3
221285,3
221287,3
221288,2
221289,4
221290,3
221294,3
221295,3
221297,3
221300,2
221302,2
221303,2
221304,2
221305,2
221307,2
221310,2
221311,2
221312,1
221314,3
221316,1
221317,1
221318,1
221319,1
221320,3
221322,3
221325,3
221327,3
221328,2
221332,2
221336,2
221338,2
221339,1
221341,0
221342,0
221343,3
221345,0
221346,1
221348,2
221349,3
221350,3
221351,2
221352,2
221354,2
221356,2
221357,2
221360,2
221361,2
221362,2
221365,2
221366,2
221367,2
221368,2
221370,2
221371,2
221374,3
221376,2
221379,2
221380,3
221383,2
221384,3
221389,3
221391,3
221394,3
221395,3
221397,3
221401,2
221402,2
221405,2
221407,2
221408,2
221410,3
221411,3
221415,3
221416,4
221418,3
221420,3
221421,3
221422,2
221425,2
221426,2
221427,3
221429,3
221431,3
221434,3
221436,2
221437,2
221439,2
221440,2
221441,3
221443,2
221446,2
221447,2
221448,2
221451,2
221452,3
221454,3
221455,4
221456,4
221458,3
221460,3
221462,3
221464,2
221467,1
221468,2
221469,2
221470,2
221471,1
221475,1
221477,1
221479,2
221480,2
221482,2
221488,3
221489,3
221492,3
221494,3
221495,3
221496,2
221498,2
221500,2
221501,2
221503,2
221504,2
221505,2
221508,2
221509,2
221510,1
221511,2
221512,2
221515,2
221517,2
221521,1
221523,1
221525,1
221526,1
221527,1
221528,2
221531,2
221533,1
221535,2
221537,2
221539,2
221540,2
221541,2
221543,2
221544,2
221545,2
221547,2
221548,2
221550,2
221553,2
221555,2
221556,2
221557,2
221558,2
221560,2
221561,2
221562,2
221563,2
221567,2
221568,2
221569,2
221571,3
221572,3
221576,2
221577,0
221579,2
221580,0
221582,2
221583,2
221584,2
221586,2
221587,0
221590,0
221591,2
221592,0
221594,3
221596,1
221597,2
221599,1
221601,3
221603,2
221604,2
221605,3
221608,3
221612,2
221613,2
221619,2
221620,2
221622,2
221623,2
221624,2
221626,2
221629,2
221631,1
221632,1
221634,1
221636,1
221637,2
221640,2
221642,1
221644,2
221645,2
221646,2
221647,2
221648,2
221649,1
221650,1
221652,2
221654,1
221656,1
221657,3
221658,3
221659,3
221663,1
221668,1
221669,1
221670,1
221672,1
221675,0
221676,0
221678,0
221680,0
221681,0
221682,2
221688,1
221695,2
221699,2
221701,4
221703,4
221704,4
221706,4
221707,3
221710,2
221711,2
221713,2
221716,3
221717,3
221720,3
221722,3
221724,2
221725,2
221727,2
221731,2
221732,2
221733,2
221734,2
221736,2
221742,2
221745,3
221747,3
221749,2
221752,2
221753,2
221754,1
221755,2
221756,2
221757,1
221761,1
221763,2
221764,2
221765,2
221766,2
221769,2
221770,2
221771,2
221772,2
221773,2
221776,2
221777,2
221782,2
221786,2
221788,2
221790,2
221791,2
221792,2
221793,2
221795,2
221796,2
221800,2
221801,1
221804,2
221805,2
221808,2
221809,2
221811,2
221813,2
221814,2
221816,2
221818,2
221820,2
221821,2
221822,2
221823,2
221825,2
221826,1
221827,1
221828,1
221830,1
221831,2
221836,2
221837,2
221840,2
221842,2
221844,2
221846,2
221847,2
221848,1
221849,1
221853,2
221854,1
221857,1
221858,4
221859,3
221860,2
221863,2
221866,4
221870,2
221872,2
221873,3
221874,3
221875,3
221877,3
221881,3
221882,3
221883,2
221888,2
221889,2
221892,2
221893,2
221894,2
221895,2
221902,2
221903,1
221905,3
221906,2
221907,3
221909,3
221910,3
221911,3
221913,2
221915,3
221917,3
221919,2
221920,2
221921,2
221923,2
221925,2
221926,2
221928,2
221929,2
221931,2
221934,2
221935,2
221936,2
221937,3
221938,2
221939,3
221942,3
221946,3
221947,3
221950,3
221951,2
221954,2
221955,2
221957,2
221959,2
221961,1
221962,2
221963,1
221964,2
221965,2
221967,2
221968,2
221969,2
221973,1
221974,2
221975,2
221976,2
221977,2
221979,2
221981,2
221982,2
221983,2
221984,2
221985,2
221987,2
221990,2
221991,2
221992,2
221993,2
221994,2
221995,2
221996,1
222000,2
222002,1
222004,2
222005,2
222008,3
222009,3
222011,3
222012,2
222013,2
222015,2
222016,2
222017,3
222018,3
222019,3
222020,2
222022,2
222023,2
222027,2
222030,2
222032,2
222033,2
222035,2
222037,2
222040,3
222041,3
222044,2
222046,3
222048,3
222049,3
222051,2
222054,2
222055,2
222057,2
222059,2
222061,2
222065,3
222067,3
222068,2
222069,3
222070,2
222071,2
222072,2
222074,2
222075,2
222077,2
222078,2
222079,3
222081,2
222082,3
222084,3
222087,2
222088,2
222090,2
222092,2
222094,2
222095,3
222096,3
222098,3
222099,2
222101,2
222103,2
222105,3
222107,2
222109,2
222111,3
222113,3
222115,2
222118,2
222119,2
222120,2
222121,2
222122,2
222125,2
222128,2
222129,2
222130,2
222133,2
222134,2
222135,2
222136,3
222137,3
222138,2
222139,2
222141,2
222143,3
222144,3
222145,2
222146,2
222150,2
222152,2
222155,2
222156,2
222157,2
222158,2
222160,2
222161,3
222162,3
222164,2
222165,2
222166,2
222170,1
222171,2
222172,2
222174,3
222177,1
222178,3
222179,3
222181,2
222182,2
222184,2
222185,2
222186,2
222189,3
222191,2
222193,2
222194,2
222196,2
222201,2
222203,2
222205,2
222206,2
222207,3
222208,3
222210,3
222214,3
222215,3
222218,1
222219,0
222220,0
222221,2
222225,2
222226,2
222228,1
222230,2
222231,2
222234,2
222235,2
222236,2
222239,1
222240,1
222243,3
222245,3
222246,2
222247,2
222248,2
222250,2
222252,2
222254,3
222255,3
222258,3
222260,3
222261,2
222262,3
222264,3
222267,3
222268,2
222270,2
222272,2
222274,2
222275,2
222280,2
222281,1
222282,1
222283,1
222284,3
222285,1
222286,3
222287,1
222289,1
222292,1
222294,2
222297,1
222298,2
222300,0
222301,0
222303,0
222304,1
222307,1
222311,2
222313,2
222314,4
222315,3
222316,3
222317,2
222319,2
222321,2
222322,2
222323,2
222324,2
222325,2
222326,3
222327,3
222329,2
222331,2
222332,2
222335,2
222339,2
222340,2
222341,2
222342,2
222346,2
222348,1
222352,2
